"trans_date","price_usd","code_size","sent_by_address","transactions","mining_profitability","sent_in_usd","transaction_fees","median_transaction_fee","confirmation_time","market_cap","transaction_value","median_transaction_value","tweets","google_trends","fee_to_reward","active_addresses","top_100_cap"
"2014-04-09","447.110",243742,122401,64992,"38.6780","239212041","0.1390","0.04470","8.944","5587996110",4115,"100.4200",8193,"11.193","0.502",179274,"19.211"
"2014-04-10","407.703",254334,124298,67872,"31.9170","310367120","0.0864","0.04080","9.290","5020359905",4876,"120.9460",15039,"13.854","0.371",182996,"19.166"
"2014-04-11","403.328",223656,117926,65563,"36.8140","292756343","0.0858","0.04030","8.521","5068919648",4819,"108.4810",14907,"12.997","0.330",169622,"19.141"
"2014-04-12","425.310",169964,87828,47579,"34.4980","157264741","0.0811","0.04250","8.944","5329088351",3574,"84.4080",7582,"9.229","0.226",132283,"19.145"
"2014-04-13","415.876",162260,94828,50981,"34.1410","154756367","0.0840","0.04160","7.701","5150414718",3332,"69.6810",10674,"10.385","0.221",172708,"19.131"
"2014-04-14","445.898",216048,127969,70026,"37.9730","253143718","0.0977","0.04460","7.461","5628122040",3990,"115.2490",13266,"10.754","0.318",183291,"19.146"
"2014-04-15","487.666",241539,123107,72627,"38.6500","293892234","0.1110","0.04880","7.912","6170470953",4479,"123.0890",14835,"11.053","0.362",199054,"19.124"
"2014-04-16","517.354",270984,114312,68435,"40.2010","389249585","0.1080","0.05170","9.057","6496569317",6046,"129.7990",15790,"12.189","0.359",185075,"19.146"
"2014-04-17","505.461",223631,102596,65021,"40.7060","385378002","0.1170","0.05050","8.521","6281237538",6384,"102.4160",15215,"11.471","0.355",157751,"19.092"
"2014-04-18","485.296",205478,100633,56836,"35.8180","360602878","0.1040","0.04850","9.000","5972292967",6461,"107.7130",14028,"9.946","0.304",149452,"19.054"
"2014-04-19","490.961",193237,93159,53356,"34.4350","208459964","0.1160","0.04910","9.057","6132827987",4168,"84.7630",12337,"9.389","0.317",141149,"19.054"
"2014-04-20","501.271",169511,88713,48865,"38.5600","196288922","0.1110","0.05010","8.090","6234226740",4180,"87.8910",12139,"8.511","0.244",164288,"19.046"
"2014-04-21","498.970",190616,93895,57939,"34.3160","340647125","0.1070","0.04990","8.421","6201738943",6198,"83.9430",14244,"9.159","0.292",142367,"19.040"
"2014-04-22","491.704",288040,125522,77888,"33.6100","412597054","0.0966","0.04920","9.351","6097607345",5470,"88.0930",16098,"9.319","0.396",183641,"18.996"
"2014-04-23","486.543",241953,103825,73789,"34.8970","301525635","0.0960","0.04870","8.727","6041607759",4459,"63.8000",16232,"10.176","0.353",156727,"19.186"
"2014-04-24","487.399",279755,103639,72543,"32.9110","187824879","0.1000","0.04870","9.536","6091264792",2944,"83.9310",15471,"9.967","0.395",168337,"19.216"
"2014-04-25","464.777",226597,116925,72468,"38.6550","238365713","0.0875","0.04650","7.912","5753179561",3466,"73.0700",15255,"9.458","0.300",181970,"19.187"
"2014-04-26","456.496",179961,87285,52012,"30.4090","139566626","0.0802","0.04560","8.834","5654966188",2902,"77.4770",12283,"8.142","0.224",135298,"19.179"
"2014-04-27","450.932",180924,85171,52452,"34.5480","121603221","0.1010","0.04510","8.136","5569104074",2526,"65.8250",11667,"8.601","0.266",171950,"19.182"
"2014-04-28","435.888",238892,111451,64394,"28.3930","224460196","0.0866","0.04360","9.474","5399609103",3827,"88.3690",15969,"9.319","0.336",167559,"19.215"
"2014-04-29","443.354",227145,110736,64886,"34.4590","222912073","0.0862","0.04430","8.421","5520546811",3811,"80.9820",16706,"8.581","0.295",169787,"19.135"
"2014-04-30","444.261",270251,109507,63501,"23.9490","186710324","0.0906","0.04440","10.511","5554456253",3343,"96.0600",17588,"9.688","0.378",166103,"19.131"
"2014-05-01","453.541",191897,101423,59482,"33.4770","182138012","0.0827","0.04540","8.182","5668431501",3336,"81.5190",16988,"9.341","0.247",154675,"19.153"
"2014-05-02","448.574",211466,92605,59820,"26.1930","276721842","0.0891","0.04490","8.944","5541344199",4774,"71.9220",20057,"7.947","0.295",143742,"19.088"
"2014-05-03","439.480",203445,70902,54015,"25.9630","227139061","0.0837","0.04390","10.141","5445149743",4454,"59.1350",12910,"7.389","0.290",117096,"19.086"
"2014-05-04","434.535",201481,73760,51618,"27.7690","171345329","0.0832","0.04350","9.536","5447944581",3529,"61.0510",12716,"7.250","0.262",156696,"19.094"
"2014-05-05","431.727",298957,96210,67638,"25.1480","252136525","0.0864","0.04320","11.520","5415153789",4084,"72.6590",21273,"9.202","0.432",148135,"19.107"
"2014-05-06","427.341",219138,110414,77034,"32.2030","273604903","0.0832","0.04270","7.423","5355521272",3738,"74.4240",16806,"8.644","0.309",168404,"19.113"
"2014-05-07","435.189",244147,109160,69666,"24.3620","334885800","0.0846","0.04350","9.057","5429290416",5144,"82.0790",16970,"8.226","0.340",161847,"19.103"
"2014-05-08","440.750",231193,111716,68770,"28.8060","564322575","0.0871","0.04410","8.623","5498894595",8450,"73.4860",21518,"8.086","0.325",166794,"19.141"
"2014-05-09","443.871",217006,105816,66123,"28.3920","538973426","0.1050","0.04440","8.471","5562247779",8264,"78.1030",17442,"9.202","0.366",163287,"19.130"
"2014-05-10","449.566",170673,88498,56237,"29.3040","283084053","0.0807","0.04500","8.045","5631944358",5322,"61.7650",14225,"6.971","0.226",135616,"19.134"
"2014-05-11","442.545",217898,81152,52438,"24.4820","185495914","0.0819","0.04430","9.474","5549660308",3707,"55.0390",13469,"7.111","0.255",165515,"19.136"
"2014-05-12","438.129",256510,98608,74254,"28.1530","221368625","0.0822","0.04380","8.780","5524900102",3210,"71.0540",15910,"7.250","0.339",154800,"19.125"
"2014-05-13","437.341",231737,95943,69195,"24.2700","278255482","0.0782","0.04370","8.889","5524890468",4227,"76.0290",16935,"8.365","0.305",149516,"19.115"
"2014-05-14","441.538",263230,106493,69658,"24.3580","290728808","0.0766","0.04420","9.600","5560925919",4541,"74.1310",18167,"8.086","0.322",160924,"19.122"
"2014-05-15","445.787",247251,119331,74722,"26.2160","327736411","0.0764","0.04460","8.421","5603299704",4846,"63.1650",32817,"7.668","0.299",177032,"19.138"
"2014-05-16","444.766",209941,93719,65181,"26.2350","270222734","0.0793","0.04450","8.000","5603688273",4357,"79.0020",14474,"8.784","0.257",155531,"19.151"
"2014-05-17","446.281",188935,84987,53338,"24.3130","203239320","0.0779","0.04460","8.324","5611649892",3989,"69.1960",14587,"7.529","0.215",148446,"19.147"
"2014-05-18","445.298",185382,90629,49740,"26.4720","110697064","0.0780","0.04450","8.372","5618682983",2386,"67.8760",12892,"7.250","0.203",177716,"19.152"
"2014-05-19","445.022",240557,107520,63926,"25.0010","217637354","0.0794","0.04450","8.571","5617575263",3620,"92.4270",13595,"7.529","0.272",185595,"19.151"
"2014-05-20","465.278",248862,127179,71343,"25.7520","670978102","0.0873","0.04650","8.136","5813232062",9538,"109.5020",21515,"8.784","0.302",191122,"19.144"
"2014-05-21","492.310",236716,101327,68730,"28.4750","327214160","0.0917","0.04920","8.229","6166368202",5053,"113.5130",20254,"9.202","0.292",157967,"19.145"
"2014-05-22","509.156",244693,108351,73171,"28.5510","364062841","0.0888","0.05090","8.372","6421140426",5282,"108.9720",20217,"9.760","0.297",163160,"19.152"
"2014-05-23","529.149",250943,120105,72645,"30.0660","611921602","0.0927","0.05290","8.727","6680473203",8939,"123.2060",19485,"9.062","0.308",176498,"19.131"
"2014-05-24","519.347",192842,77546,52718,"25.5540","458552496","0.1110","0.05190","9.351","6543569667",8843,"97.0660",13630,"7.947","0.292",125130,"19.800"
"2014-05-25","559.931",219267,104604,57405,"28.3460","445383086","0.0989","0.05600","8.944","7084860352",8072,"108.3890",13823,"8.784","0.252",187442,"19.795"
"2014-05-26","580.277",249788,112414,66849,"27.2000","401667670","0.1090","0.05800","9.114","7356834793",6623,"120.3830",14792,"10.457","0.318",171102,"19.791"
"2014-05-27","573.388",296678,119964,68388,"26.0660","516965797","0.1020","0.05730","10.588","7222278419",7821,"125.1480",19718,"9.202","0.357",179207,"19.804"
"2014-05-28","571.987",248998,128153,72169,"29.0600","458152717","0.1110","0.05720","8.521","7175608482",6714,"111.9660",18545,"10.038","0.330",184385,"19.809"
"2014-05-29","566.816",271715,116153,65221,"26.2070","349238998","0.1040","0.05670","10.213","7092467213",5568,"113.4500",17571,"10.038","0.339",171882,"19.805"
"2014-05-30","593.201",220048,99346,64960,"30.6480","510441876","0.1060","0.05930","8.623","7571036610",8528,"145.1380",21731,"10.038","0.278",152485,"19.781"
"2014-05-31","619.564",208313,93606,52025,"29.2240","340953989","0.1150","0.06200","9.796","7750292674",6790,"121.2590",12882,"9.062","0.263",146654,"19.793"
"2014-06-01","644.487",204952,106428,55047,"31.6990","439007113","0.1260","0.06440","8.229","8184660837",8779,"152.5320",12849,"9.899","0.246",191335,"19.800"
"2014-06-02","635.862",199545,117230,64241,"33.2910","573105571","0.1160","0.06360","7.461","8056253664",9261,"148.1370",16427,"8.923","0.243",175446,"19.793"
"2014-06-03","664.422",234740,128819,69517,"29.9740","541023449","0.1280","0.06640","8.090","8353562239",8592,"162.6450",17858,"10.875","0.302",187559,"19.817"
"2014-06-04","641.523",204349,118209,64873,"30.2810","622641740","0.1190","0.06420","7.956","8092675952",10006,"156.1240",18010,"9.202","0.265",171584,"19.860"
"2014-06-05","651.272",262875,123053,66793,"29.7660","581054357","0.1200","0.06510","9.474","8266192895",9193,"135.9180",18707,"9.202","0.325",183963,"19.884"
"2014-06-06","654.137",273169,112364,62203,"26.3260","656396474","0.1140","0.06540","10.360","8256972650",10808,"131.7560",16611,"8.365","0.311",174467,"19.809"
"2014-06-07","650.778",184348,93051,51055,"29.4240","366184804","0.1120","0.06510","9.290","8215294911",7620,"127.7870",12557,"7.668","0.227",140463,"19.826"
"2014-06-08","652.884",228288,93339,48172,"25.3590","475976576","0.1200","0.06530","10.588","8302764076",10689,"129.1740",12134,"7.529","0.260",173642,"19.816"
"2014-06-09","648.195",232540,107538,59719,"30.3090","221932216","0.1200","0.06480","9.231","8208869166",4211,"141.8460",14497,"6.553","0.284",166417,"19.819"
"2014-06-10","650.767",238968,112175,63149,"27.8350","355433980","0.1200","0.06510","8.623","8278471589",6137,"134.3280",16631,"8.923","0.279",179181,"19.850"
"2014-06-11","642.504",251694,114698,62681,"26.9930","309744964","0.1160","0.06430","9.863","8183142189",5380,"149.9040",19356,"9.202","0.309",174873,"19.894"
"2014-06-12","621.319",230336,114589,64572,"28.2940","663451284","0.1240","0.06210","8.372","7804105501",10578,"148.2260",19092,"10.038","0.301",175498,"19.902"
"2014-06-13","595.946",230976,112289,64576,"25.0930","409408533","0.1070","0.05960","8.834","7661145579",6852,"116.1310",19128,"10.875","0.283",173970,"19.905"
"2014-06-14","575.029",175457,96697,53418,"25.2110","244645116","0.0978","0.05750","8.090","7321284575",4922,"94.2360",16078,"9.062","0.205",149791,"19.936"
"2014-06-15","565.303",171720,90352,53726,"24.7820","228544863","0.1000","0.05650","7.579","7311213381",4672,"74.6130",15810,"8.923","0.201",176671,"19.929"
"2014-06-16","596.048",216368,118081,68074,"25.4260","411294020","0.1050","0.05960","7.660","7645624950",6489,"98.5760",18430,"9.341","0.255",177999,"19.919"
"2014-06-17","596.985",214537,124137,69893,"25.1140","257395564","0.1030","0.05970","7.826","7651189412",4137,"115.8700",18560,"9.760","0.261",185466,"19.911"
"2014-06-18","607.673",234775,113108,63730,"21.0070","299018531","0.1230","0.06080","9.114","7767224115",5157,"115.0750",15957,"9.202","0.327",168289,"19.932"
"2014-06-19","603.129",226283,101448,62287,"23.9570","405423244","0.1130","0.06030","8.623","7688432067",6883,"102.7920",17605,"8.784","0.281",159085,"19.944"
"2014-06-20","590.957",178353,103836,57195,"23.4220","305212563","0.1110","0.05910","7.742","7559079460",5720,"113.7630",17459,"7.808","0.231",155552,"19.958"
"2014-06-21","589.485",168056,99168,50987,"21.8690","249324414","0.1060","0.05890","7.742","7566048298",5256,"99.5570",15113,"6.971","0.198",154028,"19.967"
"2014-06-22","598.900",176799,98486,49924,"20.2440","297499507","0.1080","0.05990","8.000","7655987729",6217,"89.7450",13838,"7.668","0.201",184268,"19.962"
"2014-06-23","589.476",204279,104474,60040,"23.3870","319774134","0.1110","0.05890","8.182","7557126005",6069,"130.8300",16325,"6.832","0.257",163666,"19.809"
"2014-06-24","585.681",201971,116761,64695,"22.0660","471487883","0.1000","0.05860","7.660","7507018761",7880,"119.7930",17005,"7.111","0.236",176003,"19.473"
"2014-06-25","568.912",203486,119094,64210,"21.0080","252642484","0.1100","0.05690","7.701","7288217382",4378,"102.1380",17683,"6.692","0.264",175682,"19.477"
"2014-06-26","569.836",205682,108058,61261,"20.7020","260783003","0.0943","0.05700","8.421","7321198255",4704,"104.4530",17534,"6.832","0.237",159489,"19.472"
"2014-06-27","583.871",183965,114481,62769,"23.4390","253524192","0.0995","0.05840","7.310","7551444926",4489,"111.7340",17587,"8.505","0.218",168127,"19.461"
"2014-06-28","596.820",178257,92420,54210,"21.8870","174924667","0.1020","0.05970","7.912","7697021749",3669,"88.2170",15236,"6.971","0.204",143868,"19.455"
"2014-06-29","594.664",196774,88581,48937,"16.8340","171090642","0.1060","0.05950","9.172","7655190313",4216,"79.4180",15482,"7.389","0.222",173904,"19.437"
"2014-06-30","620.059",325668,120898,70099,"17.9500","387079075","0.1050","0.06200","10.909","8040164238",6049,"124.5470",19860,"8.784","0.360",183017,"19.455"
"2014-07-01","649.274",329320,125213,69310,"19.3420","533238301","0.1230","0.06490","10.827","8358852783",8276,"141.0700",20443,"8.806","0.394",186664,"19.566"
"2014-07-02","645.747",291599,120999,66591,"19.2380","556266765","0.1240","0.06460","10.511","8262682981",9190,"131.7760",21375,"9.429","0.372",182312,"19.564"
"2014-07-03","643.645",267185,105704,62710,"19.4540","354138239","0.1130","0.06440","10.360","8245986998",6102,"126.5000",22046,"8.425","0.316",161601,"19.454"
"2014-07-04","636.579",197691,88235,59328,"20.8910","203549544","0.1090","0.06370","8.675","8161073446",4164,"94.3640",22659,"7.513","0.244",145311,"19.463"
"2014-07-05","629.756",184061,79198,49802,"17.5970","237669064","0.1050","0.06300","9.474","8108603845",5250,"67.3580",16997,"6.560","0.218",128986,"19.464"
"2014-07-06","632.787",232405,96438,51997,"18.4390","200120948","0.1120","0.06330","10.141","8170372187",4607,"67.0910",17331,"7.532","0.260",184278,"19.465"
"2014-07-07","626.639",254198,117302,64536,"19.3590","259716987","0.1090","0.06270","9.600","8064056734",4643,"93.7040",22248,"8.615","0.299",186344,"19.325"
"2014-07-08","621.123",285312,136433,69967,"18.4240","200330013","0.1090","0.06210","9.600","7986738494",3248,"87.1780",24425,"8.016","0.327",214423,"19.308"
"2014-07-09","621.434",256506,122923,68352,"19.1940","251215935","0.1060","0.06210","8.675","7993874483",4173,"89.8880",24542,"7.314","0.282",184913,"19.289"
"2014-07-10","616.557",253741,119374,64456,"17.9670","278516190","0.1070","0.06170","9.664","7930718558",4869,"109.8570",23242,"8.067","0.300",171317,"19.286"
"2014-07-11","622.121",233392,115912,58921,"18.3870","228203200","0.1150","0.06220","9.231","8012367537",4395,"129.4590",20939,"7.746","0.279",170691,"19.281"
"2014-07-12","632.056",193821,91987,53297,"18.9180","252096498","0.1030","0.06320","9.172","8103001739",5446,"89.9060",16719,"6.993","0.222",154169,"19.297"
"2014-07-13","629.664",212804,101590,52257,"18.6150","262633432","0.1140","0.06300","9.000","8098103514",5706,"78.3530",16133,"6.672","0.236",188603,"19.304"
"2014-07-14","621.800",262953,107571,62626,"16.6740","275120072","0.1170","0.06220","10.667","8014482811",4974,"111.2850",20287,"7.211","0.348",162735,"19.339"
"2014-07-15","621.061",258579,123272,72157,"20.2090","319590754","0.1080","0.06210","9.057","8023392825",4846,"96.4030",25031,"7.802","0.315",157881,"19.335"
"2014-07-16","617.300",259410,113256,65427,"15.7820","309234939","0.1190","0.06170","10.000","7974397872",6137,"106.3090",21984,"8.657","0.350",147202,"19.345"
"2014-07-17","617.851",226163,117018,66061,"19.6570","247359876","0.1100","0.06180","8.372","7987614597",4311,"99.5300",23305,"8.815","0.274",155909,"19.314"
"2014-07-18","622.126",224432,111834,63890,"18.6390","269970996","0.1160","0.06220","8.372","8021285813",4995,"106.2930",25897,"8.206","0.278",151018,"19.294"
"2014-07-19","626.392",191313,101155,59376,"18.4060","147423502","0.1090","0.06260","8.136","8058813353",3165,"61.8230",20261,"8.513","0.234",132575,"19.293"
"2014-07-20","622.210",213956,102305,51846,"16.3540","147934807","0.1080","0.06220","9.290","8010826379",3328,"71.9890",16827,"8.174","0.232",168831,"19.286"
"2014-07-21","618.920",243755,103738,64035,"18.6860","223806455","0.1020","0.06190","9.290","8003924883",4367,"102.1510",18501,"8.095","0.273",145113,"19.195"
"2014-07-22","620.249",271469,112343,66716,"17.0670","187554565","0.1090","0.06200","10.141","8004611356",3512,"114.5340",18386,"8.337","0.330",140957,"19.237"
"2014-07-23","618.566",260534,119730,66737,"18.3220","202811399","0.1020","0.06190","9.863","7991044504",3775,"126.1960",20612,"7.351","0.301",156202,"19.232"
"2014-07-24","607.944",269949,114346,66133,"16.6890","283724971","0.0983","0.06080","10.070","7764517069",4802,"131.4850",20448,"8.164","0.299",153222,"19.231"
"2014-07-25","600.002",230586,117259,61335,"18.4510","257921412","0.1010","0.06000","8.834","7754497838",4916,"122.8330",19971,"7.383","0.253",157477,"19.231"
"2014-07-26","594.585",228200,91653,56199,"14.7060","154507385","0.0925","0.05950","10.746","7680680949",3204,"77.8970",16000,"6.914","0.261",125239,"19.241"
"2014-07-27","596.029",218577,94585,51838,"16.1390","118170997","0.1020","0.05960","9.412","7667514741",2923,"73.9590",15621,"7.374","0.233",170031,"19.237"
"2014-07-28","585.359",254071,115282,64594,"16.7890","249396908","0.0938","0.05850","9.600","7480626000",4313,"114.4740",23384,"7.644","0.276",152329,"19.245"
"2014-07-29","584.376",241481,111476,61458,"15.4080","249856831","0.0988","0.05840","9.664","7528711155",4609,"115.2340",21797,"7.374","0.279",145269,"19.261"
"2014-07-30","574.994",230619,125376,65981,"16.4090","201331915","0.0961","0.05750","8.372","7406764745",3578,"122.6780",22092,"7.946","0.257",158476,"19.253"
"2014-07-31","574.929",265350,117134,69607,"14.6360","188869785","0.0930","0.05750","9.351","7484116377",3486,"103.6660",22160,"8.155","0.292",155541,"19.255"
"2014-08-01","591.067",243207,117308,67758,"16.1360","226223625","0.0932","0.05910","9.172","7676876665",4004,"115.6460",21585,"7.377","0.272",153126,"19.336"
"2014-08-02","590.420",190120,93466,54826,"16.0820","180926015","0.0912","0.05900","8.834","7623174554",4101,"95.4980",18531,"6.531","0.208",128052,"19.363"
"2014-08-03","583.320",198403,87016,53467,"14.6980","211536668","0.0933","0.05830","9.351","7572485883",4622,"74.9990",17187,"6.893","0.222",157223,"19.363"
"2014-08-04","585.950",301223,101779,67719,"14.4890","187199525","0.0960","0.05860","11.250","7614166088",3658,"110.7910",20609,"7.014","0.346",150211,"19.370"
"2014-08-05","582.376",323844,135559,72688,"15.8160","304578622","0.0970","0.05820","10.667","7572507339",4984,"120.4610",21073,"7.982","0.358",178598,"19.411"
"2014-08-06","581.009",287515,139628,80238,"17.5160","196107301","0.0953","0.05810","8.780","7572121052",3389,"95.3390",22471,"8.345","0.321",182014,"19.445"
"2014-08-07","583.850",249705,120499,69753,"15.4010","203990348","0.0919","0.05840","9.000","7642424598",3643,"101.7260",24516,"8.707","0.274",159935,"19.441"
"2014-08-08","590.585",252593,121727,68139,"15.2450","164874157","0.0968","0.05910","9.114","7724676022",2923,"99.0770",23126,"7.740","0.283",153588,"19.439"
"2014-08-09","586.527",191080,103002,60417,"16.1170","177737615","0.0904","0.05870","7.912","7647812042",3458,"75.3680",21820,"6.772","0.205",132163,"19.445"
"2014-08-10","588.101",206494,107462,57736,"14.7200","179284090","0.1000","0.05880","8.136","7667304717",3655,"79.4710",20814,"7.498","0.222",176919,"19.431"
"2014-08-11","583.969",247349,136097,75393,"15.3360","277635576","0.0949","0.05840","7.912","7569918739",4276,"93.6330",21388,"7.740","0.269",170210,"19.428"
"2014-08-12","568.256",256462,140881,76808,"13.5190","360690776","0.0927","0.05680","8.276","7438061890",5415,"101.9630",22551,"8.103","0.288",176283,"19.434"
"2014-08-13","551.058",316679,138846,75593,"12.5460","346029394","0.0905","0.05510","9.931","7125616366",5092,"105.3540",23725,"11.852","0.342",174074,"19.453"
"2014-08-14","518.990",259241,131278,78902,"15.0120","334586959","0.0802","0.05190","8.000","6736255059",4832,"120.6010",24887,"9.796","0.271",177173,"19.490"
"2014-08-15","506.064",258617,123034,73028,"12.5300","333584813","0.0834","0.05060","8.727","6571328608",5259,"91.2190",22725,"9.554","0.292",163559,"19.502"
"2014-08-16","501.845",310610,114912,67816,"12.0080","280278308","0.0966","0.05020","9.114","6553137181",4990,"66.7820",23487,"9.554","0.330",159823,"19.533"
"2014-08-17","504.405",212242,103318,60053,"13.4800","203831068","0.3130","0.05040","8.471","6498684781",4102,"93.7940",22608,"8.224","0.873",183744,"19.540"
"2014-08-18","476.384",210528,130078,72560,"13.4030","408176781","0.0772","0.04760","7.273","5956229229",6320,"116.9990",21867,"10.159","0.238",173736,"19.556"
"2014-08-19","476.972",221648,131600,74554,"10.8400","253429611","0.0819","0.04770","7.742","6068333664",3966,"118.4920",24106,"8.587","0.275",165627,"19.582"
"2014-08-20","491.137",242922,131550,73673,"10.4460","235838463","0.0798","0.04910","8.521","6395117358",3728,"124.1120",26924,"8.587","0.283",164109,"19.587"
"2014-08-21","521.423",251501,130843,72999,"10.7690","357459604","0.0817","0.05210","8.727","6765343167",5432,"124.9340",22176,"7.861","0.277",173399,"19.694"
"2014-08-22","513.078",247901,123720,66841,"10.2870","1586703563","0.0826","0.05130","9.172","6671434567",25524,"110.4730",21222,"7.982","0.274",161743,"19.662"
"2014-08-23","503.706",195444,100604,57431,"11.0420","286213593","0.0756","0.05040","8.889","6545931138",6073,"94.3380",17389,"7.982","0.213",135388,"19.700"
"2014-08-24","504.419",242072,110270,56549,"9.6970","164706657","0.0807","0.05040","9.863","6615035234",3660,"99.9560",16318,"7.982","0.248",190496,"19.691"
"2014-08-25","502.862",290449,122009,69757,"10.6220","428870339","0.1190","0.05030","10.511","6584344818",7035,"114.9460",19062,"7.377","0.479",158368,"19.711"
"2014-08-26","507.703",244584,131694,72487,"11.9400","843866241","0.0810","0.05080","8.324","6677782426",12550,"123.0230",19596,"7.498","0.267",169392,"19.739"
"2014-08-27","514.911",253728,124930,74412,"10.9650","707613540","0.0799","0.05150","8.521","6736393365",9859,"123.5670",19625,"7.498","0.273",168676,"19.746"
"2014-08-28","509.791",224426,120854,68455,"10.5450","335942164","0.0774","0.05100","8.324","6664713523",5418,"108.8800",22229,"7.377","0.240",170216,"19.843"
"2014-08-29","506.639",211590,110614,68444,"10.6340","276692995","0.0772","0.05070","8.471","6620983825",4325,"115.2110",19838,"7.135","0.245",144884,"19.850"
"2014-08-30","502.665",186250,101469,61032,"11.2340","232611687","0.0752","0.05030","7.912","6587252252",4962,"79.8490",18905,"7.377","0.201",150886,"19.946"
"2014-08-31","488.836",179521,102679,57567,"10.2520","210174636","0.0755","0.04890","7.660","6389445681",4343,"93.0170",17226,"7.740","0.189",177973,"19.938"
"2014-09-01","479.421",296280,117614,70247,"7.3750","277292641","0.0745","0.04790","10.588","6309096991",4833,"97.2310",18661,"9.070","0.321",169807,"19.890"
"2014-09-02","477.176",282380,123859,71762,"9.0130","219258267","0.0771","0.04770","9.796","6273470790",3921,"102.2160",22901,"7.982","0.315",163408,"19.901"
"2014-09-03","475.398",238464,117748,71699,"9.3380","180913544","0.0738","0.04750","8.521","6243903182",3284,"106.1990",22113,"8.103","0.263",153695,"19.906"
"2014-09-04","481.297",249831,124470,70652,"8.2690","169962850","0.0763","0.04810","9.114","6339356611",3043,"119.9100",24968,"8.345","0.283",153659,"19.910"
"2014-09-05","484.581",272683,119571,67893,"8.5310","174210934","0.0788","0.04850","9.931","6372338948",3483,"107.7090",22368,"8.345","0.304",162021,"19.891"
"2014-09-06","481.482",195600,101438,63190,"9.9790","119316084","0.0733","0.04810","8.045","6341451681",2412,"85.9630",21053,"7.377","0.215",138400,"19.891"
"2014-09-07","481.745",252307,114956,60197,"8.0870","127090588","0.1580","0.04820","9.290","6364266347",2946,"72.8710",17730,"7.498","0.509",219086,"19.885"
"2014-09-08","470.073",296688,127558,75622,"8.0360","197925912","0.0759","0.04700","10.000","6218462685",3173,"98.7500",22751,"8.103","0.339",170240,"19.884"
"2014-09-09","466.454",352470,140375,81666,"8.8670","193799711","0.0806","0.04660","9.863","6174267367",2969,"99.9980",16169,"9.070","0.386",170050,"19.881"
"2014-09-10","482.398",306966,124968,72401,"9.1570","177920607","0.0849","0.04820","9.172","6288586888",3075,"113.0960",16616,"10.763","0.324",208813,"19.848"
"2014-09-11","475.580",216259,117103,65856,"9.5010","152111365","0.0733","0.04760","8.471","6239960899",3186,"109.0370",27367,"12.094","0.239",154868,"19.847"
"2014-09-12","472.322",242303,118625,68230,"7.8640","162376894","0.0741","0.04720","9.351","6195892526",3142,"119.9840",24097,"9.070","0.278",146025,"19.847"
"2014-09-13","475.441",181268,102936,61065,"9.1920","111089714","0.0743","0.04750","7.956","6235247964",2507,"98.2690",18209,"6.893","0.211",134902,"19.839"
"2014-09-14","476.655",274740,122259,67497,"7.4200","133576233","0.0793","0.04770","9.114","6228737724",2563,"77.5180",18671,"8.103","0.284",210350,"19.835"
"2014-09-15","474.915",288920,128955,78508,"8.3320","158250795","0.0740","0.04750","9.114","6206324352",2767,"103.0540",23392,"8.224","0.309",167581,"19.828"
"2014-09-16","467.613",296230,148865,87063,"8.1550","155672006","0.0771","0.04680","8.421","6104293829",2276,"90.6530",21176,"7.498","0.335",200391,"19.837"
"2014-09-17","456.380",240563,133776,80119,"7.8060","169431581","0.0699","0.04560","7.742","5925502246",2636,"110.7530",27946,"7.619","0.264",170439,"19.806"
"2014-09-18","438.518",236621,134311,77185,"7.2210","231461686","0.0701","0.04390","8.045","5610580772",3951,"131.2350",21135,"7.619","0.276",171901,"19.848"
"2014-09-19","405.935",221271,117316,69266,"6.7200","230780737","0.0622","0.04060","8.421","5194824752",4006,"130.6670",20775,"9.675","0.248",150729,"19.822"
"2014-09-20","410.022",208320,107878,63306,"7.2230","240443092","0.0665","0.04100","8.182","5341519029",4860,"94.3430",17607,"7.377","0.233",149520,"19.925"
"2014-09-21","401.120",217914,102979,59636,"6.3490","272837450","0.0628","0.04010","8.780","5120337373",5157,"80.7060",17026,"7.498","0.228",171703,"19.952"
"2014-09-22","400.275",261061,132322,72900,"7.1040","146397685","0.0641","0.04000","8.623","5145978680",2841,"112.2050",14984,"7.982","0.279",178105,"19.952"
"2014-09-23","407.475",309494,136044,77133,"6.4080","178792820","0.0673","0.04070","9.600","5399888692",4132,"118.6500",23489,"8.707","0.339",173452,"19.872"
"2014-09-24","428.517",285427,130868,74818,"7.1990","172228796","0.0708","0.04290","9.231","5543029349",5141,"108.5340",20675,"10.159","0.316",163682,"19.886"
"2014-09-25","411.195",283495,137054,78351,"7.0380","153169013","0.0693","0.04110","8.372","5349833846",3491,"99.3240",20757,"8.466","0.307",177845,"19.893"
"2014-09-26","404.503",310033,125906,72421,"5.1740","150454962","0.2670","0.04050","10.746","5273534001",3070,"103.3700",19512,"7.982","1.411",157374,"19.906"
"2014-09-27","401.439",292344,109795,63004,"6.0210","114275971","0.0667","0.04010","10.746","5229464432",3217,"77.1770",17202,"7.014","0.312",151584,"19.894"
"2014-09-28","390.912",328510,126118,62310,"5.2810","122466686","0.0676","0.03910","11.077","5041658565",2894,"68.9880",16636,"7.619","0.331",216634,"19.916"
"2014-09-29","377.415",322603,127426,77787,"5.5850","200794277","0.0591","0.03770","10.511","4951538539",3438,"111.9270",19660,"8.828","0.355",163001,"19.944"
"2014-09-30","379.119",297068,139464,77853,"6.0150","185315919","0.0591","0.03790","9.412","5014624972",3207,"116.7770",21073,"8.345","0.317",195201,"19.916"
"2014-10-01","384.118",300152,139838,78624,"5.4800","178147052","0.0631","0.03840","9.290","5037546169",3409,"102.7260",18636,"7.415","0.333",189253,"19.933"
"2014-10-02","377.698",298867,140273,71948,"5.2650","156643305","0.0591","0.03780","10.435","4938662174",3133,"103.5470",18380,"7.943","0.326",160538,"19.956"
"2014-10-03","367.304",290855,126153,74948,"5.5870","190603715","0.0592","0.03670","9.863","4726635711",3427,"93.1070",20207,"8.366","0.330",154357,"19.891"
"2014-10-04","345.878",276741,118762,66478,"5.2600","183413908","0.0654","0.03460","9.351","4424902198",3269,"83.1630",18214,"8.332","0.326",148859,"19.914"
"2014-10-05","315.801",268106,149600,67161,"4.5420","248272665","0.0559","0.03160","8.521","4091912575",4236,"82.9210",20031,"10.132","0.281",225945,"19.985"
"2014-10-06","322.456",279954,135639,77888,"4.6320","322780833","0.0522","0.03220","8.944","4314787426",4723,"98.6090",25065,"11.256","0.313",162663,"20.119"
"2014-10-07","328.313",337195,149950,78935,"4.1210","239383415","0.0556","0.03280","10.746","4344645345",3547,"103.4880",22543,"9.785","0.398",177985,"20.134"
"2014-10-08","339.094",308168,145062,78674,"5.1510","266955454","0.0540","0.03390","10.000","4521776144",3891,"104.1410",24408,"8.592","0.348",170418,"20.132"
"2014-10-09","364.531",300477,142317,82641,"5.8300","251443413","0.0613","0.03650","9.730","4814125934",4237,"111.1830",24075,"8.860","0.375",164245,"20.115"
"2014-10-10","362.280",285337,146931,80903,"5.1940","272361697","0.0582","0.03620","9.290","4782043694",4433,"105.5430",19090,"8.064","0.335",170684,"20.117"
"2014-10-11","359.388",248806,119838,64876,"4.7740","176827658","0.0575","0.03590","10.000","4734295035",3177,"88.9010",17107,"7.717","0.288",146972,"20.205"
"2014-10-12","362.544",286125,141427,63361,"5.3620","136730550","0.0630","0.03630","9.730","4833998729",2685,"74.1640",17072,"7.268","0.298",220350,"20.232"
"2014-10-13","378.689",296306,153138,77787,"5.6290","241925769","0.0638","0.03790","9.290","5010667233",3771,"97.4070",22018,"8.030","0.338",182882,"20.139"
"2014-10-14","402.084",368101,153374,81232,"5.3550","230527557","0.0657","0.04020","10.909","5297220823",4338,"117.6920",25804,"8.929","0.401",190886,"20.115"
"2014-10-15","393.788",297037,157856,76106,"5.8120","208405356","0.0649","0.03940","9.536","5192245979",6149,"116.9960",23992,"9.076","0.332",185794,"20.171"
"2014-10-16","386.265",284863,142479,75589,"5.5220","200794500","0.0621","0.03860","9.730","5063843988",5269,"99.4270",24445,"8.064","0.328",157355,"20.111"
"2014-10-17","379.451",290383,140101,70697,"5.4950","188386347","0.0628","0.03790","10.141","5020798042",4857,"105.7590",21491,"7.623","0.329",163371,"20.102"
"2014-10-18","384.702",224964,124039,66313,"5.7570","138944322","0.0600","0.03850","8.780","5121038262",3448,"80.4020",20572,"7.502","0.252",152746,"20.072"
"2014-10-19","388.404",311923,142440,63122,"5.0820","113666094","0.0649","0.03880","10.827","5131539820",2737,"72.9850",18259,"7.000","0.317",214141,"20.117"
"2014-10-20","382.291",337985,146919,82563,"5.4890","206014081","0.0600","0.03820","10.511","5059685306",3903,"98.2520",23312,"6.853","0.377",174619,"20.112"
"2014-10-21","383.996",312109,155794,81498,"6.1400","169944514","0.0613","0.03840","9.412","5090686004",2719,"110.2210",22499,"6.974","0.340",185029,"20.125"
"2014-10-22","382.802",289465,150228,79828,"5.2840","218226252","0.0608","0.03830","9.057","5059980721",4112,"95.4560",20348,"7.328","0.318",174809,"20.180"
"2014-10-23","367.289",307948,148329,80487,"5.2290","215688389","0.0584","0.03670","9.536","4843161949",4917,"99.8140",21036,"7.709","0.338",173116,"20.174"
"2014-10-24","355.716",269613,141467,77747,"4.9630","168374339","0.0565","0.03560","9.057","4742233518",3232,"81.4930",11147,"6.558","0.310",166641,"20.149"
"2014-10-25","349.089",265762,141971,72360,"5.0410","157923125","0.0536","0.03490","9.290","4628367776",4379,"101.1090",22449,"6.316","0.286",187025,"20.119"
"2014-10-26","351.284",333148,132708,70637,"4.2450","119209456","0.0558","0.03510","11.520","4715554463",4352,"57.0900",20090,"7.094","0.358",191036,"20.062"
"2014-10-27","352.794",315184,161774,83818,"5.5560","174902345","0.0569","0.03530","9.057","4690766408",4469,"87.3410",21632,"6.619","0.340",193792,"20.076"
"2014-10-28","352.906",353722,152745,87842,"4.5280","160076997","0.0537","0.03530","10.435","4715923783",3428,"88.0810",20173,"7.234","0.387",172868,"20.104"
"2014-10-29","344.899",319515,155241,93512,"5.2130","195049750","0.0526","0.03450","9.290","4570099880",2922,"82.0420",22081,"7.181","0.368",174923,"20.059"
"2014-10-30","337.866",298610,156589,92452,"4.8700","167486201","0.0507","0.03380","8.471","4533464967",2637,"68.4480",22855,"6.800","0.326",179335,"20.035"
"2014-10-31","341.339",254139,146192,85515,"4.9260","186434381","0.0514","0.03410","7.660","4544026947",5113,"73.0430",22906,"5.944","0.274",176490,"20.090"
"2014-11-01","329.102",242654,121365,69432,"4.3380","128509386","0.0596","0.03290","9.057","4370096961",3265,"72.0000",30263,"6.759","0.316",151649,"20.044"
"2014-11-02","324.340",315611,156828,77015,"4.2720","105756186","0.0533","0.03240","9.290","4351869014",2326,"51.4980",21408,"7.106","0.326",243996,"20.052"
"2014-11-03","327.819",303676,153078,90182,"4.9400","150237385","0.0603","0.03280","8.521","4381398539",3879,"68.1350",26060,"7.279","0.392",178386,"20.028"
"2014-11-04","325.840",303876,149914,87455,"4.4080","236742659","0.0504","0.03260","8.889","4350336059",4199,"82.2140",20992,"7.106","0.333",182562,"20.054"
"2014-11-05","336.991",350386,151681,89322,"3.6370","242824601","0.0505","0.03370","10.435","4487260940",3567,"94.2260",20871,"6.933","0.387",172677,"20.154"
"2014-11-06","342.284",349749,155751,94142,"4.8970","184881193","0.0524","0.03420","9.351","4572746566",2715,"75.0330",24348,"7.973","0.374",195913,"20.207"
"2014-11-07","344.945",338536,141210,83807,"4.2750","213848513","0.0552","0.03450","9.600","4617019166",3503,"78.0450",24244,"7.453","0.357",189064,"20.155"
"2014-11-08","343.176",265500,116040,72564,"4.5190","120601210","0.0510","0.03430","9.412","4589181700",2643,"57.7600",18964,"7.106","0.282",148751,"20.202"
"2014-11-09","349.881",315975,149310,72062,"4.6600","134721143","0.0731","0.03500","9.600","4742345203",2603,"50.5910",18949,"7.626","0.400",214077,"20.228"
"2014-11-10","365.791",346564,147168,88847,"4.3600","238267412","0.0553","0.03660","9.796","4942146628",4047,"88.9340",22516,"8.319","0.365",189520,"20.240"
"2014-11-11","366.689",385734,146418,85489,"4.2770","188087366","0.0574","0.03670","11.163","4912081380",2967,"84.3280",23156,"7.799","0.414",175509,"20.219"
"2014-11-12","394.940",371490,168154,95432,"5.3840","318065551","0.0626","0.03950","9.796","5279831318",4562,"110.4660",25601,"9.532","0.410",197855,"20.227"
"2014-11-13","428.535",381040,157137,92813,"5.6740","609505232","0.0664","0.04290","9.931","5700987856",7575,"129.6170",26798,"9.879","0.396",185694,"20.209"
"2014-11-14","397.306",324405,156805,86153,"5.1200","274886415","0.0606","0.03970","9.351","5296080940",4361,"98.3490",23449,"7.973","0.341",199207,"20.309"
"2014-11-15","386.820",287975,125266,73102,"4.6420","214676002","0.0593","0.03870","10.286","5126248188",4202,"79.4290",21104,"8.319","0.320",157558,"20.197"
"2014-11-16","384.374",316471,141278,75859,"5.0450","207718919","0.0589","0.03840","9.600","5140217798",3637,"66.3740",21652,"8.146","0.309",227884,"20.411"
"2014-11-17","397.121",367633,149418,88210,"4.8620","249303579","0.0680","0.03970","10.000","5306517363",3721,"101.4900",25728,"7.973","0.418",185373,"20.407"
"2014-11-18","381.052",324153,151107,87370,"4.9560","294768198","0.0570","0.03810","9.351","5072081946",4215,"98.5980",28238,"8.666","0.339",182902,"20.386"
"2014-11-19","378.646",338527,144587,85130,"4.6530","221142817","0.0585","0.03790","10.213","5082245864",4141,"106.4620",25117,"8.146","0.373",177413,"20.407"
"2014-11-20","365.837",360622,151180,89250,"4.5980","290515639","0.0544","0.03660","10.435","4875289715",4266,"100.2540",23707,"7.106","0.384",188637,"20.424"
"2014-11-21","351.592",367251,142056,82052,"4.2790","372707210","0.0546","0.03520","11.339","4701683187",5729,"98.1520",24577,"7.106","0.400",178746,"20.398"
"2014-11-22","356.530",265553,124620,74571,"4.6470","192338965","0.0526","0.03570","9.351","4798246103",3746,"98.7910",22344,"7.279","0.286",158776,"20.363"
"2014-11-23","358.505",333582,135640,77141,"4.3520","129082149","0.0554","0.03590","10.141","4849202667",2776,"57.9720",20544,"6.066","0.335",226056,"20.367"
"2014-11-24","374.924",346778,139204,85660,"4.7730","211185552","0.0573","0.03750","9.796","5062643053",3474,"92.8830",25545,"7.106","0.355",180366,"20.370"
"2014-11-25","383.251",378491,147413,86002,"4.3940","288752199","0.0543","0.03830","10.909","5133498100",4269,"111.8270",25985,"7.106","0.368",185396,"20.378"
"2014-11-26","371.775",342002,144790,84974,"4.6950","239107550","0.0532","0.03720","10.511","4966968161",4588,"115.2020",27929,"6.759","0.354",175259,"20.444"
"2014-11-27","370.752",346144,148105,84541,"4.8080","199421479","0.0526","0.03710","10.213","4957494816",4309,"105.0410",25790,"6.586","0.340",186072,"20.440"
"2014-11-28","369.434",327967,144033,85764,"4.5340","400268105","0.0503","0.03690","9.730","4952712100",5738,"123.0880",24830,"6.933","0.315",185838,"20.736"
"2014-11-29","378.702",273576,127058,78941,"5.0090","257320829","0.0532","0.03790","9.172","5092749163",4660,"110.6860",26555,"6.239","0.282",164845,"20.767"
"2014-11-30","377.846",361350,154304,84853,"4.7800","263893636","0.0570","0.03780","9.000","5062172471",4394,"87.4690",20117,"6.759","0.319",254565,"20.764"
"2014-12-01","379.647",415290,146853,97493,"4.1150","321548853","0.0542","0.03800","11.077","5110900253",5058,"116.6620",26508,"7.799","0.427",191207,"20.945"
"2014-12-02","381.317",391286,176246,99269,"5.1700","405109665","0.0545","0.03810","9.600","5118087676",5236,"151.0280",32744,"7.626","0.378",215283,"21.027"
"2014-12-03","378.700",473946,160561,99232,"4.5000","355661963","0.0521","0.03790","12.414","5049865051",4576,"115.0300",24990,"7.626","0.469",202825,"21.062"
"2014-12-04","374.170",378607,157158,98202,"4.9370","331580391","0.0565","0.03740","9.863","4978404395",4017,"110.1330",26370,"6.759","0.405",187991,"21.086"
"2014-12-05","372.933",323942,152344,90744,"4.9160","315484681","0.0509","0.03730","9.231","4968035300",4665,"110.7590",25043,"6.586","0.317",199324,"21.460"
"2014-12-06","374.938",326600,126158,81093,"4.2710","190863354","0.0517","0.03750","10.511","5003511780",2818,"94.1520",21503,"5.893","0.326",168914,"21.788"
"2014-12-07","375.025",350749,140090,74666,"4.5550","222450785","0.0548","0.03750","11.429","5008909308",4149,"91.1830",21983,"7.453","0.346",240167,"21.809"
"2014-12-08","368.947",352083,161385,90583,"5.3280","543246473","0.0643","0.03690","8.834","4903520301",6583,"123.4690",24899,"7.279","0.386",213295,"21.747"
"2014-12-09","352.726",358951,154381,90078,"4.4220","318424587","0.0493","0.03530","10.141","4694562383",4415,"127.3250",27224,"7.453","0.354",194736,"21.711"
"2014-12-10","349.289",348238,156047,88655,"3.9390","312884454","0.0493","0.03490","10.070","4669960480",5126,"137.0450",25421,"7.626","0.349",197999,"21.685"
"2014-12-11","351.872",327268,148180,83857,"4.8130","243855782","0.0502","0.03520","9.730","4702507612",3454,"118.5100",32162,"10.399","0.323",187105,"21.644"
"2014-12-12","350.835",333135,149739,81156,"4.1620","212382092","0.0500","0.03510","10.213","4691062468",4156,"101.0570",25383,"9.359","0.328",176628,"21.636"
"2014-12-13","347.500",284285,129464,76061,"4.4640","211332281","0.0474","0.03470","9.863","4662364315",3159,"102.7330",26584,"7.453","0.284",161380,"21.578"
"2014-12-14","348.199",367627,161187,79562,"4.4340","186216168","0.0528","0.03480","10.213","4639285573",2645,"79.6010",23579,"7.799","0.342",248869,"21.565"
"2014-12-15","347.166",410596,163741,94318,"4.2180","259884046","0.0521","0.03470","10.213","4610400716",3245,"111.2700",26094,"7.626","0.400",220231,"21.561"
"2014-12-16","335.169",433816,184101,100921,"4.4750","280200515","0.0499","0.03350","10.070","4451694391",3292,"125.0970",27622,"8.666","0.419",219432,"21.564"
"2014-12-17","323.149",461734,178769,98316,"3.8660","309378307","0.0499","0.03230","11.250","4336129834",3659,"109.7800",28350,"8.319","0.473",208635,"21.560"
"2014-12-18","312.662",426875,163576,95078,"3.8580","314900378","0.0452","0.03130","11.163","4234265225",3816,"149.4130",26969,"8.146","0.425",212216,"21.525"
"2014-12-19","312.341",398420,149092,95268,"4.3500","246170372","0.0487","0.03120","10.511","4242881959",2985,"151.6760",23574,"7.626","0.433",182179,"21.451"
"2014-12-20","324.713",384061,163428,86767,"3.9030","203454439","0.0454","0.03250","10.746","4399373211",2658,"139.0120",23524,"7.626","0.362",230322,"21.455"
"2014-12-21","323.943",352472,139798,78831,"3.9480","164015202","0.0466","0.03240","10.909","4348168443",3849,"83.5080",21411,"8.146","0.343",211733,"21.440"
"2014-12-22","328.083",352415,173216,96347,"5.0680","275010179","0.0477","0.03280","8.780","4434643841",3408,"136.4970",23172,"7.626","0.341",220334,"20.901"
"2014-12-23","332.744",391652,167450,99319,"3.9400","309981906","0.0474","0.03330","9.600","4491396123",4105,"128.9050",25504,"7.626","0.377",214939,"20.874"
"2014-12-24","329.188",291092,133012,82194,"4.2240","213884955","0.0445","0.03290","9.412","4438611693",3305,"105.4180",24192,"6.586","0.290",170655,"21.215"
"2014-12-25","319.032",235268,109799,67760,"3.9060","197264031","0.0439","0.03190","9.114","4330167226",4091,"99.7210",21216,"6.933","0.236",148756,"21.230"
"2014-12-26","323.135",274839,126447,76046,"4.2780","177244512","0.0820","0.03230","9.474","4388136839",3012,"123.8750",21728,"8.493","0.506",163577,"21.231"
"2014-12-27","318.737",290886,130695,76662,"3.8610","184315724","0.0714","0.03190","9.474","4308984821",2706,"118.7060",21543,"17.332","0.451",190312,"21.276"
"2014-12-28","315.441",279938,144477,75546,"4.2830","200630788","0.0513","0.03150","8.521","4266469446",2904,"87.5020",18427,"7.279","0.291",244320,"21.277"
"2014-12-29","314.822",284084,135586,83283,"3.9040","226685673","0.0546","0.03150","8.780","4267535667",3070,"105.4100",19605,"6.933","0.352",168488,"21.185"
"2014-12-30","311.944",301133,144680,84894,"4.0060","275518820","0.0510","0.03120","9.290","4236520979",4042,"139.8820",19477,"6.759","0.357",182178,"21.227"
"2014-12-31","312.724",269665,122759,77259,"3.7040","258858043","0.0461","0.03130","9.474","4241986269",3819,"122.3200",20017,"6.933","0.299",158184,"21.205"
"2015-01-01","315.626",187402,93422,59179,"4.0490","129854868","0.0430","0.03160","8.727","4287908436",2500,"78.4740",18681,"6.703","0.195",114998,"21.241"
"2015-01-02","314.346",265055,135337,79122,"3.9380","212156964","0.0470","0.03140","8.727","4272408724",2878,"124.8950",9385,"7.625","0.286",184462,"21.197"
"2015-01-03","303.591",295066,143066,82065,"3.6950","235281521","0.0436","0.03040","8.889","4078335542",3052,"97.8490",0,"7.736","0.291",216194,"21.127"
"2015-01-04","274.820",282161,142557,85522,"3.5860","271649082","0.0699","0.02750","8.372","3762088010",3646,"103.7750",7300,"9.266","0.504",209509,"21.157"
"2015-01-05","272.076",360878,161359,95429,"3.1800","283038295","0.0459","0.02720","9.231","3705752688",3222,"90.5980",23092,"9.439","0.412",208147,"21.155"
"2015-01-06","276.104",314084,149094,87663,"3.4530","292255946","0.0405","0.02760","9.114","3774481974",3703,"100.7410",25041,"10.401","0.325",181346,"21.156"
"2015-01-07","287.178",342723,145664,89776,"3.2490","328735712","0.0409","0.02870","10.286","3957203557",4034,"114.6950",26987,"8.122","0.364",177697,"21.061"
"2015-01-08","287.542",390694,162448,106985,"3.8100","380135094","0.0437","0.02880","9.796","3924471165",3962,"107.1610",22546,"7.562","0.442",198543,"20.964"
"2015-01-09","283.794",406274,159304,102135,"3.2610","298048249","0.0422","0.02840","10.286","3881136194",3531,"104.2830",30439,"8.595","0.433",208936,"20.922"
"2015-01-10","280.210",398310,165346,104727,"3.5670","244697771","0.0408","0.02800","9.796","3774764281",2539,"113.6820",22162,"7.949","0.414",245418,"20.885"
"2015-01-11","273.146",333239,143745,90475,"3.5630","313330186","0.0409","0.02730","9.290","3679781350",3671,"67.8500",20760,"6.876","0.349",223733,"20.911"
"2015-01-12","269.036",388338,152760,98827,"3.0110","257582410","0.0897","0.02690","10.141","3643000784",2814,"64.2360",24861,"7.160","0.921",185470,"20.915"
"2015-01-13","239.441",473566,177766,102182,"2.8070","396182478","0.0363","0.02390","11.339","3252802391",4121,"109.1320",30086,"9.383","0.487",225670,"20.995"
"2015-01-14","197.577",420424,176128,104620,"2.2930","439178499","0.0288","0.01980","9.931","2655832477",4449,"100.7500",35414,"13.690","0.419",225148,"20.995"
"2015-01-15","205.937",422623,189764,120239,"2.5150","511062279","0.0295","0.02060","9.536","2775084401",4333,"118.4910",26417,"12.017","0.455",233935,"20.959"
"2015-01-16","211.756",394092,168827,104560,"2.2540","330246817","0.0296","0.02120","10.360","2847628951",3875,"111.0520",26448,"9.983","0.419",212353,"20.963"
"2015-01-17","200.604",390993,179369,90361,"2.3310","213977797","0.0296","0.02010","10.435","2735406032",2485,"77.2380",19187,"8.437","0.386",251157,"20.952"
"2015-01-18","205.929",320738,149221,83033,"2.4660","188491537","0.0344","0.02060","9.412","2816610797",2426,"67.6000",24812,"7.633","0.362",224733,"20.956"
"2015-01-19","211.824",402693,166356,98341,"2.2160","197147953","0.0309","0.02120","10.000","2874518617",2149,"76.7330",27548,"7.191","0.398",218577,"20.961"
"2015-01-20","210.640",450136,159415,98807,"2.2780","283442771","0.0306","0.02110","12.203","2864037000",3045,"76.9320",26982,"7.420","0.485",198469,"20.953"
"2015-01-21","214.636",354071,159612,96810,"2.8240","285686626","0.0297","0.02150","9.664","2933439908",3190,"73.2470",24660,"8.122","0.359",203888,"21.369"
"2015-01-22","232.311",396432,156944,93563,"2.3420","262269539","0.0333","0.02320","10.667","3134351199",3093,"88.0820",25882,"8.193","0.396",200098,"21.407"
"2015-01-23","229.752",390335,146063,91887,"2.5460","217567723","0.0342","0.02300","11.613","3108729620",2533,"78.9880",24058,"7.365","0.440",187750,"21.385"
"2015-01-24","237.146",372257,130398,83431,"2.8050","177146103","0.0328","0.02370","11.429","3212403738",3396,"65.6260",32718,"7.420","0.366",183388,"21.350"
"2015-01-25","248.510",457507,177915,86433,"2.7940","219821643","0.0383","0.02490","11.520","3363456347",2702,"50.7870",21312,"7.120","0.425",288554,"21.363"
"2015-01-26","281.323",491373,172932,108054,"3.2640","551380791","0.0417","0.02810","11.339","3761189379",5443,"97.9510",33929,"10.629","0.503",233561,"21.114"
"2015-01-27","261.244",384604,171248,99244,"3.3020","283789031","0.0369","0.02610","9.664","3475148472",2986,"77.2040",26135,"9.139","0.376",220332,"21.154"
"2015-01-28","252.788",273552,125251,85068,"3.2610","167232333","0.0344","0.02530","8.780","3316019670",2721,"75.3900",27422,"8.351","0.282",176113,"21.102"
"2015-01-29","232.400",282263,141590,90715,"2.8180","198110448","0.0313","0.02320","8.780","3086924249",2424,"79.1200",25184,"8.564","0.298",187231,"21.039"
"2015-01-30","232.471",312664,127447,81061,"2.5330","180294705","0.0322","0.02320","10.435","3113572364",2500,"95.5700",22919,"7.578","0.325",167417,"21.061"
"2015-01-31","227.909",314776,168547,86146,"3.1330","157734829","0.0331","0.02280","8.675","3064178992",2062,"59.0350",18146,"6.545","0.301",252029,"21.003"
"2015-02-01","218.482",300375,147822,78839,"2.4150","152514560","0.0311","0.02180","9.290","2964631958",2069,"60.3320",19445,"7.530","0.289",223386,"20.947"
"2015-02-02","226.795",308345,149103,85828,"2.9540","179640320","0.0329","0.02270","9.057","3068438562",2578,"88.7320",24761,"6.677","0.313",190042,"20.933"
"2015-02-03","236.830",403982,167778,91666,"2.5340","283553978","0.0338","0.02370","11.339","3193042085",3288,"100.7830",33419,"7.103","0.411",208174,"20.931"
"2015-02-04","225.308",310990,163051,90655,"2.9200","253667585","0.0313","0.02250","9.057","3065757086",2983,"78.3650",22995,"6.961","0.316",200994,"20.926"
"2015-02-05","222.448",298004,147816,86408,"2.8790","246281342","0.0311","0.02220","9.057","3037123088",3225,"74.1790",28935,"7.814","0.304",188459,"20.940"
"2015-02-06","219.936",260826,153349,85528,"2.7940","172827120","0.0301","0.02200","8.136","3004046624",2397,"80.9700",23289,"7.530","0.264",187787,"20.925"
"2015-02-07","225.863",284863,131116,85540,"2.5900","130132193","0.0311","0.02260","9.057","3072298807",1637,"47.3750",19540,"8.524","0.296",169002,"20.904"
"2015-02-08","224.900",406572,167688,82547,"2.5560","128117635","0.0320","0.02250","10.909","3069732762",1722,"39.9390",20792,"8.382","0.355",265343,"20.927"
"2015-02-09","220.946",366168,156526,104597,"2.8180","166981560","0.0314","0.02210","8.944","3020658795",1889,"43.6840",24642,"8.382","0.369",198547,"20.891"
"2015-02-10","218.176",397470,160388,102831,"2.3080","159581622","0.0304","0.02180","10.000","2995936258",1766,"54.2620",24331,"8.098","0.397",203572,"20.885"
"2015-02-11","220.585",347730,159522,96890,"2.6380","168054851","0.0328","0.02210","9.114","3012522905",2008,"54.6000",39339,"7.530","0.364",197726,"20.893"
"2015-02-12","219.338",421276,159009,87308,"2.1050","142164322","0.0315","0.02190","12.101","2994629242",1847,"71.9390",25742,"7.388","0.421",206455,"20.873"
"2015-02-13","231.691",501160,210337,113514,"2.8880","213327107","0.0356","0.02320","9.863","3164812966",2147,"50.6710",27697,"7.103","0.476",262527,"20.888"
"2015-02-14","246.158",415948,164268,98613,"2.8630","150700482","0.0375","0.02460","9.000","3364875938",1770,"37.2420",19041,"6.819","0.375",238325,"20.927"
"2015-02-15","250.235",468765,197774,85127,"2.8440","165454855","0.0406","0.02500","10.286","3431278474",2147,"44.6510",21846,"7.103","0.394",320682,"20.957"
"2015-02-16","234.532",414871,174468,104475,"2.6740","145162702","0.0345","0.02350","9.172","3212312858",1626,"46.4140",24782,"7.245","0.391",232161,"20.945"
"2015-02-17","238.710",445600,181573,102839,"2.6030","164108460","0.0371","0.02390","9.664","3271420621",1837,"56.1160",24354,"7.245","0.427",239272,"20.948"
"2015-02-18","239.529",360977,168694,105552,"2.8960","178203062","0.0340","0.02400","8.623","3248181763",1958,"52.3840",22628,"7.814","0.358",217076,"20.967"
"2015-02-19","237.832",315845,149795,94386,"2.6250","142242747","0.0342","0.02380","8.675","3247057775",1788,"51.3510",24979,"7.814","0.327",184558,"20.957"
"2015-02-20","242.991",382467,160859,98556,"2.6510","169893535","0.0372","0.02430","9.114","3285974858",1907,"50.8150",29514,"11.508","0.382",215262,"20.883"
"2015-02-21","244.115",401430,175643,87685,"2.7640","130850822","0.0360","0.02440","10.141","3289971463",1694,"47.4910",20543,"6.961","0.364",247862,"20.874"
"2015-02-22","241.202",356192,152214,84791,"2.7950","100593613","0.0352","0.02410","9.536","3242758080",1301,"39.6400",20579,"7.672","0.327",233857,"20.873"
"2015-02-23","236.119",404640,169237,101373,"2.4670","169973141","0.0338","0.02360","10.141","3183857636",1878,"49.2300",23428,"6.961","0.408",217374,"20.883"
"2015-02-24","238.067",435553,164780,104996,"2.4800","152841888","0.0327","0.02380","11.163","3204929102",1632,"67.5750",24385,"6.677","0.445",202944,"20.864"
"2015-02-25","237.006",355713,163290,105235,"2.7870","172702298","0.0343","0.02370","9.057","3204817484",1816,"57.7740",24137,"6.677","0.382",197578,"20.890"
"2015-02-26","235.973",363955,161352,100667,"2.4940","254401531","0.0330","0.02360","9.600","3195794449",2638,"52.7040",26283,"6.535","0.375",195126,"20.883"
"2015-02-27","250.348",375526,165277,101322,"2.6720","355820188","0.0356","0.02500","9.474","3408271424",3649,"66.5440",30545,"6.961","0.378",212728,"20.893"
"2015-02-28","252.709",442024,177143,89490,"2.6540","138846445","0.0381","0.02530","10.141","3429013936",1728,"47.3210",20811,"6.535","0.379",257135,"20.878"
"2015-03-01","251.478",394651,158849,88588,"2.5960","302898873","0.0397","0.02510","10.286","3416303515",3613,"43.7750",18895,"6.961","0.398",242022,"20.869"
"2015-03-02","262.486",408464,177855,104779,"3.1290","474379907","0.0386","0.02620","9.114","3574502308",4817,"70.8130",23297,"7.672","0.389",247908,"20.928"
"2015-03-03","275.364",406256,183413,110823,"2.9460","273582143","0.0389","0.02750","9.114","3730011037",2704,"80.4310",25764,"8.098","0.395",227726,"20.887"
"2015-03-04","278.934",401626,164846,98389,"2.7260","218221844","0.0412","0.02790","10.286","3815689680",2506,"72.1360",25007,"8.240","0.414",212540,"21.009"
"2015-03-05","270.497",476817,176323,100983,"2.9890","254245311","0.0399","0.02700","10.909","3709051959",3016,"69.1760",24174,"7.956","0.450",217668,"20.905"
"2015-03-06","272.846",391597,157663,93721,"2.9860","196051262","0.0488","0.02730","9.730","3743490367",2367,"67.3240",22774,"8.808","0.452",199743,"20.964"
"2015-03-07","273.282",387418,159244,91365,"2.9200","246481150","0.0391","0.02730","10.286","3770745353",3383,"38.5540",19322,"9.092","0.373",221589,"20.826"
"2015-03-08","275.227",351826,147670,87371,"3.0520","578569184","0.0416","0.02750","9.231","3787174820",7081,"40.1970",19396,"7.956","0.338",240101,"20.207"
"2015-03-09","281.962",446131,168692,105392,"2.9150","284186696","0.0421","0.02820","10.000","3905545346",3057,"63.5700",23937,"7.814","0.435",221696,"20.142"
"2015-03-10","293.828",400425,171585,105389,"3.3550","297224719","0.0428","0.02940","9.474","4037467862",3101,"73.2590",28378,"8.098","0.403",213590,"20.110"
"2015-03-11","293.970",407237,167407,100611,"2.9360","233195097","0.0448","0.02940","9.351","4046540196",2593,"62.6730",25733,"8.098","0.397",212937,"20.153"
"2015-03-12","294.297",461758,160152,96964,"2.9480","240601941","0.0425","0.02940","10.992","4060711236",3205,"74.5050",24527,"7.814","0.426",218708,"20.070"
"2015-03-13","291.010",373266,160382,95890,"3.2520","237022067","0.0416","0.02910","9.863","4009443994",2860,"63.3340",25574,"7.672","0.375",213190,"20.074"
"2015-03-14","283.365",394078,163265,89380,"2.8280","210481203","0.0392","0.02830","10.992","3874168653",2569,"48.7160",21952,"7.388","0.376",227452,"20.062"
"2015-03-15","283.896",350185,146141,84791,"3.1100","148643370","0.0401","0.02840","10.070","3882361636",1896,"40.5430",24161,"7.388","0.334",224994,"20.066"
"2015-03-16","290.818",430378,168697,105079,"3.0350","247299999","0.0419","0.02910","10.360","4010403902",2572,"67.0730",24071,"7.245","0.434",233048,"20.079"
"2015-03-17","288.825",411409,154525,99433,"2.8860","200746354","0.0410","0.02890","11.250","3976505646",2262,"68.2810",36584,"7.245","0.439",199924,"20.080"
"2015-03-18","273.617",377539,153327,99454,"3.1640","389867438","0.0417","0.02740","9.412","3711914210",4081,"66.5510",24807,"7.388","0.395",208171,"20.061"
"2015-03-19","257.124",457056,156861,106160,"2.5690","251845828","0.0399","0.02570","10.511","3532769354",2703,"50.4670",31393,"7.530","0.480",233476,"20.052"
"2015-03-20","260.716",409902,157817,103200,"2.7380","193127530","0.0406","0.02610","10.667","3580986127",2053,"51.8930",26773,"7.103","0.472",208275,"20.086"
"2015-03-21","259.368",345385,151855,92685,"2.9350","143749154","0.0371","0.02590","9.536","3581268900",1787,"44.9720",23297,"7.245","0.351",216035,"20.049"
"2015-03-22","261.797",390409,150597,90444,"2.9210","113442708","0.0380","0.02620","10.141","3663044667",1425,"41.2870",27846,"6.393","0.369",230921,"20.057"
"2015-03-23","267.213",416053,163558,105874,"2.7880","211939794","0.0443","0.02670","9.931","3703403660",2270,"58.3720",34762,"7.814","0.483",225657,"20.121"
"2015-03-24","256.186",292723,149652,92754,"2.8980","224034658","0.0378","0.02560","8.324","3532367845",2642,"68.2940",31576,"7.245","0.316",187401,"20.048"
"2015-03-25","244.675",312471,152522,96976,"2.5710","228548291","0.0398","0.02450","8.889","3406105421",2692,"59.7620",35297,"7.103","0.389",186538,"20.081"
"2015-03-26","248.965",367955,153546,101033,"2.6070","222736248","0.0358","0.02490","9.730","3473031729",2428,"50.6200",37079,"6.819","0.392",194291,"20.086"
"2015-03-27","247.396",301023,159205,99320,"2.7420","225708740","0.0348","0.02470","8.421","3433843051",2488,"59.3520",36691,"6.109","0.326",205875,"20.140"
"2015-03-28","251.271",341812,145976,87226,"2.5680","141246342","0.0363","0.02510","9.730","3492921032",1814,"44.1140",31697,"5.967","0.340",207973,"20.127"
"2015-03-29","245.128",352642,151304,90363,"2.6890","122699892","0.0346","0.02450","9.412","3384158959",1527,"37.7390",31897,"5.967","0.333",255323,"20.170"
"2015-03-30","245.129",415388,170979,106213,"2.6350","187462409","0.0357","0.02450","10.141","3389671171",1966,"55.3200",38669,"7.103","0.434",227390,"20.091"
"2015-03-31","245.298",400338,182741,114961,"2.6580","186196457","0.0348","0.02450","9.600","3395850308",1796,"62.8490",35388,"6.961","0.433",224920,"20.093"
"2015-04-01","243.148",469287,189246,119211,"2.4770","235324696","0.0343","0.02430","10.909","3365836303",2207,"63.9960",34237,"7.149","0.508",229694,"20.067"
"2015-04-02","248.230",367106,173673,111904,"3.0010","170169948","0.0348","0.02480","8.675","3439375607",1766,"54.6150",29264,"7.142","0.377",223833,"20.043"
"2015-04-03","253.570",409758,157660,104400,"2.5460","166985185","0.0363","0.02540","9.863","3499457349",1767,"46.2180",30317,"6.828","0.408",209347,"20.039"
"2015-04-04","252.689",339936,158168,89498,"2.7530","104429286","0.0388","0.02530","9.412","3488881371",1287,"36.7460",27885,"6.294","0.359",226012,"20.035"
"2015-04-05","255.001",377902,148869,94875,"2.6140","99471964","0.0399","0.02550","9.730","3531385869",1204,"30.3050",29227,"6.280","0.400",245550,"20.036"
"2015-04-06","257.670",468839,163877,107323,"2.3620","166025070","0.0386","0.02580","11.429","3549165085",1764,"46.7140",29046,"6.865","0.509",212142,"20.039"
"2015-04-07","253.059",393919,176736,108562,"2.7530","177885926","0.0366","0.02530","9.474","3472966349",1821,"59.5880",29994,"6.957","0.412",224249,"20.072"
"2015-04-08","248.466",462300,177553,110626,"2.4220","208070460","0.0363","0.02480","11.520","3430418919",2045,"56.7990",37076,"7.028","0.515",226507,"20.141"
"2015-04-09","243.593",439114,169873,116487,"2.3870","188289682","0.0395","0.02440","10.827","3376186560",1832,"48.2570",37353,"7.227","0.565",212844,"20.082"
"2015-04-10","237.873",375255,179121,112674,"2.7060","200713817","0.0587","0.02380","9.474","3292864085",2144,"48.5870",28657,"6.622","0.727",229858,"20.104"
"2015-04-11","235.894",392162,172843,99289,"2.2930","126893583","0.0395","0.02360","10.286","3256189108",1463,"40.7890",27225,"6.466","0.473",242787,"20.095"
"2015-04-12","235.993",371230,146249,86871,"2.2080","94714318","0.0383","0.02360","11.250","3260096190",1283,"44.5830",25877,"6.087","0.439",224823,"20.111"
"2015-04-13","232.263",413985,179393,115251,"2.7690","189677577","0.0348","0.02320","9.231","3196105575",1853,"46.6420",29205,"6.750","0.442",234221,"20.137"
"2015-04-14","220.026",396289,171357,110001,"2.1130","195238795","0.0320","0.02200","9.664","3054405506",1967,"55.3520",30124,"7.234","0.429",221713,"20.173"
"2015-04-15","220.804",448300,153666,107484,"2.1070","156843165","0.0318","0.02210","11.803","3087015706",1666,"48.3240",28598,"6.544","0.505",196875,"20.253"
"2015-04-16","226.535",365081,155134,98908,"2.3380","238334172","0.0321","0.02270","10.435","3160494378",2681,"61.4780",34517,"6.395","0.406",197969,"20.251"
"2015-04-17","224.203",422673,154039,102629,"2.2220","231927323","0.0320","0.02240","11.429","3125917649",2524,"65.2020",28275,"6.152","0.464",203462,"20.255"
"2015-04-18","222.465",367964,159750,97563,"2.4410","142307033","0.0304","0.02220","9.863","3104810727",1785,"44.1490",25659,"5.874","0.364",228097,"20.260"
"2015-04-19","224.044",367698,146884,90989,"2.3090","196062196","0.0320","0.02240","9.931","3130802733",2486,"55.4090",26993,"5.925","0.358",247178,"20.256"
"2015-04-20","223.809",392264,166837,116592,"2.4720","255660602","0.0327","0.02240","9.351","3121043742",2523,"64.1050",28470,"6.388","0.441",215745,"20.263"
"2015-04-21","225.980",381064,169429,112349,"2.2470","248647718","0.0310","0.02260","9.412","3145638247",2558,"95.2150",32701,"6.551","0.402",219285,"20.267"
"2015-04-22","235.296",393174,177037,111726,"2.5780","274396490","0.0334","0.02350","9.474","3282124576",2735,"93.4970",30895,"6.879","0.416",234072,"20.303"
"2015-04-23","234.356",457727,175196,109708,"2.2680","217196137","0.0339","0.02340","11.077","3265891331",2432,"100.6950",30202,"7.149","0.486",225166,"20.308"
"2015-04-24","231.602",493264,166332,108652,"2.4260","259115129","0.0333","0.02320","11.613","3229177898",2770,"91.5300",35266,"6.145","0.501",228809,"20.333"
"2015-04-25","228.420",328604,172392,98302,"2.7200","187171040","0.2310","0.02280","8.834","3187759510",2162,"70.4990",25715,"6.010","2.384",241857,"20.342"
"2015-04-26","218.799",378635,157309,92855,"2.1840","218630487","0.0317","0.02190","10.000","3056949035",2575,"66.5730",36471,"6.324","0.372",240232,"20.339"
"2015-04-27","221.019",436369,174516,113638,"2.3250","258624207","0.0306","0.02210","10.511","3156603574",2636,"71.7310",39066,"6.395","0.458",212883,"20.374"
"2015-04-28","225.576",386005,171000,113040,"2.4500","263990160","0.0322","0.02260","9.412","3208095683",2641,"69.4580",31957,"6.131","0.421",227516,"20.417"
"2015-04-29","225.106",494971,178336,117133,"2.2170","260418894","0.0324","0.02250","11.339","3202952244",2484,"66.0860",30639,"6.530","0.529",222760,"20.387"
"2015-04-30","231.562",438382,170713,112824,"2.5020","245907048","0.0343","0.02320","10.746","3307725062",2523,"73.1920",29720,"7.078","0.498",213080,"20.398"
"2015-05-01","235.075",338543,150859,99412,"2.5740","256967602","0.0325","0.02350","9.730","3331717817",2898,"64.1020",27237,"6.553","0.370",192024,"20.409"
"2015-05-02","234.385",371317,172636,94955,"2.4730","174079194","0.0345","0.02340","9.796","3309509076",2070,"42.7840",25012,"5.396","0.380",245895,"20.405"
"2015-05-03","239.501",345736,141423,84461,"2.4910","166049188","0.0350","0.02400","10.213","3393955479",2341,"65.1560",27042,"5.653","0.350",223715,"20.436"
"2015-05-04","240.104",437712,164934,103872,"2.3740","266237585","0.0349","0.02400","11.250","3384638393",2878,"64.5560",29448,"6.039","0.470",223246,"20.449"
"2015-05-05","235.564",385676,179685,115194,"2.6910","258413949","0.0334","0.02360","9.351","3332477694",2481,"66.0580",27820,"6.424","0.423",229254,"20.432"
"2015-05-06","234.619",363211,182561,111572,"2.6450","250729990","0.0332","0.02350","8.944","3314913734",2547,"73.4710",29624,"5.268","0.391",236612,"20.425"
"2015-05-07","232.198",420807,179390,110984,"2.2300","271768113","0.0335","0.02320","10.213","3305313681",2747,"73.8540",27526,"6.553","0.452",226813,"20.404"
"2015-05-08","240.039",399658,201039,108995,"2.5950","232297259","0.0365","0.02400","9.600","3402146805",2427,"64.5860",25655,"6.553","0.441",259557,"20.444"
"2015-05-09","242.641",381245,144075,94587,"2.4710","192389560","0.0342","0.02430","11.163","3416674030",2270,"50.7910",23791,"5.653","0.413",208685,"20.492"
"2015-05-10","241.370",422232,147107,89280,"2.5320","205791987","0.0421","0.02410","11.163","3410481792",2600,"75.0840",31503,"6.039","0.482",246058,"20.494"
"2015-05-11","241.467",393377,180047,111216,"2.7910","251911416","0.0376","0.02410","9.114","3412201679",2592,"104.6830",32317,"6.424","0.437",230288,"20.530"
"2015-05-12","241.493",402642,184711,109951,"2.3910","228345122","0.0353","0.02410","9.600","3411581351",2304,"101.0830",30635,"6.167","0.427",235435,"20.530"
"2015-05-13","242.205",355154,169593,108696,"2.6910","245530950","0.0345","0.02420","8.889","3416132922",2473,"77.3340",30934,"6.424","0.381",216301,"20.553"
"2015-05-14","236.365",339196,164513,101430,"2.5270","224246927","0.0328","0.02360","9.351","3348712224",2431,"68.7510",31708,"7.837","0.364",208330,"20.615"
"2015-05-15","237.222",369920,167227,105013,"2.3620","197520469","0.0342","0.02370","9.796","3359827888",2138,"61.5830",42997,"6.424","0.410",216294,"20.626"
"2015-05-16","236.928",388937,164979,90554,"2.3870","155321972","0.0343","0.02370","10.909","3353315841",1998,"46.8320",32407,"6.296","0.396",240984,"20.607"
"2015-05-17","236.816",311769,142671,86991,"2.6830","125864615","0.0356","0.02370","8.421","3351835487",1723,"48.2040",32810,"6.681","0.306",234513,"20.602"
"2015-05-18","236.105",375173,162529,98434,"2.4320","198145051","0.0356","0.02360","10.000","3335012282",2248,"66.8280",34624,"6.810","0.411",217706,"20.630"
"2015-05-19","232.979",450267,175886,107216,"2.2320","251345877","0.0341","0.02330","11.077","3304045394",2598,"116.6150",34750,"6.553","0.481",225297,"20.625"
"2015-05-20","233.256",390266,176569,106743,"2.5580","225175064","0.0329","0.02330","9.931","3311937929",2396,"105.5490",30108,"7.067","0.414",227770,"20.638"
"2015-05-21","235.065",334261,165784,98147,"2.4380","190262110","0.0347","0.02350","9.290","3337093513",2309,"104.2500",27578,"6.553","0.373",210284,"20.628"
"2015-05-22","237.015",412091,166780,102632,"2.3760","258002974","0.0354","0.02370","10.435","3362359212",3054,"97.4480",29926,"6.553","0.443",220985,"20.691"
"2015-05-23","240.003",433508,143152,86167,"2.0750","194926553","0.0355","0.02400","12.857","3416143231",2683,"80.7790",27166,"6.681","0.454",197780,"20.642"
"2015-05-24","239.853",398798,162056,93898,"2.8970","140052844","0.0345","0.02400","9.863","3421087082",1857,"48.9540",27968,"6.553","0.370",264521,"20.633"
"2015-05-25","238.622",425687,170176,105945,"2.3230","179750750","0.0350","0.02390","10.213","3395996535",2127,"71.8260",30637,"5.653","0.439",219351,"20.626"
"2015-05-26","237.372",419028,177701,108240,"2.5850","200976331","0.0396","0.02370","10.000","3383513426",2238,"79.2370",34578,"6.938","0.500",234659,"20.635"
"2015-05-27","237.443",437825,176273,107951,"2.4000","239181661","0.0352","0.02370","10.435","3391704866",2550,"78.9760",29218,"6.424","0.462",226335,"20.620"
"2015-05-28","237.222",452825,175511,110848,"2.3970","207657402","0.0348","0.02370","10.909","3388941638",2175,"78.5960",23591,"5.782","0.491",224433,"20.615"
"2015-05-29","236.889",422172,183934,123898,"2.4920","227855998","0.0341","0.02370","9.351","3379588127",2086,"52.4390",24045,"6.938","0.462",261835,"20.606"
"2015-05-30","234.263",479982,197467,127665,"2.5260","187744811","0.0313","0.02340","10.588","3343346110",1673,"28.5170",23844,"8.223","0.499",287493,"20.599"
"2015-05-31","232.298",379627,175026,98636,"2.4770","179654704","0.0929","0.02320","9.730","3308736481",2237,"79.1320",24048,"7.195","1.057",266426,"20.621"
"2015-06-01","227.302",531003,212209,128564,"2.1930","253771254","0.0384","0.02270","10.909","3248200255",2756,"110.6150",27087,"6.424","0.654",270870,"20.649"
"2015-06-02","224.221",468759,210342,128057,"2.5670","234154735","0.0325","0.02240","9.600","3220297204",2519,"106.2450",28566,"6.810","0.493",271030,"20.626"
"2015-06-03","226.123",471771,205703,127458,"2.2750","247037476","0.0320","0.02260","10.141","3238445942",2503,"85.8200",34732,"6.681","0.506",252042,"20.581"
"2015-06-04","225.462",432548,192952,118205,"2.4090","228411807","0.0321","0.02250","10.213","3228292910",2378,"77.8330",76661,"6.938","0.476",236357,"20.565"
"2015-06-05","224.648",421808,182841,110063,"2.2670","245898550","0.0325","0.02250","10.435","3214920514",3009,"103.9660",28700,"6.167","0.460",236970,"20.557"
"2015-06-06","225.153",287410,171337,92518,"2.7330","177687221","0.0347","0.02250","8.090","3231190362",2611,"100.9880",27936,"5.910","0.320",237632,"20.545"
"2015-06-07","224.866",356071,149459,83478,"2.1390","159412333","0.0349","0.02250","9.664","3224314056",2666,"64.3980",26086,"6.296","0.347",235676,"20.552"
"2015-06-08","226.036",372176,158691,108016,"2.5610","195425954","0.0363","0.02260","9.172","3238710702",2371,"77.5600",46002,"6.553","0.441",222782,"20.590"
"2015-06-09","229.474",419535,194212,121487,"2.3440","242561892","0.0335","0.02290","9.536","3279584381",2420,"115.1410",43106,"6.424","0.468",236130,"20.609"
"2015-06-10","229.253",490404,215214,131110,"2.5990","239396139","0.0351","0.02290","8.521","3280514713",2304,"106.2170",26645,"6.296","0.474",306739,"20.620"
"2015-06-11","229.800",459109,197362,120489,"2.0260","236128392","0.0333","0.02300","10.667","3287819475",2428,"100.6420",52355,"6.296","0.515",243268,"20.633"
"2015-06-12","230.569",479125,195296,126803,"2.5590","254127410","0.0334","0.02310","10.141","3305983932",2494,"92.6590",36988,"5.396","0.515",261237,"20.627"
"2015-06-13","230.832",375065,176234,105684,"2.5920","187037081","0.0369","0.02310","9.057","3304740929",2315,"79.4120",21875,"5.396","0.424",247477,"20.642"
"2015-06-14","233.557",406924,181890,102888,"2.2530","235623787","0.0363","0.02340","9.730","3344177382",3002,"64.6570",46935,"6.424","0.431",265099,"20.645"
"2015-06-15","235.626",512849,219124,129245,"2.3430","308368837","0.0362","0.02360","10.000","3378642955",2815,"91.0120",28128,"5.910","0.550",285309,"20.633"
"2015-06-16","241.816",573693,193914,121423,"2.2220","377514416","0.0401","0.02420","12.203","3463141820",3758,"101.1520",84152,"7.324","0.678",250064,"20.664"
"2015-06-17","250.867",511154,225794,132964,"3.0350","410075090","0.0442","0.02510","9.114","3574492682",3566,"126.2110",35914,"7.324","0.591",289748,"20.663"
"2015-06-18","248.304",484335,197515,124773,"2.5130","318035462","0.0544","0.02480","9.231","3542517693",2918,"109.8920",38557,"12.848","0.697",240615,"20.656"
"2015-06-19","247.452",515826,195454,125075,"2.3630","370134020","0.0540","0.02470","9.796","3513100368",3658,"83.0520",28107,"7.709","0.738",248069,"20.810"
"2015-06-20","243.001",440109,173555,101878,"2.3680","226181094","0.0367","0.02430","10.746","3473990748",2668,"75.2670",25438,"7.324","0.457",240680,"20.849"
"2015-06-21","243.390",459770,164560,96530,"2.3850","187386042","0.0355","0.02430","11.613","3491414117",2479,"62.6660",23500,"6.167","0.453",257418,"20.849"
"2015-06-22","245.632",589155,177302,119192,"2.7490","251854178","0.0575","0.02460","9.412","3512239650",2317,"85.6730",27394,"6.296","0.726",209934,"20.816"
"2015-06-23","245.012",521540,210762,125420,"2.4010","261163972","0.0366","0.02450","10.286","3502780892",2259,"71.4990",28352,"6.810","0.533",270073,"20.828"
"2015-06-24","243.214",385482,187834,112937,"2.5230","257325667","0.0352","0.02430","9.231","3479142218",2474,"70.3550",36725,"6.039","0.418",229199,"20.828"
"2015-06-25","242.511",358747,154872,111316,"2.4630","206820947","0.0364","0.02430","9.474","3483579827",2082,"68.4430",26008,"7.581","0.438",203345,"20.832"
"2015-06-26","242.731",416795,206710,116278,"2.4520","339403846","0.0379","0.02430","9.351","3470146305",3171,"80.3250",23984,"6.296","0.470",256306,"20.832"
"2015-06-27","246.389",485325,195858,105875,"2.3640","289619884","0.0390","0.02460","11.163","3516258318",2938,"61.9350",23636,"6.681","0.517",273447,"20.845"
"2015-06-28","249.740",412655,169504,99004,"2.5530","190685512","0.0388","0.02500","10.213","3549725202",2061,"68.6250",25663,"6.553","0.435",242109,"20.862"
"2015-06-29","252.903",487031,197030,124040,"2.6480","308263040","0.0381","0.02530","10.286","3606334649",2704,"116.4190",40197,"8.094","0.532",246196,"20.810"
"2015-06-30","262.642",598351,223089,155724,"2.6990","397095089","0.0505","0.02630","9.931","3754186011",2807,"213.2600",33375,"9.508","0.820",280811,"20.799"
"2015-07-01","260.055",634389,209025,143977,"2.4360","295600129","0.0384","0.02600","10.667","3692483150",2388,"85.7960",29052,"8.473","0.627",267891,"20.817"
"2015-07-02","257.569",476853,226716,141999,"2.9380","310296166","0.0441","0.02580","9.351","3665967736",2421,"136.2230",27119,"8.131","0.628",276497,"20.836"
"2015-07-03","256.101",430182,208149,129558,"2.6170","293845935","0.0451","0.02560","8.944","3635668013",2454,"100.5490",25771,"7.585","0.564",267584,"20.780"
"2015-07-04","257.741",388004,177276,104430,"2.6500","222354803","0.0440","0.02580","9.474","3656504074",2267,"64.8020",23847,"7.585","0.468",251749,"20.788"
"2015-07-05","264.510",442136,196544,114942,"2.5060","279961725","0.0482","0.02650","10.141","3763158246",2708,"157.5360",24976,"8.729","0.587",272051,"20.780"
"2015-07-06","271.941",507676,247289,173889,"3.1050","376736516","0.0557","0.05410","7.956","3844163843",2371,"138.0210",36903,"9.125","0.781",287795,"20.833"
"2015-07-07","267.655",768931,242223,190613,"2.4880","307521862","0.0608","0.05350","10.746","3769614627",1828,"134.2900",29915,"8.258","1.276",283673,"20.845"
"2015-07-08","268.562",737068,243903,201586,"2.9590","316993630","0.0677","0.05370","8.944","3809251996",1685,"150.7370",36474,"8.826","1.247",286530,"20.843"
"2015-07-09","269.981",744650,226482,191030,"2.5040","334922407","0.0568","0.02700","10.827","3843289844",1865,"95.9740",30281,"8.109","1.195",283452,"20.816"
"2015-07-10","281.268",644364,225631,192866,"3.1190","476079845","0.0545","0.02810","9.351","4001162215",2663,"62.9530",29616,"8.815","0.962",289735,"20.851"
"2015-07-11","291.386",746400,214027,186052,"2.8370","335434777","0.0606","0.02910","9.730","4158303514",1990,"46.5960",24645,"8.334","1.036",287238,"20.835"
"2015-07-12","304.274",776777,203769,208550,"2.9040","354082241","0.0647","0.03040","10.667","4322881706",1839,"12.8730",26775,"9.393","1.298",284313,"20.785"
"2015-07-13","293.763",717845,196288,159547,"3.1300","368456414","0.0594","0.02940","9.730","4094251129",2468,"40.5820",42326,"8.676","0.865",254591,"20.827"
"2015-07-14","290.261",715924,188513,122474,"2.7950","344291096","0.0692","0.03370","10.000","4099226298",3081,"99.4640",50267,"8.002","0.805",255129,"20.807"
"2015-07-15","290.258",662717,183370,115417,"3.0020","324653210","0.0657","0.02900","9.412","4096911231",3193,"91.7700",38595,"7.820","0.679",231269,"20.808"
"2015-07-16","282.262",699283,173548,114253,"2.5990","365910393","0.0677","0.02820","10.746","3992405121",3423,"100.9650",35125,"7.842","0.812",243088,"20.886"
"2015-07-17","277.177",676519,159162,116759,"2.8560","294389790","0.0571","0.02770","9.796","3938277543",2949,"67.1960",29831,"7.392","0.651",222743,"20.931"
"2015-07-18","277.466",654575,148976,130546,"2.6560","222350372","0.0926","0.02770","9.664","3899877076",1888,"21.6020",25985,"7.553","1.157",230088,"20.919"
"2015-07-19","274.834",639831,164901,120735,"2.7580","183986939","0.0447","0.02750","9.474","3849015725",1658,"18.3280",25071,"7.638","0.515",263213,"20.903"
"2015-07-20","276.116",438947,194745,125102,"2.8610","254088488","0.0884","0.02760","9.231","3898337443",2203,"67.7310",36888,"6.750","1.018",248768,"20.906"
"2015-07-21","278.551",535387,208339,133658,"2.4810","264908588","0.0535","0.02790","11.339","3948340401",2194,"54.7380",30095,"7.071","0.803",236628,"20.910"
"2015-07-22","276.546",463006,202140,131105,"2.9800","252217407","0.0577","0.02770","9.351","3919721582",2232,"64.0120",44651,"7.178","0.707",0,"0.000"
"2015-07-23","277.064",401285,178077,109480,"2.5520","258582908","0.0673","0.02770","10.286","3929066124",2873,"105.1000",33408,"6.879","0.755",0,"0.000"
"2015-07-24","282.729",376211,181685,109749,"3.0550","303854092","0.0600","0.02830","8.521","4028877185",3143,"100.2340",28664,"6.814","0.549",0,"0.000"
"2015-07-25","288.564",354624,156118,100390,"2.7020","194624925","0.0582","0.02890","9.351","4097949970",2185,"63.5960",21076,"6.975","0.524",0,"20.909"
"2015-07-26","290.788",433689,171441,92632,"2.7880","151515822","0.0665","0.02910","10.000","4123831837",1860,"76.5290",15592,"7.232","0.586",0,"20.906"
"2015-07-27","291.318",532022,188594,115077,"2.7960","253751745","0.0793","0.02910","9.664","4100944581",2534,"99.4710",30972,"7.938","0.835",0,"20.943"
"2015-07-28","294.087",574385,193839,118214,"2.6200","317019994","0.0694","0.02940","10.588","4135168208",2974,"99.0730",33519,"7.360","0.815",258879,"20.959"
"2015-07-29","290.804",840141,224015,143048,"3.0570","281015511","0.0793","0.04140","9.474","4116440307",2287,"110.1690",37726,"7.360","1.017",270476,"20.960"
"2015-07-30","287.751",777019,191778,122807,"2.6180","264453265","0.0793","0.03200","10.827","4087694830",2402,"108.5010",33018,"6.654","1.007",246547,"20.927"
"2015-07-31","284.668",756014,207830,147352,"2.9800","252395069","0.0729","0.03020","9.536","4036930015",1961,"95.8670",27789,"6.579","0.991",271001,"20.933"
"2015-08-01","280.980",729761,195605,147326,"2.6250","195700567","0.0623","0.02810","9.290","4006359124",1502,"53.5490",26960,"10.689","0.837",267062,"20.930"
"2015-08-02","280.317",428099,169080,103449,"2.6120","157002521","0.0564","0.02800","9.536","4009288982",1827,"48.1140",24294,"9.299","0.549",260292,"20.933"
"2015-08-03","282.591",454890,187709,119687,"2.9400","236692000","0.0640","0.02830","9.172","4040683377",2436,"72.7790",35036,"7.803","0.686",247772,"20.948"
"2015-08-04","283.586",797497,207723,132411,"2.4100","279608583","0.0754","0.03690","10.588","4044523105",2510,"129.1950",34486,"7.482","1.025",260149,"20.826"
"2015-08-05","282.593",800884,212918,133625,"2.9820","311212640","0.0717","0.03340","10.827","4022245772",2627,"123.2160",31470,"7.268","1.010",280613,"20.768"
"2015-08-06","279.109",785084,200510,134695,"2.7190","285849207","0.0768","0.05220","10.070","3990839109",2395,"81.6010",35658,"6.627","1.027",257987,"20.673"
"2015-08-07","278.091",498118,182624,111208,"2.5170","273180661","0.0627","0.02780","10.511","3955623563",2792,"98.1810",47467,"6.841","0.727",248898,"20.686"
"2015-08-08","272.542",350327,175152,101351,"2.8590","284038183","0.0603","0.02730","8.944","3853540067",3305,"70.7000",29031,"6.627","0.554",251314,"20.570"
"2015-08-09","263.326",368472,153077,90392,"2.4970","304340010","0.0554","0.02630","10.141","3755054461",3577,"70.7110",27132,"6.734","0.533",240857,"20.929"
"2015-08-10","264.516",450323,187590,116674,"2.6670","291533429","0.0648","0.02650","8.623","3761475432",2817,"97.6200",27744,"6.627","0.681",253842,"21.176"
"2015-08-11","265.458",410333,184256,114579,"2.3870","279834024","0.0604","0.02650","8.889","3774295735",2720,"104.2500",26653,"7.161","0.641",236213,"21.175"
"2015-08-12","267.668",503121,193423,117772,"2.3550","324791822","0.0582","0.02680","11.429","3804911574",3045,"97.8510",29241,"6.520","0.807",246215,"21.163"
"2015-08-13","264.053",443967,187027,117360,"2.6460","329519859","0.0555","0.02640","9.796","3766644682",3299,"78.0000",31087,"6.948","0.668",237969,"21.148"
"2015-08-14","264.837",433286,185039,111113,"2.4950","326334964","0.0578","0.02650","10.141","3798335873",3289,"80.4660",30737,"6.520","0.680",236280,"21.102"
"2015-08-15","264.722",391396,168314,94807,"2.5450","255227625","0.0573","0.02650","10.511","3780938872",2886,"62.3460",28722,"6.413","0.597",236800,"21.068"
"2015-08-16","258.969",378500,161898,89360,"2.4290","259540760","0.0549","0.02590","10.435","3704842867",3165,"80.0130",24050,"7.161","0.547",246539,"21.039"
"2015-08-17","257.854",425285,190800,114902,"2.6570","354416601","0.0527","0.02580","9.796","3706332484",3408,"108.4400",37040,"6.948","0.636",245985,"21.032"
"2015-08-18","253.790",479285,201878,119657,"2.3580","430134279","0.0543","0.02540","10.213","3604969298",3874,"111.2960",28767,"8.230","0.722",267354,"20.954"
"2015-08-19","231.748",414354,197616,119995,"2.2760","355771460","0.0467","0.02320","9.231","3274728642",3159,"102.5560",28539,"9.727","0.617",259630,"20.934"
"2015-08-20","232.887",407357,188207,118080,"2.1290","322216031","0.0508","0.02330","9.600","3327860050",3129,"100.9420",36462,"8.551","0.684",239574,"20.915"
"2015-08-21","233.452",365962,198258,113627,"2.4670","305414630","0.0477","0.02330","8.727","3331386336",2974,"82.0890",39012,"8.123","0.560",243537,"20.854"
"2015-08-22","229.848",378159,198996,105507,"2.1050","270948410","0.0488","0.02300","9.114","3272786444",2795,"58.6190",34967,"7.589","0.565",268182,"20.809"
"2015-08-23","229.287",408694,172518,94395,"1.9820","219891004","0.0502","0.02290","10.746","3248378676",2492,"60.6780",27692,"8.337","0.614",258445,"20.788"
"2015-08-24","219.892",464513,202258,125213,"2.1280","414219597","0.0460","0.02200","9.290","3116618034",3585,"92.5610",34342,"9.192","0.673",274246,"20.777"
"2015-08-25","213.673",485966,195643,121838,"1.8040","408223039","0.0443","0.02140","10.667","3075432623",3628,"95.2810",37941,"9.406","0.743",254062,"20.816"
"2015-08-26","225.249",384667,191896,122691,"2.3240","316868568","0.0462","0.02250","8.944","3244055127",2924,"85.9580",33987,"8.123","0.622",255606,"20.791"
"2015-08-27","225.623",438508,190851,119942,"1.9130","311185331","0.0449","0.02260","10.511","3240906595",2823,"86.8610",34558,"7.268","0.693",243773,"20.810"
"2015-08-28","227.685",412922,196400,120230,"2.2690","339275041","0.0463","0.02280","9.290","3271428787",3170,"93.0710",39945,"7.161","0.628",266678,"20.738"
"2015-08-29","230.117",350965,177332,107329,"2.0930","198080716","0.0458","0.02300","9.000","3289780954",2107,"59.5070",14768,"7.055","0.532",198452,"20.722"
"2015-08-30","229.659",372025,171728,98189,"2.0890","159189886","0.0456","0.02300","9.600","3289829922",1826,"70.7950",32134,"6.948","0.518",256675,"20.713"
"2015-08-31","228.792",454204,193498,127103,"2.1020","257052012","0.0496","0.02290","9.172","3287727721",2334,"76.8520",35949,"6.627","0.698",265807,"20.780"
"2015-09-01","228.197",451761,202829,130256,"2.2320","287290996","0.0443","0.02280","9.351","3272849765",2498,"80.9660",37021,"6.841","0.653",276332,"20.769"
"2015-09-02","228.016",755611,209018,149906,"2.1640","283972295","0.0820","0.04560","9.000","3254943339",2142,"157.6270",39013,"6.841","1.331",258552,"20.769"
"2015-09-03","227.614",494615,202182,128536,"2.0480","246668958","0.0495","0.02280","9.863","3259698973",2162,"87.8140",42474,"6.734","0.761",267320,"20.782"
"2015-09-04","229.058",355384,172468,103817,"2.0900","228817438","0.0553","0.02290","9.231","3281548900",2437,"84.0010",36321,"6.841","0.640",222824,"20.759"
"2015-09-05","231.934",448335,198115,124071,"1.9780","186765854","0.0521","0.02320","9.796","3322516844",1699,"40.3380",29023,"6.413","0.753",288585,"20.758"
"2015-09-06","239.717",411236,173768,106149,"2.0270","207607354","0.0494","0.02400","10.000","3419119314",2160,"59.8060",35583,"6.841","0.605",264468,"20.729"
"2015-09-07","240.530",477495,197111,125315,"2.3160","218750816","0.0570","0.02410","9.474","3455213326",1967,"76.5550",38792,"6.199","0.777",140941,"20.693"
"2015-09-08","243.394",692200,204064,125243,"2.0370","305922639","0.0498","0.02430","10.588","3535675580",2719,"98.8090",46889,"6.841","0.749",293553,"20.690"
"2015-09-09","240.462",728272,194220,126308,"2.2710","279535617","0.0517","0.02400","9.664","3463668827",2481,"106.8950",16909,"6.413","0.725",0,"20.675"
"2015-09-10","238.539",698554,184297,124780,"2.1900","293604920","0.0531","0.02390","8.421","3435844536",2614,"85.4500",37882,"6.520","0.647",216913,"20.616"
"2015-09-11","239.916",697999,199609,179844,"2.0000","255312070","0.0508","0.02400","9.114","3464888833",1618,"27.2700",38518,"6.627","0.956",266605,"20.623"
"2015-09-12","238.114",662048,173325,137605,"1.9600","164185116","0.0503","0.02380","10.667","3438891093",1375,"34.2700",32205,"6.199","0.855",252935,"20.623"
"2015-09-13","232.617",623311,185953,145897,"2.2510","174473445","0.0404","0.02330","9.536","3351769653",1344,"18.3510",40350,"6.199","0.668",287980,"20.622"
"2015-09-14","230.218",742510,207081,166563,"1.9170","262117296","0.0432","0.02300","9.474","3334978018",1743,"30.0790",16262,"6.413","0.816",267943,"20.605"
"2015-09-15","230.152",697698,216751,162839,"2.1450","264448820","0.0408","0.02300","9.000","3327247333",1854,"39.8800",20470,"6.734","0.718",280742,"20.535"
"2015-09-16","228.705",675766,204261,167127,"1.8330","271792713","0.0357","0.02290","10.141","3313642747",1961,"30.4940",45085,"6.841","0.731",251552,"20.527"
"2015-09-17","230.686",705185,212283,259135,"2.1350","249123391","0.0241","0.00997","10.000","3354836745",1166,"0.0917",33180,"7.375","0.748",265938,"20.503"
"2015-09-18","233.043",556663,208411,161357,"2.0000","251145404","0.0367","0.02330","9.796","3373989402",1852,"35.3580",31747,"7.482","0.687",287802,"20.504"
"2015-09-19","231.588",469180,180880,114726,"1.8090","220761000","0.0439","0.02320","11.520","3348361124",2198,"59.5200",39778,"6.734","0.692",243952,"20.470"
"2015-09-20","230.940",479156,185455,109030,"2.0450","179909915","0.0450","0.02310","11.250","3361873472",1937,"61.9960",65535,"6.520","0.661",291520,"20.479"
"2015-09-21","228.015",602299,208338,131547,"1.9300","308687596","0.0499","0.02280","10.909","3316520431",2809,"82.0140",59563,"6.734","0.865",286941,"20.507"
"2015-09-22","228.689",486225,221889,136627,"2.0560","309272235","0.0466","0.02290","9.172","3334240058",2574,"100.9840",82378,"7.482","0.705",320302,"20.498"
"2015-09-23","230.404",459698,202801,131242,"2.0200","255071389","0.0448","0.02300","9.114","3336455750",2209,"99.5200",42946,"6.627","0.643",254016,"20.441"
"2015-09-24","232.239",487626,201278,125227,"1.8840","246711986","0.0450","0.02320","10.286","3390358573",2249,"110.1600",46527,"6.841","0.690",252278,"20.388"
"2015-09-25","235.295",428757,204545,128002,"2.1150","286742174","0.0499","0.02350","8.780","3411354083",2501,"106.6700",41322,"6.948","0.658",261082,"20.373"
"2015-09-26","234.051",437635,185660,115475,"1.8350","213713828","0.0507","0.02340","9.796","3397060494",2066,"74.7490",41039,"6.627","0.676",279719,"20.366"
"2015-09-27","233.409",441979,185635,108600,"2.0380","154318601","0.0473","0.02330","9.664","3399865038",1622,"76.1110",30532,"5.879","0.588",277147,"20.362"
"2015-09-28","237.125",514635,207556,138427,"2.0930","304943073","0.0450","0.02370","10.070","3444840473",2562,"118.0820",35355,"6.199","0.731",265014,"20.355"
"2015-09-29","237.937",464658,227744,140490,"2.1330","348787391","0.0464","0.02380","8.276","3458714589",2926,"125.5140",40135,"6.841","0.626",306444,"20.393"
"2015-09-30","236.866",513978,215541,139700,"1.8470","284487765","0.0454","0.02370","9.730","3456025473",2404,"109.6700",43080,"6.948","0.720",291756,"20.447"
"2015-10-01","236.899",457153,205660,134178,"1.9730","329546553","0.0509","0.02370","9.664","3437145919",2779,"127.8280",41189,"6.409","0.769",255850,"20.437"
"2015-10-02","237.726",527956,212062,139608,"2.0840","360564180","0.0441","0.02380","10.435","3454290118",2925,"112.4670",35561,"6.114","0.746",270433,"20.368"
"2015-10-03","238.381",392669,176198,119422,"1.9730","211100862","0.0433","0.02380","9.931","3456572479",1995,"78.6660",49494,"5.954","0.595",230497,"20.229"
"2015-10-04","238.794",372622,176209,103378,"1.9680","185454035","0.0447","0.02390","9.412","3468251089",2023,"80.7270",33909,"6.400","0.504",279852,"20.221"
"2015-10-05","238.724",423173,183865,125395,"1.9970","292003861","0.0445","0.02390","9.412","3480006668",2614,"102.9430",32712,"6.614","0.607",261212,"20.216"
"2015-10-06","243.136",542565,198990,144368,"1.9530","370258635","0.0435","0.02430","10.141","3538728877",2935,"123.1070",39541,"6.952","0.722",281952,"20.220"
"2015-10-07","245.262",686417,206830,134798,"1.9770","326571639","0.0454","0.02450","10.827","3571087743",2693,"110.7040",38773,"6.836","0.746",272851,"20.205"
"2015-10-08","243.701",658143,221079,140208,"2.0640","447743688","0.0467","0.02440","10.286","3548675896",3501,"101.6720",35461,"6.845","0.763",279973,"20.265"
"2015-10-09","243.629",594973,172614,114518,"1.8340","288548301","0.0491","0.02440","11.429","3540946181",2911,"98.9810",30426,"6.560","0.729",227575,"20.256"
"2015-10-10","244.579",632549,203290,126845,"2.3920","268774963","0.0478","0.02450","9.000","3560715912",2293,"61.2270",29433,"6.355","0.617",298456,"20.246"
"2015-10-11","245.811",541092,168019,104404,"1.8710","221725734","0.0456","0.02460","9.863","3571439433",2283,"82.8010",27940,"6.569","0.528",268328,"20.241"
"2015-10-12","246.638",575017,191258,134268,"2.0360","313056898","0.0468","0.02470","10.141","3578629557",2573,"110.7880",34146,"7.068","0.713",281796,"20.186"
"2015-10-13","247.404",555114,195127,134741,"2.0480","382750609","0.0458","0.02470","10.511","3598525575",3058,"92.7390",31813,"6.676","0.724",269120,"20.178"
"2015-10-14","251.284",526043,212492,141833,"2.1370","391563118","0.0481","0.02510","9.474","3659012906",2997,"109.4210",28030,"6.569","0.710",273778,"20.172"
"2015-10-15","254.488",538007,258199,153329,"2.2270","459364365","0.0471","0.02540","8.675","3721793892",3326,"126.4790",37296,"6.676","0.680",329952,"20.204"
"2015-10-16","259.868",577883,231858,143142,"1.9810","445818759","0.0515","0.02600","10.000","3807353510",3338,"118.9930",36070,"6.774","0.782",293889,"20.231"
"2015-10-17","269.135",599697,239500,135775,"2.2150","381805922","0.0535","0.02690","10.588","3925410959",3077,"86.5870",31701,"7.113","0.789",335462,"20.246"
"2015-10-18","266.726",532592,204044,119561,"2.2910","267461436","0.0510","0.02670","9.931","3844391451",2374,"80.9960",25220,"6.943","0.628",298466,"20.220"
"2015-10-19","263.775",510448,233128,143804,"2.2590","354600773","0.0519","0.02640","8.727","3831569872",2714,"120.1570",35703,"6.836","0.682",312628,"20.173"
"2015-10-20","267.214",689271,248038,146221,"2.0190","380160503","0.0578","0.02670","11.250","3902639410",2918,"109.9590",42914,"7.389","0.980",353073,"20.199"
"2015-10-21","268.111",565209,243690,150055,"2.3590","339787270","0.0507","0.02680","10.000","3893336454",2490,"107.9480",38896,"7.059","0.784",317857,"20.197"
"2015-10-22","271.908",546652,241016,147254,"2.1250","384437736","0.0543","0.02720","9.730","3942395393",2862,"123.0890",44027,"8.182","0.789",312702,"20.083"
"2015-10-23","276.610",555595,236407,143319,"2.3470","353505786","0.0555","0.02770","9.664","3995109118",2749,"93.7280",37326,"7.291","0.766",315436,"20.078"
"2015-10-24","279.731",525314,247569,139983,"2.3100","345328671","0.0537","0.02800","9.931","4028102405",2660,"66.4110",36013,"6.542","0.737",342672,"20.029"
"2015-10-25","289.505",527163,227099,131333,"2.4190","378579568","0.0547","0.02900","9.290","4163672527",3045,"91.1950",30139,"7.835","0.637",335149,"20.018"
"2015-10-26","284.408",477347,217307,116236,"2.5340","409140495","0.0652","0.02840","8.780","4109802603",3762,"117.2830",37096,"7.844","0.647",345648,"20.059"
"2015-10-27","292.005",546525,243035,153593,"2.2590","490665135","0.0552","0.02920","9.796","4229333126",3430,"119.0850",50484,"8.691","0.785",316923,"20.062"
"2015-10-28","301.252",592710,240736,160036,"2.4320","514997992","0.0567","0.03010","10.360","4372208204",3730,"115.1070",45782,"8.236","0.860",305227,"19.945"
"2015-10-29","309.563",591579,243375,160911,"2.7240","682086068","0.0653","0.03100","9.536","4461346294",4407,"110.4800",45960,"9.056","0.892",344468,"19.942"
"2015-10-30","324.762",517493,257720,166524,"2.8030","770837416","0.0625","0.03250","8.421","4632047440",4834,"132.3330",32577,"10.304","0.745",342132,"19.845"
"2015-10-31","321.941",540178,254743,155253,"2.3430","553939347","0.0592","0.03220","9.796","4574466454",3703,"89.6200",35257,"8.343","0.771",327124,"19.830"
"2015-11-01","316.359",541861,248908,152335,"2.6020","508642960","0.0568","0.03160","9.412","4504972110",3453,"116.3820",31402,"8.812","0.711",333188,"19.803"
"2015-11-02","335.738",625748,262075,171955,"2.7360","793712775","0.0650","0.03360","9.412","4716680705",4806,"120.0500",35962,"10.899","0.863",341701,"19.866"
"2015-11-03","384.145",683519,308742,186207,"3.0520","1300267009","0.0708","0.03840","9.290","5264771112",7077,"159.4070",42652,"16.001","0.879",389890,"19.949"
"2015-11-04","449.287",784045,338440,204043,"3.7390","4833933978","0.0989","0.04490","9.290","6216147947",22854,"204.5370",54768,"20.871","1.147",431681,"20.016"
"2015-11-05","401.566",729894,292391,182663,"3.2070","1352586731","0.0750","0.04020","9.863","5833252888",8108,"164.0330",51405,"16.929","0.927",381636,"20.069"
"2015-11-06","372.194",657974,287604,166748,"3.0200","988957571","0.0721","0.03720","9.931","5357816815",6076,"133.0840",43351,"13.682","0.885",377212,"20.111"
"2015-11-07","383.625",536049,248815,151345,"3.0890","794389041","0.0654","0.03840","9.474","5510551675",5682,"86.6530",36433,"10.435","0.675",313685,"20.061"
"2015-11-08","382.200",547932,221247,132411,"2.9520","701212257","0.0677","0.03820","10.360","5480703241",5452,"96.2250",39567,"9.972","0.671",347065,"20.006"
"2015-11-09","374.932",623417,261625,159687,"3.2870","1093904476","0.0695","0.03750","9.664","5420700157",7158,"110.6960",45103,"10.435","0.789",366012,"19.905"
"2015-11-10","365.764",606729,255561,161816,"2.8430","1026993984","0.0660","0.03660","9.863","5330899658",6569,"122.2020",43853,"10.435","0.794",335929,"19.801"
"2015-11-11","315.768",524454,256844,158761,"2.5850","1033561402","0.0556","0.03160","8.571","4678497060",7091,"123.1680",34774,"10.435","0.662",342220,"19.796"
"2015-11-12","327.694",524544,257472,157686,"2.5730","919838184","0.0535","0.03280","8.944","4832205465",6240,"133.8220",38371,"9.508","0.637",331450,"19.692"
"2015-11-13","333.683",493215,248302,154667,"2.5520","905489513","0.0553","0.03340","9.000","4903146805",6138,"126.8710",35364,"9.276","0.637",313316,"19.700"
"2015-11-14","333.448",541735,258133,150332,"2.3800","983223869","0.0543","0.03330","10.141","4888532096",6842,"96.9330",30226,"7.653","0.685",355196,"19.683"
"2015-11-15","328.106",498311,249798,143209,"2.7210","668964502","0.0527","0.03280","9.000","4763559221",4910,"107.2440",32216,"7.885","0.573",377039,"19.679"
"2015-11-16","322.131",521369,256017,158143,"2.4780","805482107","0.0566","0.03220","8.324","4744168818",5408,"130.2010",35757,"8.580","0.639",332050,"19.939"
"2015-11-17","334.502",557522,245491,156539,"2.2490","596866019","0.0562","0.03350","9.664","4896263552",4086,"114.3160",36957,"8.348","0.702",319795,"19.821"
"2015-11-18","333.660",598325,262339,165116,"2.8880","559167918","0.0553","0.03340","9.412","4901798976",3630,"113.0630",40387,"8.580","0.711",363465,"19.897"
"2015-11-19","330.832",609788,250497,154347,"2.2980","632586145","0.0552","0.03310","10.588","4838504452",4384,"105.2420",32915,"9.044","0.752",315157,"19.904"
"2015-11-20","319.889",505249,251604,155607,"2.6820","667858503","0.0529","0.03200","8.623","4724247921",4562,"98.5980",33652,"8.812","0.613",322462,"19.918"
"2015-11-21","324.813",468786,253789,150861,"2.5610","450721413","0.0513","0.03250","8.276","4796710977",3236,"79.7820",25295,"9.044","0.546",342296,"19.896"
"2015-11-22","324.123",437083,231040,129487,"2.3910","342050674","0.0583","0.03240","8.372","4759368608",2819,"82.6000",17983,"7.653","0.540",343028,"19.879"
"2015-11-23","322.867",515639,233265,145109,"2.4300","392623564","0.0571","0.03230","8.834","4757716531",2977,"115.1970",21268,"8.580","0.626",304962,"19.876"
"2015-11-24","320.608",522949,266163,152168,"2.2720","419150207","0.0529","0.03210","9.231","4730604940",3062,"108.6210",20427,"8.580","0.641",345006,"19.874"
"2015-11-25","322.364",558531,248880,151713,"2.1230","568756072","0.0563","0.03220","9.730","4791649584",4053,"128.9210",27288,"8.580","0.712",329178,"19.876"
"2015-11-26","342.484",536801,264189,164495,"2.6590","687958120","0.0582","0.03420","8.182","5055556081",4375,"147.4590",24681,"9.044","0.632",350502,"20.005"
"2015-11-27","355.977",649481,251437,160102,"2.1040","728100752","0.0593","0.03560","10.827","5200142293",4750,"147.9440",25861,"8.812","0.796",305800,"19.633"
"2015-11-28","354.843",551146,284648,165522,"2.6350","659306078","0.0568","0.03550","9.351","5279495080",4206,"75.4220",25749,"8.116","0.684",360235,"19.427"
"2015-11-29","360.479",453425,198732,129701,"2.3970","472208733","0.0616","0.03600","9.664","5364732317",3874,"97.6210",24219,"7.421","0.592",280635,"19.399"
"2015-11-30","376.271",672429,318915,182486,"2.8840","869424924","0.0707","0.03760","8.889","5601169487",5057,"150.7400",26261,"9.276","0.840",438179,"19.427"
"2015-12-01","367.190",566991,293149,177945,"2.3390","867375024","0.0645","0.03670","8.623","5467454770",5151,"146.0160",25143,"9.276","0.744",369424,"20.036"
"2015-12-02","355.655",655902,303196,183362,"2.5700","869403213","0.0630","0.03560","8.944","5297193482",5344,"146.9440",23887,"8.348","0.801",381492,"20.093"
"2015-12-03","361.925",643103,246761,164632,"2.3550","694416802","0.0653","0.03620","10.141","5392037973",4602,"115.9630",23460,"8.116","0.831",323411,"20.024"
"2015-12-04","359.977",588649,258546,173433,"2.5940","901869333","0.0595","0.03600","9.412","5364288772",5604,"117.9230",22066,"7.421","0.745",328140,"20.024"
"2015-12-05","374.789",574056,320415,186019,"2.8580","1760285236","0.0626","0.03750","8.229","5586443528",9887,"129.8010",22531,"8.348","0.706",410596,"19.951"
"2015-12-06","393.696",594324,287233,179553,"2.5570","2086238370","0.0666","0.03940","9.057","5869984779",12025,"190.5810",22728,"8.812","0.759",379689,"19.935"
"2015-12-07","393.935",688102,300808,192683,"2.3710","1168804847","0.0675","0.03940","9.796","5875122405",6531,"198.2760",25413,"9.508","0.891",383792,"19.953"
"2015-12-08","395.330",616955,324267,195046,"2.8340","1108568022","0.0665","0.03950","8.229","5897383375",6090,"177.6960",24716,"11.131","0.745",396088,"19.917"
"2015-12-09","417.576",687641,342698,220155,"2.5420","1514603698","0.0708","0.04180","8.571","6231066237",7508,"251.0910",33862,"23.190","0.881",425026,"20.031"
"2015-12-10","415.562",532145,341000,211820,"3.0910","1240139596","0.0704","0.04160","6.667","6202755406",6357,"269.2420",25232,"14.841","0.661",422548,"20.044"
"2015-12-11","432.058",637173,309543,210099,"2.3260","1536195363","0.0890","0.04320","9.000","6451302915",7828,"268.6530",26210,"12.059","1.071",380296,"20.064"
"2015-12-12","432.019",689092,350922,203979,"2.7750","1357846160","0.0783","0.04320","8.889","6452449468",7249,"190.4160",23062,"10.667","0.905",474525,"20.041"
"2015-12-13","435.760",688748,300351,189772,"2.5370","2166948549","0.0764","0.04360","10.141","6510086779",12143,"254.9000",21459,"9.972","0.929",416464,"20.002"
"2015-12-14","441.485",629881,335444,231282,"3.2360","2008904200","0.0774","0.04410","7.385","6597185574",9486,"219.5580",32070,"9.508","0.825",477652,"19.899"
"2015-12-15","456.742",621309,340228,223815,"2.8120","1865807809","0.0816","0.04570","7.869","6827410103",9122,"209.6960",28842,"10.435","0.867",424449,"19.969"
"2015-12-16","456.521",676230,327220,220257,"2.7020","1918673569","0.0775","0.04570","8.834","6826183331",9318,"213.2860",27652,"10.435","0.910",413586,"19.928"
"2015-12-17","455.108",676525,315139,216142,"2.8870","1812196236","0.0793","0.04550","9.290","6806917645",8825,"232.9010",23729,"9.972","0.963",417820,"19.804"
"2015-12-18","459.385",611776,312764,213678,"2.9760","1774288441","0.0812","0.04590","8.521","6872665745",8838,"245.4110",24189,"8.812","0.887",409529,"19.812"
"2015-12-19","462.587",653173,349534,213719,"2.4930","1661560806","0.0763","0.04630","9.172","6922542459",8497,"151.5340",21372,"9.044","0.890",450435,"19.697"
"2015-12-20","453.641",599984,306859,193682,"2.4680","1708217091","0.0785","0.04540","8.727","6790429115",9260,"222.6680",19855,"8.812","0.807",365783,"19.689"
"2015-12-21","437.468",766445,336590,229295,"2.2050","2183923150","0.0784","0.04370","9.664","6550147207",10197,"249.9330",24803,"9.044","1.092",446717,"19.550"
"2015-12-22","439.047",749711,329137,222567,"2.5080","2022969093","0.0772","0.04390","9.600","6575428221",9453,"244.3930",25707,"8.812","1.033",419228,"19.531"
"2015-12-23","440.857",686848,306698,220918,"2.3330","1896949174","0.0794","0.04410","9.172","6604191700",8950,"258.1980",26011,"9.044","1.005",415266,"19.514"
"2015-12-24","454.111",729549,297704,210090,"2.2430","2045936889","0.0785","0.04540","10.435","6804513121",10119,"291.3500",23679,"9.508","1.043",409699,"19.509"
"2015-12-25","454.511",528161,250502,180221,"2.8750","1693227788","0.0746","0.04550","8.889","6812078852",10161,"308.9120",21240,"8.812","0.726",341093,"19.463"
"2015-12-26","428.423",542753,283834,179192,"2.2800","1099216671","0.0750","0.04280","8.421","6422816623",6646,"109.7230",21795,"9.508","0.729",370306,"19.508"
"2015-12-27","417.265",447224,236680,160066,"2.4120","476284457","0.0706","0.04170","7.024","6257316357",3760,"85.9380",32284,"9.276","0.526",363200,"19.467"
"2015-12-28","424.113",656033,269352,172978,"1.9640","721741568","0.0764","0.04240","9.536","6362188048",5340,"124.7940",31890,"9.276","0.819",366698,"19.493"
"2015-12-29","425.095",620992,274236,184459,"2.3650","619105764","0.0722","0.04250","9.057","6378528023",4983,"123.6180",24417,"9.276","0.783",370066,"19.483"
"2015-12-30","428.988",553996,273408,176282,"2.3250","494504373","0.0749","0.04290","8.727","6438637752",5625,"107.5030",26654,"8.812","0.742",373265,"19.467"
"2015-12-31","425.418",554812,233590,155220,"2.0470","446419196","0.0699","0.04250","10.141","6386815540",3189,"104.3300",24012,"7.653","0.714",329915,"19.505"
"2016-01-01","432.258",493324,201778,123957,"2.0540","379076692","0.0691","0.04320","10.667","6491043325",3327,"99.3240",20122,"7.601","0.584",264236,"19.532"
"2016-01-02","433.240",579661,260130,148893,"2.2480","316052129","0.0913","0.04330","9.931","6507250695",3010,"74.2070",19715,"8.269","0.859",378897,"19.527"
"2016-01-03","429.271",554573,244440,142463,"2.0160","335024463","0.0726","0.04290","9.931","6449181464",2697,"91.5210",19638,"8.397","0.661",322323,"19.514"
"2016-01-04","431.819",556888,279282,181173,"2.3140","403527082","0.0733","0.04320","7.956","6489027901",2536,"93.1490",23308,"8.821","0.676",359733,"19.554"
"2016-01-05","432.241",641696,291077,182214,"2.0250","539740982","0.0766","0.04320","9.172","6497325225",3294,"110.5890",27207,"8.421","0.816",371034,"19.562"
"2016-01-06","429.829",662297,261494,171949,"2.0450","515346367","0.0760","0.04300","10.213","6462768454",3335,"114.2980",24615,"8.269","0.856",341777,"19.458"
"2016-01-07","447.946",704633,295859,190087,"2.1870","649654997","0.0872","0.04480","9.796","6736738330",3777,"118.6830",24700,"9.925","0.998",359906,"19.454"
"2016-01-08","454.849",583567,281590,181234,"2.3300","477344820","0.0816","0.04550","8.324","6842235932",2990,"114.4300",26040,"10.272","0.747",360597,"19.380"
"2016-01-09","449.909",638583,307207,179817,"2.0660","319237660","0.0756","0.04500","9.536","6769859847",2116,"74.4760",20585,"8.937","0.795",399868,"19.376"
"2016-01-10","444.408",522339,270575,161142,"2.3010","450676870","0.0771","0.04440","8.229","6688763211",3189,"85.1700",20755,"8.385","0.636",374094,"19.406"
"2016-01-11","447.174",656298,295362,191026,"2.1250","583290721","0.0840","0.04470","8.471","6732346505",4270,"108.8960",23867,"8.821","0.838",391385,"19.304"
"2016-01-12","445.538",606834,305776,194704,"2.1520","491023638","0.0794","0.04460","8.471","6709609259",2920,"108.4440",27110,"8.461","0.811",388756,"19.412"
"2016-01-13","428.513",676273,287901,187983,"1.7910","528824982","0.0781","0.04290","9.730","6455051806",3205,"121.3740",27094,"8.577","0.919",346613,"19.419"
"2016-01-14","430.349",718484,291829,183049,"1.9100","461847303","0.0748","0.04300","10.827","6484300270",2880,"120.6370",25568,"8.089","0.949",364296,"19.423"
"2016-01-15","403.973",785421,284696,183520,"1.7400","621476633","0.0787","0.04040","11.803","6088222786",3811,"116.1020",31035,"12.096","1.160",362827,"19.459"
"2016-01-16","371.323",745794,330108,191158,"1.7370","503987009","0.0675","0.03710","10.141","5597287391",2856,"75.9220",28097,"13.007","0.971",434078,"19.489"
"2016-01-17","384.435",753983,352022,203977,"1.8770","3944460920","0.0685","0.03840","9.536","5796304260",19515,"77.9900",25408,"10.400","0.954",456430,"19.463"
"2016-01-18","383.000",665426,325175,213732,"1.6900","3573385257","0.0707","0.03830","8.324","5776110396",16948,"91.3850",29308,"10.516","0.905",414949,"19.459"
"2016-01-19","383.472",773755,283147,186725,"1.5320","3323913284","0.0815","0.03830","10.827","5784894313",18075,"120.7450",24617,"9.757","1.180",364949,"19.456"
"2016-01-20","392.939",862012,355974,208919,"1.8130","1512400335","0.0874","0.03930","9.474","5929003372",7454,"105.6140",29720,"10.464","1.209",570723,"19.462"
"2016-01-21","414.174",840116,348163,222606,"1.8860","2100121859","0.0937","0.04140","10.511","6251002795",9877,"122.1400",29595,"9.733","1.450",435891,"19.499"
"2016-01-22","393.566",661773,333197,213507,"1.9560","2973756111","0.0833","0.03940","8.182","5941306393",14218,"122.0070",27533,"9.361","1.017",426162,"19.465"
"2016-01-23","388.784",571419,322771,190221,"1.7910","11515606499","0.0789","0.03890","8.045","5870827719",60833,"120.3670",23029,"8.705","0.856",431557,"19.337"
"2016-01-24","396.316",619003,323042,201254,"1.7930","26651030344","0.0791","0.03960","8.421","5986340102",132628,"163.5560",22635,"8.309","0.932",403929,"19.362"
"2016-01-25","396.252",719273,349905,221988,"1.6100","6821829144","0.0821","0.03960","8.889","5987073722",30994,"111.2100",25172,"8.897","1.123",443098,"19.299"
"2016-01-26","393.133",742693,368829,230363,"1.6890","4021737819","0.0802","0.03930","9.000","5941533615",17732,"157.8790",26057,"8.565","1.163",466663,"19.309"
"2016-01-27","394.257",743934,360186,229522,"1.6660","5418821406","0.0844","0.03940","9.290","5960108908",23863,"153.7740",28379,"8.449","1.253",432690,"19.350"
"2016-01-28","383.843",796986,359891,224879,"1.5720","2283760618","0.0810","0.03840","9.863","5804152379",10386,"110.3320",26070,"8.089","1.284",464730,"19.333"
"2016-01-29","375.988",686915,351506,224225,"1.6400","2645564853","0.0788","0.03760","8.521","5686750560",12025,"120.3160",29331,"7.665","1.101",453312,"19.346"
"2016-01-30","378.256",567465,319310,194607,"1.7080","1248073072","0.0758","0.03780","7.701","5722661381",7062,"141.8650",25049,"7.869","0.828",435739,"19.393"
"2016-01-31","377.724",554454,289703,175864,"1.6170","600342987","0.0742","0.03780","7.956","5716373948",3651,"132.1660",27728,"7.729","0.759",394896,"19.395"
"2016-02-01","373.237",776887,341667,222237,"1.4360","1910602667","0.0940","0.03730","8.944","5650168188",8984,"155.4050",29309,"8.190","1.373",540454,"19.375"
"2016-02-02","374.287",803808,394134,241542,"1.7290","1365424773","0.0909","0.03740","8.000","5667559811",5910,"114.5390",26458,"7.934","1.287",600278,"19.376"
"2016-02-03","372.194",645681,306273,191045,"1.6010","537063751","0.0871","0.03720","8.045","5637534732",3064,"98.0220",27023,"8.574","0.991",457590,"19.342"
"2016-02-04","378.350",657744,316019,200493,"1.4340","847087092","0.0720","0.03780","8.571","5732471156",4682,"147.0500",26103,"8.574","0.901",406620,"19.429"
"2016-02-05","387.860",646711,340590,225300,"1.7570","1283338133","0.0741","0.03880","7.660","5878189534",5996,"138.4380",26621,"7.294","0.908",429973,"19.539"
"2016-02-06","377.282",603067,326435,223956,"1.7070","1091968720","0.0677","0.03770","7.200","5719660327",5357,"148.6110",23929,"7.678","0.798",429750,"19.509"
"2016-02-07","377.566",700102,326804,212014,"1.2720","1052127323","0.0693","0.03780","8.182","5725843416",5438,"138.8600",24021,"8.062","0.878",460561,"19.515"
"2016-02-08","376.950",818973,327394,224607,"1.1660","922363652","0.0707","0.03770","9.730","5718164014",4406,"181.7460",27363,"7.678","1.127",410619,"19.501"
"2016-02-09","374.584",696074,351661,231064,"1.4350","766267258","0.0677","0.03750","8.182","5683662489",3610,"205.3050",25751,"8.062","0.941",466938,"19.576"
"2016-02-10","379.689",738351,346865,235363,"1.2460","925360422","0.0728","0.03800","8.780","5762785803",4277,"206.3390",28230,"8.702","1.089",422015,"19.491"
"2016-02-11","380.995",639215,331552,220742,"1.4620","935612175","0.0764","0.03810","7.500","5784179299",4579,"149.2860",29630,"8.702","0.914",420891,"19.529"
"2016-02-12","382.955",615008,319900,202356,"1.2830","948159218","0.0739","0.03830","8.421","5815766324",5036,"140.1450",28064,"8.190","0.906",406475,"19.567"
"2016-02-13","389.825",630460,299717,184519,"1.3570","951942167","0.0738","0.03900","9.231","5921757828",5504,"143.2060",25543,"7.934","0.888",401895,"19.553"
"2016-02-14","400.002",624629,308322,185922,"1.4160","1040846055","0.0756","0.04000","8.675","6077939191",5970,"154.0820",25283,"8.446","0.841",425894,"19.553"
"2016-02-15","404.620",762485,339897,220197,"1.3730","1466430409","0.0774","0.04050","9.474","6149775364",7245,"196.3790",27181,"8.830","1.097",443684,"19.551"
"2016-02-16","404.798",760353,319157,215802,"1.3030","1510244247","0.0792","0.04050","10.435","6154011412",7464,"200.7310",27923,"9.214","1.209",405987,"19.536"
"2016-02-17","414.783",773878,363404,227080,"1.6060","1562509539","0.0801","0.04150","9.290","6307245596",7272,"176.7350",29153,"9.214","1.120",480013,"19.495"
"2016-02-18","420.743",650812,336132,212810,"1.4990","1544984290","0.0857","0.04210","8.521","6399505502",7608,"176.7600",24986,"10.877","1.016",419151,"19.533"
"2016-02-19","420.701",767033,338029,217291,"1.2960","1930946166","0.0889","0.04210","9.931","6400644644",9406,"186.0920",27889,"9.854","1.252",436520,"19.508"
"2016-02-20","430.082",737687,336835,215578,"1.3650","1704135948","0.0825","0.04300","9.600","6544931380",8369,"202.2250",23050,"9.214","1.091",445276,"19.539"
"2016-02-21","438.567",845680,327450,206489,"1.2870","1757389978","0.0856","0.04390","11.250","6675688921",8911,"219.4410",25424,"9.214","1.245",455324,"19.535"
"2016-02-22","437.065",898157,373503,237569,"1.3540","1857114236","0.0843","0.04370","11.339","6654227687",8202,"204.5900",25239,"9.214","1.423",439234,"19.546"
"2016-02-23","427.514",883107,376797,244612,"1.3300","1585143798","0.0845","0.04280","10.588","6510180411",6971,"181.6510",28499,"8.446","1.403",461062,"19.553"
"2016-02-24","421.190",918082,332184,224809,"1.2150","1458057655","0.0862","0.04210","12.203","6415299573",6950,"168.4340",27169,"9.086","1.536",410824,"19.520"
"2016-02-25","423.300",798942,345734,216135,"1.5030","1245035812","0.0899","0.04230","9.290","6448697649",6056,"165.2180",28753,"8.574","1.171",475481,"19.535"
"2016-02-26","424.262",765152,324908,203495,"1.2000","1285162548","0.0883","0.04240","10.286","6464988024",6920,"173.5620",30726,"8.062","1.197",424471,"19.550"
"2016-02-27","432.256",673816,300181,182030,"1.4670","923887204","0.0887","0.04320","9.796","6588312769",6000,"107.4540",24902,"8.190","1.007",415896,"19.559"
"2016-02-28","429.127",776484,332064,233302,"1.2110","3543495229","0.0818","0.04290","10.746","6542206952",15603,"256.5790",28161,"7.550","1.311",431474,"19.540"
"2016-02-29","436.765",913216,391910,265187,"1.3160","4224600109","0.0910","0.04370","10.827","6660111794",16341,"329.9060",28270,"8.318","1.636",491300,"19.472"
"2016-03-01","434.676",904953,403197,276953,"1.4550","4642360608","0.0943","0.04350","10.213","6629706127",17265,"284.3840",25668,"9.726","1.676",477531,"19.106"
"2016-03-02","431.575",900198,399762,270049,"1.4210","2347458168","0.1470","0.04320","9.172","6583928785",9129,"284.8980",27957,"8.702","2.295",498562,"19.386"
"2016-03-03","421.323",920750,337358,221517,"1.2660","1389892162","0.1070","0.04210","10.667","6429183134",6705,"207.2070",31442,"8.958","1.636",484425,"19.441"
"2016-03-04","419.557",786489,301562,207330,"1.3430","3054049581","0.1040","0.04740","9.290","6403654227",15091,"185.6490",30294,"9.086","1.314",467261,"19.693"
"2016-03-05","403.989",779954,326374,234842,"1.2340","7765986925","0.1070","0.05370","9.600","6167597659",33565,"419.8670",28045,"8.574","1.629",469348,"19.910"
"2016-03-06","404.420",628774,249922,161591,"1.3210","746138427","0.0979","0.04570","9.730","6175701433",5026,"126.1180",24747,"8.318","1.047",353877,"19.962"
"2016-03-07","409.784",708258,261525,183122,"1.1600","1114998982","0.0979","0.04540","10.827","6259124198",6482,"137.6220",29486,"9.342","1.299",367988,"19.663"
"2016-03-08","412.669",680284,293507,200144,"1.5360","859927775","0.0926","0.04130","9.351","6304557193",4800,"134.1930",27850,"8.318","1.154",416467,"19.617"
"2016-03-09","411.941",744044,274045,190220,"1.3420","776634802","0.1180","0.04130","8.571","6295032797",4464,"125.5360",28142,"7.934","1.286",457651,"19.639"
"2016-03-10","413.802",676904,276461,188571,"1.2940","895122488","0.0901","0.04150","9.290","6325197065",5453,"112.2580",30719,"7.806","1.050",385798,"19.530"
"2016-03-11","419.577",614238,270333,189656,"1.3210","904239471","0.0880","0.04200","9.000","6415110082",5221,"115.3000",29704,"8.190","0.985",386404,"19.528"
"2016-03-12","413.346",573967,241360,167869,"1.2810","692462712","0.0847","0.04130","10.000","6321485551",4497,"106.4730",28068,"7.678","0.947",341896,"19.544"
"2016-03-13","412.764",637882,243564,149670,"1.2960","624405966","0.0987","0.04130","10.827","6314071977",4462,"99.5110",28299,"7.550","1.066",367421,"19.608"
"2016-03-14","414.027",726138,282748,191189,"1.4220","868283522","0.0889","0.04140","9.474","6334764996",5245,"122.9930",28751,"8.446","1.070",402214,"19.634"
"2016-03-15","415.778",664115,289394,202265,"1.3670","1212965909","0.0882","0.04160","8.944","6363138186",6571,"124.6860",30661,"8.830","1.055",400044,"19.609"
"2016-03-16","415.443",668798,306024,211840,"1.2520","5445861378","0.0941","0.04220","9.474","6359689803",26255,"198.8750",33113,"8.190","1.248",388398,"19.607"
"2016-03-17","418.234",746679,306174,208178,"1.3090","3204973917","0.0931","0.04180","10.213","6404007385",16034,"152.8660",30033,"8.574","1.298",430484,"19.543"
"2016-03-18","413.077",739516,294075,205886,"1.2350","2019330396","0.0861","0.04130","10.588","6326489028",10505,"127.1450",25976,"8.190","1.247",390122,"19.426"
"2016-03-19","407.531",640008,263916,177342,"1.2520","812683511","0.0789","0.04080","10.588","6242939372",5025,"103.2560",27011,"7.678","1.001",359219,"19.424"
"2016-03-20","410.271",660621,269904,177997,"1.2870","666049437","0.0778","0.04100","9.863","6286306476",4079,"102.5270",22064,"7.550","0.917",358245,"19.420"
"2016-03-21","409.752",754196,280911,198867,"1.2750","710893561","0.0848","0.04100","10.360","6279846322",4199,"119.5730",25353,"7.934","1.171",383988,"19.346"
"2016-03-22","415.288",713965,298520,205060,"1.2990","794120270","0.0863","0.04150","9.730","6366132948",4519,"105.8380",25184,"8.702","1.140",415030,"19.300"
"2016-03-23","416.991",674711,273491,186659,"1.2970","709908420","0.0857","0.04170","9.664","6393782222",4609,"111.5360",23845,"7.934","1.020",340578,"19.418"
"2016-03-24","415.821",674037,275884,189947,"1.2430","819429184","0.0843","0.04160","9.796","6377403250",4998,"125.0470",22710,"7.934","1.038",383552,"19.779"
"2016-03-25","415.360",623933,257576,172163,"1.2660","756321517","0.0789","0.04150","9.863","6371859431",5094,"114.1830",22593,"7.806","0.889",359481,"19.765"
"2016-03-26","416.249",625212,239914,158896,"1.2990","543383944","0.0939","0.04160","9.412","6387015602",3933,"98.4500",20187,"7.550","0.929",418683,"19.988"
"2016-03-27","419.438",629374,243666,160125,"1.2020","657345438","0.0832","0.04190","10.213","6437540816",4587,"99.3310",19044,"7.934","0.893",348069,"19.877"
"2016-03-28","423.456",674450,278805,195910,"1.5000","727727230","0.0998","0.04230","8.471","6500713094",4501,"121.9830",23045,"8.318","1.075",458611,"19.963"
"2016-03-29","417.945",836367,289705,197252,"1.2040","688532071","0.1220","0.04180","9.172","6417874899",4513,"125.3420",31699,"8.446","1.452",528452,"19.656"
"2016-03-30","412.853",748824,284876,200881,"1.2070","681130814","0.0940","0.04130","9.796","6341308846",4169,"123.5550",35672,"8.702","1.231",436345,"19.663"
"2016-03-31","414.983",845109,279289,206352,"1.1890","702849230","0.0920","0.04150","11.613","6375548337",4396,"124.4530",24191,"8.062","1.455",374089,"19.647"
"2016-04-01","415.156",768344,298728,211769,"1.4150","745792573","0.1040","0.04150","9.412","6379492204",4269,"123.4340",24472,"7.782","1.373",404832,"19.579"
"2016-04-02","418.138",798776,269808,183364,"1.1590","636174074","0.1130","0.04180","10.360","6426917772",4003,"110.2220",21507,"7.510","1.410",417620,"19.582"
"2016-04-03","417.978",726970,270481,178287,"1.3120","564408947","0.1020","0.04180","10.141","6425916996",3653,"104.4530",21378,"7.446","1.214",400279,"19.546"
"2016-04-04","418.564",669604,300628,208763,"1.3090","698645900","0.0904","0.04190","8.675","6436410031",4267,"123.9730",24516,"7.846","1.075",417170,"19.464"
"2016-04-05","420.973",741596,295830,216021,"1.2610","700577042","0.0934","0.04210","9.290","6475195813",4392,"121.9120",26914,"7.966","1.223",411003,"19.466"
"2016-04-06","421.292",706354,303425,219133,"1.3190","729003161","0.1120","0.04210","9.172","6481739247",4602,"129.9690",23270,"8.102","1.468",418091,"19.456"
"2016-04-07","420.006",758160,292183,218324,"1.2180","825753776","0.0861","0.04200","10.360","6463604511",5308,"126.0650",23407,"8.102","1.272",387867,"19.430"
"2016-04-08","420.314",717973,285957,214047,"1.2850","735260833","0.0855","0.04200","10.000","6469804979",5350,"132.9150",24554,"7.838","1.196",374081,"19.397"
"2016-04-09","416.933",635182,268706,196279,"1.3250","677776060","0.0776","0.04170","8.889","6419251016",4769,"99.4670",19399,"7.710","0.895",379848,"19.399"
"2016-04-10","418.889",553217,267561,186781,"1.2720","610270067","0.0746","0.04190","8.324","6451074567",4506,"101.6920",19193,"8.046","0.764",348807,"19.408"
"2016-04-11","420.070",770888,295286,229887,"1.2450","659367895","0.0916","0.04200","9.412","6471073449",4691,"128.6250",23919,"8.630","1.294",423078,"19.386"
"2016-04-12","423.767",835597,318024,240058,"1.2600","919964293","0.0896","0.04240","9.730","6529643226",6212,"129.9960",23252,"8.110","1.354",467842,"19.356"
"2016-04-13","423.615",707182,306203,223342,"1.3260","952267040","0.0868","0.04240","8.780","6528865616",6097,"136.3260",23243,"7.710","1.104",432307,"19.401"
"2016-04-14","423.230",714189,305310,227764,"1.2740","805869657","0.0834","0.04230","8.780","6524674584",5502,"131.6610",24938,"7.846","1.083",421428,"19.318"
"2016-04-15","426.470",792496,286025,212039,"1.1030","884143010","0.0899","0.04260","10.360","6576377192",7690,"146.4280",27593,"7.974","1.270",379338,"19.264"
"2016-04-16","429.738",674649,259729,181866,"1.1950","1040045939","0.0806","0.04300","10.435","6628263203",7203,"107.3920",20857,"7.190","0.980",377708,"19.110"
"2016-04-17","427.826",659208,282922,192270,"1.2750","857769514","0.0763","0.04280","9.114","6600240192",5861,"113.7230",19395,"7.246","0.861",402557,"19.109"
"2016-04-18","427.315",837546,298954,220261,"1.1410","840392929","0.0918","0.04270","10.746","6594053523",7681,"128.2690",21989,"7.454","1.394",426792,"19.080"
"2016-04-19","428.717",749784,308771,226361,"1.2580","915868397","0.0824","0.04290","9.600","6617118749",7012,"133.0180",22642,"7.902","1.147",416218,"19.108"
"2016-04-20","436.562",696843,298051,216615,"1.3670","964275768","0.0871","0.04370","8.727","6739842686",8209,"134.0590",22973,"8.174","1.038",411908,"19.119"
"2016-04-21","443.215",731708,302938,212644,"1.1700","1130862864","0.0893","0.04430","9.536","6844381753",10483,"133.2130",23282,"8.838","1.122",415543,"19.069"
"2016-04-22","445.474",774829,288306,210833,"1.2770","1047685287","0.0902","0.04450","10.070","6880953660",11172,"137.1920",24241,"8.894","1.181",391327,"19.017"
"2016-04-23","445.852",654579,266608,185072,"1.2230","857657973","0.0799","0.04460","10.000","6888382990",8245,"103.6670",25236,"8.254","0.913",399410,"19.018"
"2016-04-24","452.604",727957,269400,183023,"1.2230","771265952","0.0823","0.04530","10.909","6994324237",5491,"97.8990",30727,"8.966","0.999",402357,"18.991"
"2016-04-25","457.376",874402,304689,217437,"1.2910","1041375335","0.0911","0.04570","11.339","7069582671",5714,"127.0100",28861,"9.493","1.346",444197,"18.865"
"2016-04-26","463.109",813097,338124,250593,"1.5130","1159092093","0.6240","0.04630","9.536","7159667369",5112,"126.8380",26206,"9.757","8.217",446772,"18.874"
"2016-04-27","458.712",875260,311692,239306,"1.1790","1018777076","0.0884","0.04590","11.163","7093422562",4757,"119.2870",28009,"8.646","1.410",424650,"18.847"
"2016-04-28","444.290",897397,297571,247822,"1.2970","1042424815","0.0890","0.04440","10.667","6871834139",4840,"111.5610",26142,"10.173","1.450",418528,"18.788"
"2016-04-29","449.257",812765,322420,261726,"1.3890","942003650","0.0857","0.04490","9.114","6950178394",4323,"100.9480",26067,"9.046","1.249",464315,"18.773"
"2016-04-30","451.828",757466,284748,215566,"1.2410","782214893","0.0857","0.04520","9.863","6991735540",3974,"94.8840",22785,"8.110","1.108",382726,"18.778"
"2016-05-01","449.954",625635,258379,191275,"1.2910","772130419","0.0812","0.04500","9.290","6964371929",4412,"83.6910",22113,"8.158","0.883",375655,"18.712"
"2016-05-02","446.236",751003,286365,223628,"1.3000","964214470","0.0901","0.04460","9.172","6908561835",4882,"126.2990",44092,"27.192","1.138",423025,"18.664"
"2016-05-03","446.352",778147,288409,235458,"1.2280","908510479","0.0851","0.04460","9.536","6912105048",4303,"133.8610",34902,"16.315","1.175",421903,"18.662"
"2016-05-04","446.988",706967,288032,233524,"1.3190","904027881","0.0903","0.04470","8.623","6923640850",4400,"140.9740",28567,"11.421","1.118",412465,"19.206"
"2016-05-05","446.657",704442,285108,229418,"1.2520","880230655","0.0862","0.04470","9.290","6920378736",4219,"129.0220",27508,"12.780","1.130",396794,"19.061"
"2016-05-06","451.464",685806,287516,233070,"1.3020","919355237","0.0862","0.04510","8.889","6996604354",4488,"126.8610",24738,"11.149","1.088",392060,"18.887"
"2016-05-07","457.988",646440,255838,201912,"1.2850","800165284","0.0853","0.04580","9.600","7099576897",4287,"120.6020",21334,"9.789","0.994",371632,"18.643"
"2016-05-08","457.595",578072,254712,188857,"1.3450","678869657","0.0842","0.04580","8.571","7095197765",3924,"114.2910",20478,"9.517","0.821",357682,"18.639"
"2016-05-09","458.102",638160,298442,226278,"1.2680","800566319","0.0819","0.04580","8.421","7104983971",4223,"130.8310",23092,"10.061","0.938",416018,"18.702"
"2016-05-10","454.748",726826,304755,245563,"1.2660","896691674","0.0891","0.04550","9.114","7054897110",4089,"137.4210",23402,"10.605","1.204",425757,"18.654"
"2016-05-11","452.584",812933,293713,234279,"1.0940","1036210701","0.0886","0.04530","10.827","7023112006",4843,"139.3320",21597,"8.973","1.362",409881,"18.561"
"2016-05-12","451.025",779911,286380,228270,"1.2130","946838203","0.0924","0.04510","10.360","7000424286",4529,"148.8580",22343,"9.245","1.328",413347,"18.569"
"2016-05-13","454.247",762611,290669,231994,"1.2180","1038481806","0.0932","0.04540","9.474","7052007375",5040,"153.7000",23638,"9.245","1.237",393696,"18.558"
"2016-05-14","455.025",812260,270237,211136,"1.1970","777516371","0.1030","0.04550","10.000","7065827064",4110,"116.0510",19355,"8.430","1.317",401833,"18.509"
"2016-05-15","455.975",777614,257651,200032,"1.1340","848145394","0.1040","0.04560","10.360","7082209847",4649,"133.1950",19527,"8.158","1.297",379361,"18.514"
"2016-05-16","455.809",906681,306878,239668,"1.2360","1079445374","0.1150","0.04560","10.213","7081222511",5107,"167.5410",21419,"8.702","1.689",447210,"18.523"
"2016-05-17","453.459",867850,297578,238485,"1.1330","1048162645","0.1110","0.04930","10.213","7046302964",5134,"155.7180",21242,"8.702","1.632",435799,"18.455"
"2016-05-18","453.949",873649,303354,234930,"1.2900","909649446","0.1130","0.04930","9.412","7055529799",4341,"135.8440",21130,"8.973","1.501",459724,"18.462"
"2016-05-19","449.494",955400,286434,219025,"1.0790","952749618","0.1130","0.05190","12.000","6987995887",5228,"140.8160",21055,"9.245","1.801",400946,"18.398"
"2016-05-20","441.529",781575,274483,209247,"1.1900","710545520","0.1090","0.05110","9.664","6865494387",4496,"132.3700",21015,"9.245","1.367",397298,"18.430"
"2016-05-21","442.068",891215,260801,191320,"1.1970","551523877","0.1310","0.04770","10.213","6875520657",3639,"113.5400",18208,"7.886","1.588",415312,"18.469"
"2016-05-22","441.268",603499,252107,184164,"1.2370","520670205","0.1040","0.04610","7.826","6864643117",3613,"107.3690",20846,"8.158","0.931",393300,"18.473"
"2016-05-23","441.669",646188,300753,222574,"1.1130","717658537","0.1090","0.04620","8.000","6872915875",4230,"130.1670",25025,"8.702","1.203",437689,"18.527"
"2016-05-24","445.089",849884,312870,246370,"1.1090","833836164","0.1080","0.04700","9.796","6928125675",4536,"118.2290",25558,"8.702","1.595",462383,"18.577"
"2016-05-25","448.097",870456,312886,247703,"1.1550","1245321409","0.1080","0.05180","10.435","6976604850",6038,"118.1980",25514,"8.973","1.707",450438,"18.747"
"2016-05-26","450.845",820396,291764,219956,"1.1250","1368033643","0.1140","0.05210","10.667","7020943606",7431,"139.3420",25096,"8.430","1.623",413798,"18.826"
"2016-05-27","472.112",948048,306728,215157,"1.2760","1724155190","0.1560","0.06400","10.360","7353714541",9042,"150.6040",22418,"9.517","2.001",456557,"19.088"
"2016-05-28","496.908",863282,281494,192921,"1.1770","1594980088","0.1350","0.06530","10.827","7741680588",9433,"138.1550",20785,"11.965","1.551",436334,"19.190"
"2016-05-29","522.366",679996,252561,178595,"1.3200","1090226164","0.1400","0.06490","9.796","8140045217",8006,"139.8380",21179,"12.780","1.290",369009,"19.381"
"2016-05-30","533.135",891660,297260,211224,"1.4570","904588186","0.1460","0.06190","10.000","8309822108",5666,"126.5560",23116,"12.780","1.583",492783,"19.673"
"2016-05-31","535.416",866937,292466,215122,"1.2150","1116769826","0.1300","0.06220","11.339","8347298190",6367,"151.8270",22168,"13.324","1.623",435775,"19.810"
"2016-06-01","532.201",839229,307193,234241,"1.5390","929754823","0.1280","0.06180","10.070","8298856934",5354,"121.6910",24322,"11.149","1.548",450917,"19.829"
"2016-06-02","534.594",826756,296969,230961,"1.2760","998839950","0.1350","0.06400","10.435","8338093998",5414,"116.8420",25664,"9.789","1.669",439406,"19.576"
"2016-06-03","551.979",832476,304099,234527,"1.4290","822002409","0.1290","0.06420","10.141","8611141989",4555,"130.0440",25989,"11.149","1.518",443089,"19.640"
"2016-06-04","571.159",840473,262486,196546,"1.2820","659106024","0.1350","0.06040","12.101","8912390886",4332,"126.4340",22507,"11.965","1.538",410980,"19.594"
"2016-06-05","573.875",611143,262657,189632,"1.7310","810825694","0.1340","0.06170","8.471","8956483388",5531,"129.0650",24256,"10.877","1.029",410251,"19.537"
"2016-06-06","580.536",705374,309392,221001,"1.4900","907538925","0.1370","0.06150","8.471","9062912616",5148,"148.0470",25168,"11.149","1.213",446221,"19.463"
"2016-06-07","579.599",803520,318170,230876,"1.3970","988193343","0.1320","0.06140","10.286","9050746887",5375,"147.7210",25479,"11.421","1.479",442725,"19.467"
"2016-06-08","574.524",802157,309831,229789,"1.4620","951443438","0.1260","0.06180","10.000","8973504802",5002,"148.8870",25213,"10.333","1.382",432718,"19.347"
"2016-06-09","574.280",720538,329488,236188,"1.5620","987039082","0.1290","0.06170","8.727","8971760175",5084,"160.8000",23455,"10.061","1.275",464860,"19.338"
"2016-06-10","573.047",822570,316057,228223,"1.4370","1103171341","0.1330","0.06150","10.000","8954865027",5771,"171.6540",23436,"9.789","1.447",456051,"19.453"
"2016-06-11","579.549",696038,290012,213003,"1.5420","913061730","0.1260","0.06030","9.231","9058554474",5144,"157.7530",20546,"10.605","1.173",414577,"19.426"
"2016-06-12","638.456",829965,294699,210565,"1.5920","1550049716","0.1590","0.06380","9.863","9981775022",8574,"157.6460",25917,"15.228","1.417",443702,"19.350"
"2016-06-13","686.885",915520,340273,251193,"1.8850","1569593051","0.1750","0.07390","8.944","10741437940",7529,"184.9230",27242,"18.491","1.563",501460,"19.274"
"2016-06-14","685.852",955117,328933,246697,"1.5600","1325293748","0.1920","0.10300","10.909","10728039297",6559,"171.5000",23970,"15.500","2.050",474058,"19.349"
"2016-06-15","682.671",917067,355138,259050,"1.9490","1277023446","0.2200","0.12200","9.474","10680537717",6113,"169.9740",24561,"13.596","2.148",497380,"19.289"
"2016-06-16","734.990",957621,358255,267721,"1.8570","1614440592","0.2260","0.11700","9.664","11501872798",7667,"209.8400",26795,"17.131","2.163",503551,"19.183"
"2016-06-17","744.823",930671,351130,253603,"1.9440","1605289556","0.2320","0.11900","9.664","11658519372",8138,"193.0310",26724,"16.587","2.075",509363,"19.120"
"2016-06-18","748.164",867645,320932,235159,"2.1190","1360150778","0.2250","0.12000","9.114","11713617009",7450,"159.0510",20862,"14.412","1.757",495933,"19.091"
"2016-06-19","753.295",723025,302078,218121,"1.9400","1189229337","0.2180","0.13600","8.136","11796923421",6932,"150.8660",20799,"13.596","1.408",443893,"19.040"
"2016-06-20","747.682",780210,341587,249170,"1.8620","1522315501","0.2300","0.13500","8.780","11712326841",7932,"192.1850",27198,"14.412","1.839",469212,"19.077"
"2016-06-21","681.946",914827,344972,248015,"1.6580","1548114419","0.2100","0.09620","9.664","10685379671",7825,"208.4640",27064,"15.500","2.008",518259,"19.169"
"2016-06-22","649.939",945561,327199,235512,"1.4690","1425769047","0.2180","0.11600","11.163","10186275903",7476,"233.7830",25119,"14.684","2.388",461509,"19.393"
"2016-06-23","588.926",919713,340175,241160,"1.4710","1537726813","0.1840","0.09400","10.286","9231949637",7707,"184.2950",24183,"14.412","2.107",496189,"19.276"
"2016-06-24","652.469",942594,335486,237496,"1.5910","1533267389","0.2040","0.11300","11.163","10230318989",7672,"216.6480",26403,"21.210","2.248",469900,"19.269"
"2016-06-25","669.287",792515,300669,206757,"1.7710","1072219711","0.1970","0.10700","8.889","10496178979",7024,"165.9750",20205,"14.956","1.485",491143,"19.225"
"2016-06-26","640.632",762149,277262,181202,"1.5040","859651597","0.1920","0.10000","9.863","10049382873",6426,"140.9970",20500,"12.237","1.467",453212,"19.227"
"2016-06-27","637.878",777125,288396,216882,"1.5340","1035725984","0.1820","0.09570","9.796","10008507423",6372,"162.6820",23913,"13.596","1.655",404257,"19.123"
"2016-06-28","647.563",759950,306081,212459,"1.5850","932141489","0.1780","0.08780","9.730","10162849953",5681,"161.8260",23816,"12.780","1.554",431494,"19.112"
"2016-06-29","633.786",764476,294078,223966,"1.5870","877645426","0.1750","0.08590","9.863","9948974840",5617,"183.7890",23872,"11.149","1.663",410086,"19.181"
"2016-06-30","651.127",797428,308116,231810,"1.5640","995713523","0.1760","0.08830","9.600","10223574118",5846,"195.1270",23132,"12.509","1.640",442083,"19.104"
"2016-07-01","674.251",749268,282202,205646,"1.5320","1061218002","0.1890","0.09060","9.290","10589176604",6712,"185.1500",23027,"11.832","1.468",449855,"19.103"
"2016-07-02","683.826",694734,261873,198726,"1.7220","1009740048","0.1820","0.09270","9.664","10742208270",7391,"186.9250",23595,"11.011","1.402",408449,"19.075"
"2016-07-03","673.449",614566,246744,176973,"1.6570","875462436","0.1730","0.08810","9.351","10581703695",6596,"152.1290",20287,"11.897","1.168",383963,"19.079"
"2016-07-04","668.624",739244,289733,213749,"1.6080","1242596531","0.1730","0.08520","9.536","10508455195",8120,"200.4730",21181,"10.772","1.441",441260,"19.049"
"2016-07-05","669.770",789077,285564,214814,"1.6970","1052637721","0.1740","0.08670","9.931","10528996251",6395,"181.3230",22046,"11.316","1.519",426264,"19.076"
"2016-07-06","670.711",797465,282272,214551,"1.5120","978686263","0.1740","0.08820","10.286","10546232361",6365,"170.9710",23770,"11.250","1.567",391335,"19.084"
"2016-07-07","640.923",821418,281849,215411,"1.4870","1391821840","0.1680","0.08540","10.511","10080075893",8465,"178.0180",23909,"11.968","1.624",390884,"19.117"
"2016-07-08","644.648",779762,271415,210556,"1.5850","1037900194","0.1750","0.08440","9.931","10140878193",7002,"184.7720",23469,"11.658","1.556",398382,"19.279"
"2016-07-09","649.595",657970,250182,185256,"1.3200","870245397","0.1660","0.08730","9.664","10221044765",6621,"140.0400",25041,"15.049","1.495",396352,"19.233"
"2016-07-10","645.327",585731,233709,162452,"0.7800","697759476","0.1530","0.08450","9.231","10155909026",6042,"128.6330",20364,"12.516","1.941",348927,"19.242"
"2016-07-11","646.330",793204,285819,217946,"0.7640","939261682","0.1700","0.08690","10.070","10172943711",6591,"201.3520",22699,"10.940","3.110",429180,"19.240"
"2016-07-12","653.631",775743,289119,218891,"0.7800","1021453097","0.1530","0.07840","10.070","10289039251",6905,"163.1460",22223,"11.011","2.785",392187,"19.240"
"2016-07-13","659.574",819940,282826,216374,"0.7390","935077735","0.1620","0.08860","11.163","10383763482",6865,"196.1250",22998,"10.701","3.195",362818,"19.302"
"2016-07-14","655.688",798355,281682,217554,"0.8490","829926530","0.1730","0.08550","10.213","10323646101",6316,"188.9380",21544,"10.087","3.161",398175,"19.347"
"2016-07-15","658.890",790134,282033,215946,"0.8240","1428560625","0.1690","0.08700","10.667","10375223239",10215,"216.6960",20434,"9.266","3.171",391889,"19.359"
"2016-07-16","660.703",688396,250710,182035,"0.8170","862870923","0.1840","0.08440","9.172","10404883846",7128,"165.4140",18987,"9.402","2.519",410103,"19.308"
"2016-07-17","667.464",709273,233619,170864,"0.7790","1031829938","0.1870","0.08590","9.664","10512671584",8022,"157.6080",19456,"9.881","2.508",371105,"19.225"
"2016-07-18","675.134",819013,285513,222687,"0.8050","949529710","0.1790","0.09150","9.730","10634722743",6891,"227.9950",21330,"9.266","3.096",424993,"19.234"
"2016-07-19","668.951",860706,282138,222018,"0.7540","982620651","0.1860","0.09070","11.250","10538561679",7646,"238.0240",23226,"10.293","3.724",395388,"19.171"
"2016-07-20","667.413",798701,289388,227279,"0.8530","994832093","0.1890","0.09050","9.600","10515412802",7209,"210.5150",22621,"9.473","3.312",397145,"19.233"
"2016-07-21","662.495",809190,277580,217473,"0.7890","934640906","0.1840","0.09070","10.827","10439159647",6719,"234.5710",20837,"8.957","3.509",413155,"19.241"
"2016-07-22","659.521",863906,285242,221275,"0.7770","985765634","0.1940","0.10400","11.163","10393391222",7212,"247.2830",20712,"9.060","3.888",406649,"19.300"
"2016-07-23","653.666",826219,254801,195665,"0.8310","735476332","0.2010","0.10300","10.992","10302181746",6123,"207.8000",18351,"8.718","3.539",395233,"19.299"
"2016-07-24","656.306",791469,247608,183766,"0.7650","901069996","0.1820","0.09350","11.613","10344863558",6616,"196.8260",18766,"8.718","3.182",373150,"19.364"
"2016-07-25","656.119",909912,304986,239584,"0.7950","782737114","0.1910","0.10400","10.992","10342929594",5283,"207.1070",22664,"9.266","4.086",442602,"19.321"
"2016-07-26","651.943",922964,306672,237544,"0.7990","1081556485","0.1940","0.10300","11.163","10278167804",6337,"229.0580",23499,"9.951","4.208",445910,"19.336"
"2016-07-27","652.979",921705,298171,235475,"0.8080","1156462939","0.2080","0.11300","11.250","10295562530",6971,"239.7520",21902,"10.293","4.475",427092,"19.307"
"2016-07-28","654.826",875161,300770,234727,"0.8300","1065131519","0.2000","0.10500","10.588","10325726358",6935,"231.0000",23727,"8.652","4.045",422943,"19.245"
"2016-07-29","655.218",822289,285739,231267,"0.8160","959699567","0.2050","0.11300","9.796","10333025242",6057,"261.9400",20354,"8.924","3.786",113337,"19.244"
"2016-07-30","655.252",870078,259026,199365,"0.7200","539162962","0.2160","0.12200","12.101","10334765682",6169,"237.8370",17310,"8.891","4.234",306460,"19.245"
"2016-07-31","636.085",794489,253688,192100,"0.8650","774259277","0.2400","0.12700","9.351","10033407872",6148,"210.8900",17590,"9.130","3.635",420832,"19.148"
"2016-08-01","620.444",814100,297435,224896,"0.7930","738715349","0.2020","0.11200","9.412","9787886474",4759,"209.3990",22021,"9.906","3.688",447337,"19.093"
"2016-08-02","595.245",859259,322032,250944,"0.7070","1511811162","0.1930","0.11900","9.351","9391485032",8385,"270.3470",27947,"11.764","4.059",470680,"19.126"
"2016-08-03","552.184",790970,313210,241616,"0.7540","838752182","0.1730","0.09900","8.675","8713151821",5732,"217.4490",33437,"20.639","3.521",447802,"19.035"
"2016-08-04","572.822",780660,300089,231682,"0.7200","1222587226","0.1720","0.10400","9.412","9040006079",7424,"209.2750",25150,"14.241","3.511",437325,"19.005"
"2016-08-05","573.026",700963,299098,228075,"0.7630","946683575","0.1870","0.09420","8.521","9044317298",5752,"186.6380",25115,"11.145","3.411",418707,"18.952"
"2016-08-06","575.443",619162,262990,195503,"0.7060","559429850","0.1760","0.07800","8.675","9083680326",4472,"178.3870",20484,"9.081","2.798",387108,"18.905"
"2016-08-07","589.396",768238,248428,192266,"0.7440","607206279","0.2050","0.10600","9.730","9305154715",5744,"207.6890",20769,"10.319","3.497",390587,"19.268"
"2016-08-08","589.032",839163,303025,235147,"0.7850","656253005","0.2170","0.11000","9.730","9300512555",4933,"182.9890",24232,"10.113","4.467",469541,"19.280"
"2016-08-09","586.113",880452,306931,231276,"0.6480","920698003","0.1880","0.11300","11.613","9255504750",5678,"205.0260",24435,"9.287","4.576",430639,"19.242"
"2016-08-10","589.594",834539,319379,244589,"0.7950","910509059","0.1820","0.11300","9.536","9311388536",5238,"175.2580",30224,"8.875","3.850",488493,"19.084"
"2016-08-11","592.190",860390,330506,254365,"0.8350","784485327","0.1860","0.11800","9.600","9353505372",5245,"177.6940",23497,"9.081","4.091",463192,"18.821"
"2016-08-12","586.987",805191,307572,232824,"0.7440","828930539","0.1780","0.10700","9.664","9272427365",4847,"215.4640",25008,"8.462","3.662",437955,"18.774"
"2016-08-13","586.740",665032,274992,214406,"0.7520","608757705","0.1720","0.09870","8.834","9269606268",5602,"210.0470",21026,"8.875","2.990",410826,"18.771"
"2016-08-14","576.272",639670,270190,200011,"0.7550","578163806","0.1780","0.10400","8.834","9105400877",4944,"196.6700",24566,"7.843","2.938",394563,"18.769"
"2016-08-15","569.003",809687,276740,202750,"0.6550","853818491","0.1920","0.10300","9.863","8991704085",5824,"212.7070",25180,"8.668","3.612",461779,"18.754"
"2016-08-16","571.996",919992,336091,254296,"0.6910","1048494190","0.1870","0.11200","10.667","9040057860",6221,"200.4470",23549,"8.462","4.695",493590,"18.751"
"2016-08-17","574.509",949718,322568,237880,"0.6720","807356243","0.1780","0.10400","11.707","9080745735",4826,"177.8380",22643,"9.287","4.578",466782,"18.726"
"2016-08-18","573.871",798776,320596,239387,"0.7570","972277893","0.1830","0.10400","9.351","9071543869",5576,"189.4540",20849,"8.875","3.823",429466,"18.708"
"2016-08-19","574.592",790719,318964,245941,"0.7150","856252373","0.1890","0.11500","9.351","9084044659",5549,"214.3310",18562,"8.668","4.031",425432,"18.692"
"2016-08-20","577.708",713966,287944,208069,"0.6730","911496553","0.1700","0.10700","9.290","9134415715",5856,"159.9950",14687,"7.843","3.065",453235,"18.546"
"2016-08-21","580.948",614827,262973,184741,"0.7050","556537103","0.1590","0.09660","8.834","9186763094",4204,"143.7260",14412,"8.049","2.428",385756,"18.526"
"2016-08-22","582.629",784796,311918,228215,"0.6830","947533423","0.1680","0.09900","9.114","9214533964",5062,"174.6720",18821,"9.081","3.225",459903,"18.531"
"2016-08-23","584.169",828889,315492,238874,"0.6630","1010822720","0.1650","0.10600","9.796","9240042736",5109,"167.6800",18812,"9.494","3.553",452155,"18.516"
"2016-08-24","580.740",756206,311175,234978,"0.7220","1043118540","0.1600","0.10500","9.474","9186878275",5262,"156.3850",19302,"9.287","3.291",466246,"18.616"
"2016-08-25","575.660",867973,305390,233879,"0.6130","990564004","0.1590","0.10700","11.077","9107605032",5246,"186.9580",20127,"8.668","3.826",401522,"18.614"
"2016-08-26","578.283",844329,303177,226635,"0.7020","989798943","0.1590","0.10500","10.909","9150048406",5336,"183.7980",19606,"8.462","3.649",414477,"18.618"
"2016-08-27","574.184",686820,270425,190954,"0.7430","676892144","0.1670","0.09080","10.000","9086137177",4398,"129.2490",15956,"8.668","2.992",410703,"18.617"
"2016-08-28","572.170",608445,247605,174337,"0.6750","567836438","0.1610","0.08940","9.474","9055294466",4268,"130.6720",17112,"8.875","2.512",354909,"18.602"
"2016-08-29","574.891",808839,296549,225133,"0.6290","744219660","0.1640","0.10100","9.664","9099453426",4373,"182.7600",22110,"8.668","3.343",449032,"18.614"
"2016-08-30","576.744",783145,339407,251838,"0.7500","744202679","0.1550","0.10400","8.780","9129861311",4186,"177.9270",18322,"8.462","3.196",471368,"18.521"
"2016-08-31","574.462",834663,309550,225226,"0.6310","795092143","0.1590","0.09090","10.746","9094908334",4545,"173.2600",17456,"8.255","3.598",447987,"18.317"
"2016-09-01","573.069",849162,316754,237326,"0.6800","753339996","0.1530","0.10300","10.286","9073809835",4314,"196.9000",18373,"9.494","3.503",426749,"18.447"
"2016-09-02","573.174",726568,306405,225703,"0.6780","673237407","0.1460","0.09300","9.412","9076480666",4046,"193.1850",20605,"8.255","2.913",433829,"18.478"
"2016-09-03","579.773",769859,275683,182078,"0.6290","632951393","0.1640","0.08700","11.429","9182082014",4161,"137.7460",16664,"8.255","3.171",407118,"18.482"
"2016-09-04","604.208",579273,260378,183065,"0.8230","468967340","0.1540","0.08250","8.045","9570024376",3823,"120.7660",16972,"9.081","2.043",380235,"18.529"
"2016-09-05","605.630",880216,314366,227543,"0.6230","805004180","0.1680","0.09580","10.286","9593904837",4556,"173.3910",23183,"8.875","3.480",465896,"18.536"
"2016-09-06","606.793",866867,320591,231982,"0.7100","738757000","0.1590","0.09510","10.588","9613392071",4183,"152.8550",35065,"8.462","3.447",461272,"18.572"
"2016-09-07","610.021",809249,328621,250657,"0.7360","727500461","0.1550","0.09570","9.474","9665570335",3898,"155.7660",23060,"9.287","3.249",476591,"18.623"
"2016-09-08","621.285",814024,314918,226862,"0.7120","753060027","0.1630","0.09320","10.000","9845222854",4450,"154.5100",19731,"10.113","3.207",432427,"18.641"
"2016-09-09","622.603",812951,306443,220392,"0.7320","836357374","0.1790","0.10800","10.141","9867233787",4972,"181.1370",19091,"9.700","3.449",428543,"18.610"
"2016-09-10","623.902",646521,281538,193165,"0.7580","619072985","0.1650","0.09360","9.290","9888919407",4768,"143.4480",18701,"9.700","2.575",404099,"18.619"
"2016-09-11","620.306",591634,268064,180227,"0.7500","600767188","0.1630","0.09300","8.780","9833125845",5178,"137.8430",16124,"8.875","2.263",398487,"18.613"
"2016-09-12","607.225",690745,301897,208486,"0.6510","746671579","0.1630","0.09110","8.834","9627004512",4865,"159.9850",18821,"9.081","2.674",459518,"18.659"
"2016-09-13","609.126",780788,326363,239721,"0.7490","793125942","0.1730","0.11000","8.727","9658397690",5059,"186.4040",20868,"9.494","3.196",473180,"18.613"
"2016-09-14","610.447",764124,314978,231644,"0.6710","730269493","0.1640","0.09160","9.231","9680588638",4996,"170.7730",20554,"8.462","3.101",432043,"18.589"
"2016-09-15","609.706",752896,316561,233334,"0.6990","630192888","0.1560","0.09650","9.351","9670033653",4083,"171.6690",21820,"9.494","3.010",427832,"18.582"
"2016-09-16","608.348",774544,290462,210989,"0.6290","865309237","0.1850","0.10800","10.360","9649673696",5477,"180.5690",20588,"9.287","3.555",428124,"18.585"
"2016-09-17","607.443",754301,308136,215366,"0.7370","514858612","0.1630","0.09520","8.834","9636372408",4156,"132.1760",17201,"8.875","2.753",455846,"18.588"
"2016-09-18","607.971",678224,270262,191458,"0.6840","540534247","0.1680","0.09620","9.931","9645981813",5159,"139.8550",13717,"8.875","2.844",360162,"18.580"
"2016-09-19","609.926",834958,308397,223407,"0.6700","676892913","0.1810","0.10900","10.827","9678108452",5660,"185.2780",13913,"8.875","3.827",425006,"18.614"
"2016-09-20","608.701",782574,327454,244164,"0.7250","941086652","0.1700","0.11000","9.536","9659683102",5739,"182.4940",26427,"8.668","3.497",468695,"18.629"
"2016-09-21","597.916",711269,321723,239050,"0.7490","779154732","0.1620","0.10500","8.675","9489661804",4666,"178.9500",18606,"10.319","3.038",459657,"18.618"
"2016-09-22","597.849",762499,310343,231086,"0.5920","969941995","0.1620","0.10600","10.213","9489834843",6015,"192.0740",18260,"8.668","3.439",431972,"18.625"
"2016-09-23","599.460",805178,310523,223051,"0.6890","851974361","0.1610","0.09580","10.588","9516455808",6051,"192.5690",19726,"9.081","3.414",422012,"18.624"
"2016-09-24","603.368",635804,290269,208484,"0.8130","614479581","0.1710","0.10900","8.675","9579533308",5874,"182.1570",17748,"8.049","2.765",424429,"18.623"
"2016-09-25","602.605",570823,286053,195457,"0.6230","770114041","0.1530","0.09040","7.784","9568668167",5731,"142.1400",17984,"8.255","2.101",399415,"18.590"
"2016-09-26","604.645",770752,335846,230616,"0.6020","1120833947","0.1590","0.09070","9.412","9602455528",5968,"149.9680",20210,"9.287","3.070",479715,"18.587"
"2016-09-27","605.886",764157,346932,240168,"0.7060","728148064","0.1590","0.09090","8.623","9623316729",4473,"147.4070",20912,"9.081","2.931",489447,"18.585"
"2016-09-28","604.801",782223,343979,234847,"0.6010","1247648373","0.1670","0.09570","9.730","9607352871",6551,"158.3910",19750,"9.081","3.383",462481,"18.587"
"2016-09-29","604.650",832733,354073,242587,"0.6390","816374887","0.1710","0.09570","10.070","9606078924",4579,"152.3110",21230,"8.462","3.695",460805,"18.724"
"2016-09-30","604.894",843274,360842,250801,"0.6780","1184226715","0.1650","0.09570","10.141","9611030240",5939,"155.1720",17676,"9.081","3.715",499898,"18.723"
"2016-10-01","611.559",711194,315474,213773,"0.6430","721976249","0.1680","0.09670","9.172","9718009195",4389,"113.6350",17285,"9.096","2.908",445128,"18.721"
"2016-10-02","610.758",718449,284203,192542,"0.5910","579365333","0.1690","0.09660","10.213","9706488940",4500,"105.2070",16869,"8.135","2.944",404625,"18.719"
"2016-10-03","610.721",864471,378058,258654,"0.7420","977805172","0.1780","0.09720","9.536","9706967613",4701,"128.0650",22770,"8.787","3.835",567947,"18.748"
"2016-10-04","609.337",823856,381942,264504,"0.6550","899836266","0.1640","0.09640","9.114","9686121659",4388,"128.9190",20191,"8.512","3.474",522537,"18.728"
"2016-10-05","610.478",788829,378204,266644,"0.6780","1023325740","0.1670","0.09910","8.623","9705473482",5268,"120.7620",19102,"8.993","3.371",508775,"18.737"
"2016-10-06","611.072",827318,396397,274325,"0.6540","1107313940","0.1730","0.09670","8.944","9716185823",5100,"110.8710",19174,"8.993","3.721",535241,"18.694"
"2016-10-07","613.763",867413,377764,266181,"0.6230","1100552857","0.1660","0.09710","10.070","9760205913",5474,"123.1550",21247,"9.061","3.877",504849,"18.688"
"2016-10-08","617.237",761159,357798,250503,"0.6800","1177819518","0.1660","0.09760","8.521","9816550851",5852,"107.8010",18265,"8.512","3.099",486564,"18.699"
"2016-10-09","616.581",682170,298718,210388,"0.6060","1480926401","0.1710","0.09750","9.000","9807427116",7902,"118.0280",17597,"8.890","2.833",445996,"18.696"
"2016-10-10","616.296",858339,310848,222872,"0.5330","1308669749","0.1880","0.11600","11.613","9804134096",7188,"156.5910",19079,"9.268","4.195",430931,"18.670"
"2016-10-11","631.621",923006,363115,263426,"0.6680","1435311807","0.1940","0.11400","10.360","10048892821",6863,"150.6140",20605,"10.469","4.444",531545,"18.701"
"2016-10-12","637.312",864463,333608,233296,"0.6720","1434435766","0.1870","0.10800","10.000","10140551273",7452,"168.9300",19254,"10.675","3.659",463491,"18.667"
"2016-10-13","635.764",911957,329110,229575,"0.6250","731122401","0.1860","0.10100","11.250","10117062700",5778,"154.6810",17289,"10.297","4.028",448239,"18.658"
"2016-10-14","636.521",858612,345118,239588,"0.6310","1110253819","0.1810","0.10100","10.588","10130119678",5366,"133.1410",17479,"9.885","3.849",463279,"18.641"
"2016-10-15","639.211",781569,313833,210306,"0.6710","1897738650","0.1900","0.10400","10.141","10174025238",10353,"120.0850",20593,"9.371","3.409",413503,"18.575"
"2016-10-16","639.793",758815,293777,197746,"0.6150","1348522139","0.1860","0.11600","11.077","10184424973",7958,"107.5000",18498,"8.923","3.422",402396,"18.568"
"2016-10-17","638.715",929590,343102,237107,"0.6280","968814765","0.1950","0.12000","11.520","10168303726",5079,"120.2690",18689,"9.817","4.433",473540,"18.573"
"2016-10-18","637.034",841766,359490,251366,"0.6870","1317774887","0.1960","0.11200","9.290","10142535762",6354,"133.4990",17940,"9.268","3.836",474941,"18.640"
"2016-10-19","632.653",807319,284815,198958,"0.5430","1052670107","0.1980","0.11400","11.520","10074001403",6157,"140.2180",20522,"8.993","3.841",425182,"18.611"
"2016-10-20","628.962",977349,389056,270246,"0.7160","1328602240","0.2080","0.12600","10.746","10016224642",5735,"115.6610",17281,"9.200","5.065",545527,"18.595"
"2016-10-21","631.236",791003,374469,265191,"0.7260","1821651461","0.1810","0.11800","8.780","10053481835",7546,"133.8600",15145,"9.061","3.581",515509,"18.571"
"2016-10-22","641.524",793790,314919,216559,"0.5660","670073577","0.1970","0.11600","9.664","10218658252",3998,"128.1730",13770,"9.165","3.456",447836,"18.544"
"2016-10-23","653.664",792254,280274,191434,"0.6780","1048223561","0.2300","0.11600","10.000","10413248467",6406,"109.5950",14832,"9.716","3.617",409201,"18.554"
"2016-10-24","650.557",886287,323256,226837,"0.6550","2184800552","0.2330","0.11800","10.070","10364916366",10712,"151.8430",18801,"9.784","4.345",531408,"18.577"
"2016-10-25","654.640",943845,340636,236891,"0.6610","1828519845","0.2740","0.13100","10.360","10431146588",8584,"151.8070",15756,"10.401","5.398",562438,"18.532"
"2016-10-26","665.070",974315,319072,223178,"0.7250","1264772009","0.3690","0.14300","10.435","10598494713",6574,"142.0530",17995,"10.846","6.693",561011,"18.564"
"2016-10-27","682.275",977543,428057,326226,"0.7870","2131075654","0.2320","0.13600","8.889","10873852215",7299,"130.2480",19247,"11.499","5.201",643112,"18.747"
"2016-10-28","685.356",816431,349817,250724,"0.6850","848933742","0.2250","0.14100","9.474","10924347446",4272,"136.9160",19798,"12.287","4.149",499703,"18.721"
"2016-10-29","705.335",772957,319869,229540,"0.7200","871797833","0.2250","0.14100","9.664","11244144286",4613,"128.0660",18463,"13.215","3.782",460352,"18.717"
"2016-10-30","704.786",626321,279725,207814,"0.7750","802744505","0.2120","0.13200","8.571","11236696231",4545,"107.6190",19812,"11.156","2.898",408766,"18.705"
"2016-10-31","698.831",810901,343489,241631,"0.6330","1040620958","0.2210","0.12600","9.796","11143227735",5218,"151.5690",23052,"11.602","3.990",515181,"18.668"
"2016-11-01","720.121",856969,343481,246506,"0.7370","1106760121","0.2300","0.12800","10.000","11484023198",5389,"158.3420",21499,"12.673","4.201",539566,"18.677"
"2016-11-02","724.827",903626,365751,268285,"0.7730","3228852258","0.2150","0.12600","10.827","11560386234",12914,"143.3580",20959,"11.646","4.567",509816,"18.710"
"2016-11-03","724.099",832530,371849,271843,"0.7640","4626841545","0.2100","0.12300","9.290","11549968500",18160,"144.7220",20253,"12.673","3.919",513862,"18.758"
"2016-11-04","698.792",956025,345334,247927,"0.6400","3837164588","0.2380","0.13700","12.414","11147657507",16600,"137.7190",18517,"11.988","5.499",474308,"18.763"
"2016-11-05","702.682",792371,337596,238068,"0.7950","3884932334","0.2180","0.12400","9.796","11210734022",17125,"104.8770",17653,"11.303","3.861",478145,"18.766"
"2016-11-06","708.671",730706,313657,225633,"0.7360","3559061340","0.2220","0.12800","9.412","11307589997",17148,"107.7920",20121,"11.646","3.573",464241,"18.772"
"2016-11-07","703.872",886636,378888,274135,"0.7050","2863038749","0.2340","0.12700","9.863","11232358091",11474,"117.1380",22734,"11.646","4.766",531494,"18.757"
"2016-11-08","705.761",866183,397130,295891,"0.7760","2205399643","0.2130","0.11400","8.521","11263790548",8338,"103.9630",22954,"11.303","4.056",583441,"18.852"
"2016-11-09","724.306",891716,368965,269948,"0.7510","1698112788","0.2250","0.12100","9.796","11561297172",7225,"127.5490",24370,"14.729","4.361",544983,"18.846"
"2016-11-10","714.235",804454,375423,271206,"0.7540","1089350023","0.2170","0.11300","8.571","11401861000",4629,"118.4420",20972,"12.331","3.773",525704,"18.831"
"2016-11-11","714.440",754730,349386,254456,"0.7050","810783233","0.2040","0.11000","8.834","11406627309",3913,"114.2240",19923,"10.961","3.449",500894,"18.809"
"2016-11-12","708.542",710320,335625,228718,"0.7410","563934215","0.2040","0.11200","8.571","11313914256",2937,"106.1400",17540,"10.961","3.045",506675,"18.805"
"2016-11-13","696.136",773316,311421,219515,"0.6460","622730749","0.1990","0.11000","10.141","11117266275",3582,"99.7800",19573,"10.618","3.413",469471,"18.806"
"2016-11-14","701.676",790145,376079,270334,"0.7760","835946349","0.2060","0.11100","8.372","11206984164",4010,"121.9580",22700,"11.303","3.565",561487,"18.780"
"2016-11-15","709.940",854329,389659,280196,"0.7160","1034687813","0.2060","0.11200","9.231","11340512720",4453,"129.4000",23129,"11.303","4.012",569386,"18.743"
"2016-11-16","721.652",791266,378650,289618,"0.7430","1174535047","0.1980","0.11200","8.421","11529005989",4870,"112.6560",23016,"12.331","3.586",548689,"18.759"
"2016-11-17","742.568",898316,383849,277301,"0.7150","963341912","0.2380","0.12600","9.057","11864743829",4290,"121.5910",22943,"13.358","4.290",550422,"18.790"
"2016-11-18","742.522",932310,382700,275777,"0.7060","891178540","0.2250","0.12300","9.730","11865482697",4319,"122.7450",22105,"13.016","4.323",549150,"18.765"
"2016-11-19","747.646",852791,352949,249618,"0.6840","710239653","0.2160","0.12300","10.141","11948746236",3347,"111.8620",20995,"11.646","3.908",524407,"18.750"
"2016-11-20","740.325",902223,343330,243463,"0.6490","718505388","0.2220","0.13200","11.250","11833058084",3574,"98.2160",17894,"11.988","4.363",517241,"18.703"
"2016-11-21","734.423",922410,393383,285654,"0.7300","962120473","0.2440","0.14700","10.360","11739893456",4022,"111.0420",22770,"11.646","5.182",548221,"18.642"
"2016-11-22","741.868",958802,396496,285501,"0.6890","1014063532","0.2640","0.15300","10.746","11860196434",4444,"111.5150",22500,"12.331","5.717",515430,"18.580"
"2016-11-23","742.446",950994,386411,276777,"0.6960","1061545675","0.2920","0.14800","9.796","11870683433",4618,"115.8170",21827,"11.646","5.600",572136,"18.720"
"2016-11-24","738.491",951631,440914,328376,"0.7750","1187915422","0.3060","0.15300","8.889","11808807066",4271,"106.6250",21061,"11.646","6.290",627191,"18.621"
"2016-11-25","734.983",942700,416766,315235,"0.6740","919676834","0.3220","0.14700","9.474","11754192628",3411,"110.1390",20433,"11.303","6.778",591485,"18.625"
"2016-11-26","734.786",944915,386876,277455,"0.6880","701778307","0.2690","0.14700","9.412","11752444101",3209,"103.0180",19734,"11.303","5.054",580075,"18.666"
"2016-11-27","732.631",821422,333810,237245,"0.6430","543179077","0.2510","0.14700","10.000","11719369482",2930,"99.8560",19864,"11.303","4.317",509057,"18.686"
"2016-11-28","732.658",909028,416237,298366,"0.7410","849370431","0.2690","0.14700","8.780","11721119460",3714,"121.1200",22289,"10.961","5.077",619715,"18.687"
"2016-11-29","732.374",906094,400441,289501,"0.6700","869780745","0.2560","0.14600","9.664","11718082227",3606,"120.0630",21602,"13.016","5.149",569254,"18.722"
"2016-11-30","737.759",912165,408621,292512,"0.6710","858133422","0.2510","0.14800","10.141","11805614214",3442,"116.0860",21457,"11.988","5.314",544081,"18.720"
"2016-12-01","747.590",899426,339377,239536,"0.6660","919443425","0.3210","0.15100","9.863","11964261805",4717,"118.9930",21117,"11.988","5.331",542441,"18.681"
"2016-12-02","767.657",976486,463630,315335,"0.7470","1202528651","0.2940","0.15800","10.070","12286801264",4340,"119.4870",20335,"12.673","6.323",629587,"18.639"
"2016-12-03","764.483",880779,405280,287816,"0.7570","706887564","0.2690","0.15300","8.372","12237377113",3275,"107.4600",16186,"11.303","4.495",612406,"18.597"
"2016-12-04","764.011",856916,343309,245502,"0.6330","580396311","0.2880","0.15300","9.730","12231463638",2846,"105.0560",16345,"10.961","4.771",575641,"18.600"
"2016-12-05","754.931",882605,404382,277849,"0.7030","1119600647","0.2880","0.15400","9.474","12087489429",4671,"127.2930",18558,"11.988","5.293",604251,"18.583"
"2016-12-06","755.702",962678,444845,319612,"0.7350","1072859138","0.2820","0.15600","9.600","12101265178",3900,"120.7610",20236,"11.646","5.993",671328,"18.591"
"2016-12-07","760.565",884110,432026,310580,"0.7420","981214929","0.2630","0.15200","8.276","12180569813",3795,"121.6430",21592,"11.988","4.716",643398,"18.603"
"2016-12-08","766.652",850095,393875,282554,"0.6520","905132564","0.2610","0.15300","9.172","12279720212",3862,"129.3900",21302,"11.646","4.677",578224,"18.582"
"2016-12-09","768.494",930241,380030,268680,"0.6720","944138969","0.2750","0.15400","10.667","12310726012",4360,"125.7990",19749,"10.961","5.401",539503,"18.589"
"2016-12-10","771.991",898399,354257,250109,"0.7080","732875651","0.2680","0.15400","10.909","12368057857",3609,"109.6340",18331,"10.618","5.003",488574,"18.560"
"2016-12-11","767.304",683957,328201,229746,"0.8010","634088813","0.2560","0.14400","7.701","12294224569",3547,"99.7190",16070,"10.961","3.179",495466,"18.553"
"2016-12-12","774.371",805932,379861,268506,"0.6470","991127795","0.2690","0.14700","9.231","12409263874",4876,"127.8610",18775,"11.646","4.561",532703,"18.524"
"2016-12-13","777.648",814819,401327,291579,"0.7400","986980635","0.2600","0.15600","8.090","12463300890",4171,"119.9130",20749,"11.646","4.207",564772,"18.517"
"2016-12-14","776.714",901545,392476,286189,"0.6420","1090672647","0.2570","0.15500","10.360","12450063290",4489,"116.1000",21101,"11.988","5.177",535625,"18.529"
"2016-12-15","776.708",955343,386852,282558,"0.6520","1373876558","0.2760","0.15800","11.339","12451306572",5623,"128.0900",19341,"11.988","5.953",534271,"18.533"
"2016-12-16","779.035",966534,387503,279228,"0.6740","1262955098","0.2720","0.16000","10.827","12489847257",5251,"120.5200",19242,"11.988","5.547",558336,"18.520"
"2016-12-17","786.632",816951,347560,237986,"0.7460","834100450","0.2690","0.15700","10.000","12612961543",4368,"107.4050",18364,"11.646","4.327",507908,"18.519"
"2016-12-18","787.662",861334,324714,235648,"0.6040","848359204","0.2700","0.15800","10.213","12630889043",4713,"123.1490",18930,"10.961","4.387",467400,"18.486"
"2016-12-19","789.416",914692,392929,281978,"0.6990","1012685303","0.2910","0.15800","9.536","12660420606",5178,"142.2590",25718,"12.331","5.223",569466,"18.483"
"2016-12-20","789.909",970297,399968,296335,"0.6630","1133501364","0.2720","0.15800","10.435","12669809799",5165,"135.7590",22945,"11.646","5.582",581498,"18.439"
"2016-12-21","811.021",963883,427239,325518,"0.7360","1986174430","0.2860","0.16200","9.057","13009832007",7100,"137.0710",25531,"15.071","5.469",620386,"18.394"
"2016-12-22","852.382",919753,419953,314485,"0.7210","1461659598","0.2880","0.17000","9.057","13675021187",6660,"143.2850",27288,"18.154","5.074",605495,"18.422"
"2016-12-23","894.707",887907,406733,304845,"0.7580","1722688843","0.2950","0.16700","9.474","14355822839",7725,"154.3730",29448,"21.236","5.026",561045,"18.382"
"2016-12-24","897.765",854807,328258,240683,"0.7400","981257022","0.3120","0.18000","10.511","14406590528",5688,"133.6350",22045,"16.441","4.656",481373,"18.377"
"2016-12-25","871.821",648043,267650,197199,"0.7760","717317516","0.2740","0.15800","8.727","13991763192",4877,"126.4630",17925,"16.784","2.918",411608,"18.511"
"2016-12-26","896.850",855780,339076,244772,"0.6820","1007926551","0.3220","0.17900","10.141","14395304821",5537,"162.5430",19894,"15.756","4.725",535596,"18.535"
"2016-12-27","911.027",876556,402454,296390,"0.8300","1170414028","0.3060","0.18200","9.231","14624470401",6885,"159.5530",22525,"16.441","4.859",575134,"18.538"
"2016-12-28","950.293",868397,413366,305230,"0.8060","1278359909","0.3250","0.19000","8.780","15256653605",6419,"167.8490",24151,"19.524","4.846",556252,"18.553"
"2016-12-29","965.624",940315,410968,304455,"0.7920","1289635710","0.3400","0.19300","9.600","15504767388",5645,"165.1060",22502,"18.154","5.412",574261,"18.548"
"2016-12-30","950.955",871625,394110,286661,"0.8020","1490135455","0.3330","0.19000","9.172","15271009245",7317,"156.3210",18971,"18.154","4.866",574927,"18.481"
"2016-12-31","952.778",803833,349224,250125,"0.7260","947360373","0.3140","0.17400","9.730","15302156774",5247,"143.5030",18483,"14.043","4.263",521814,"18.557"
"2017-01-01","970.988",698457,259213,180346,"0.8140","819640395","0.3500","0.17600","9.231","15596414034",5828,"145.4540",21071,"15.348","3.232",423375,"18.573"
"2017-01-02","1010.000",944795,396545,290792,"0.9270","1198701562","0.3920","0.20400","9.057","16221390111",5552,"148.8710",26461,"26.119","5.377",600708,"18.607"
"2017-01-03","1017.000",906491,402631,301500,"0.8290","1589854908","0.3960","0.20300","8.780","16341508214",6573,"155.2860",27269,"24.111","5.424",545102,"18.661"
"2017-01-04","1075.000",985980,430480,328489,"0.9330","1865216888","0.6330","0.24300","9.412","17268680621",8114,"175.9100",31611,"27.987","9.185",584414,"18.664"
"2017-01-05","1045.000",984114,389602,288361,"0.7790","2289995037","0.4170","0.23600","10.286","16789072075",10856,"208.6890",33407,"33.725","6.169",549210,"18.684"
"2017-01-06","927.984",984248,440939,346244,"0.8490","1694100500","0.3420","0.21000","8.944","14914627607",8305,"155.7650",29065,"28.983","5.972",636009,"18.531"
"2017-01-07","865.388",987163,379193,281922,"0.6690","1190388810","0.3260","0.19600","10.435","13910322895",6632,"136.3790",22717,"24.453","5.809",575818,"18.567"
"2017-01-08","908.784",810337,343168,259934,"0.8470","800167027","0.3190","0.18500","8.623","14609443558",5866,"141.3780",19595,"21.574","4.190",517117,"18.594"
"2017-01-09","890.728",922920,367296,269811,"0.6360","1281372176","0.3370","0.20100","10.588","14321031800",6912,"177.7170",23277,"20.915","5.665",513475,"18.552"
"2017-01-10","899.089",959638,407597,323728,"0.8510","1325642617","0.3330","0.20300","9.000","14456981527",6547,"140.8650",22918,"18.725","5.660",589739,"18.553"
"2017-01-11","843.358",922933,380784,302905,"0.6210","2778096735","0.3110","0.19100","9.412","13562544471",11077,"169.4840",29228,"21.916","5.527",525287,"18.516"
"2017-01-12","781.292",801596,377809,294953,"0.6520","1728399561","0.2790","0.17700","8.372","12565911783",9502,"152.8640",30387,"23.089","4.680",525778,"18.517"
"2017-01-13","805.197",840405,365999,272597,"0.5520","1390057677","0.2870","0.18200","9.600","12952126834",7045,"153.0860",28785,"18.549","4.921",513655,"18.540"
"2017-01-14","825.581",742684,334497,242097,"0.7050","717318096","0.2960","0.16800","8.372","13281564520",5109,"122.1980",22367,"17.537","3.886",487220,"18.460"
"2017-01-15","816.142",676985,314063,235832,"0.6280","774634485","0.2850","0.16500","8.623","13131466252",5963,"104.0560",22232,"16.022","3.792",475729,"18.402"
"2017-01-16","825.861",758252,367948,267471,"0.6400","1066116523","0.3200","0.17900","8.521","13289558721",6440,"137.4540",24103,"16.001","4.680",513070,"18.399"
"2017-01-17","873.162",900159,393957,292539,"0.6820","1302808661","0.3270","0.19700","9.114","14052570217",6891,"137.2150",25648,"17.858","5.251",551064,"18.393"
"2017-01-18","882.986",893760,391027,296950,"0.6480","1114725580","0.3210","0.20000","9.600","14212417051",5762,"133.1000",26491,"16.681","5.446",574624,"18.330"
"2017-01-19","890.236",834286,406163,300431,"0.7640","1035302176","0.3330","0.19300","8.276","14330784424",7709,"146.5670",27848,"15.508","4.916",620881,"18.333"
"2017-01-20","892.331",722190,405636,298188,"0.7440","1036191615","0.3140","0.18300","7.619","14366443695",7739,"142.5030",23365,"15.508","4.252",587282,"18.327"
"2017-01-21","914.851",693006,368564,263381,"0.6780","812692436","0.3290","0.18600","7.956","14731178984",5319,"123.5410",20833,"15.005","4.016",552658,"18.328"
"2017-01-22","920.879",674477,324774,236712,"0.7010","738436762","0.3390","0.18700","8.276","14830326382",4410,"119.3230",20816,"14.663","3.854",495222,"18.350"
"2017-01-23","918.084",908601,330969,235392,"0.5310","997292234","0.4250","0.21600","10.435","14787301874",5962,"157.8210",24809,"14.844","5.947",550007,"18.361"
"2017-01-24","906.179",973575,396929,278028,"0.6710","1189700728","0.4670","0.22700","9.664","14597120437",6369,"141.2640",28304,"15.000","7.142",603034,"18.286"
"2017-01-25","894.156",987758,406300,304578,"0.6180","1205996705","0.3960","0.21700","9.664","14405123941",5662,"132.2790",27278,"15.840","6.762",614252,"18.263"
"2017-01-26","903.996",993055,412661,313600,"0.6050","914117069","0.3560","0.21500","9.290","14565329736",6121,"120.2450",24366,"13.988","5.998",627055,"18.255"
"2017-01-27","914.645",837597,371316,263162,"0.6340","837700846","0.3960","0.21000","8.471","14738669922",6250,"136.9380",23178,"14.502","5.097",605182,"18.267"
"2017-01-28","916.865",877383,356486,246243,"0.5930","650572939","0.4560","0.22000","9.474","14776395334",4645,"117.8140",21300,"14.175","6.062",555265,"18.263"
"2017-01-29","915.551",862409,338104,241460,"0.6660","683233304","0.4540","0.22300","8.623","14756965572",5209,"105.1740",20789,"13.656","5.433",566127,"18.269"
"2017-01-30","915.703",955029,356888,247264,"0.5770","895939277","0.5010","0.24100","10.000","14761332072",5469,"171.6050",27170,"13.474","6.988",545227,"18.268"
"2017-01-31","937.573",959463,426727,307538,"0.6330","1126044905","0.4440","0.27500","9.931","15115565716",5457,"154.9700",23711,"15.010","7.442",569731,"18.264"
"2017-02-01","969.061",962207,473198,350368,"0.7250","1274738598","0.4280","0.24600","7.500","15624956141",5743,"130.2940",22600,"15.935","6.067",675244,"18.323"
"2017-02-02","989.036",913874,364192,259402,"0.5870","1199796725","0.5430","0.29700","9.172","15949416372",7053,"181.8830",23547,"16.599","6.765",583892,"18.320"
"2017-02-03","1009.000",970736,451226,323414,"0.7740","1949525972","0.5070","0.31100","9.664","16271270696",7600,"159.6000",26694,"16.931","8.025",606928,"18.278"
"2017-02-04","1014.000",952073,399400,284634,"0.6270","1138595782","0.4940","0.29000","10.000","16349937403",7563,"158.8330",27112,"15.271","7.155",592108,"18.277"
"2017-02-05","1016.000",957862,398570,291942,"0.6860","1016020090","0.4740","0.29100","9.057","16396973092",6261,"135.8060",23530,"15.271","6.416",571232,"18.266"
"2017-02-06","1017.000",979118,339086,229902,"0.5810","1205140767","0.6850","0.34700","11.520","16408701572",7422,"249.0890",29026,"15.935","9.026",556820,"18.224"
"2017-02-07","1038.000",945598,441413,325117,"0.7700","1381628988","0.5450","0.32200","9.536","16744558843",6502,"155.4550",30138,"15.271","8.300",629062,"18.202"
"2017-02-08","1049.000",961046,406909,308170,"0.6410","1353749829","0.5350","0.33200","9.863","16930417043",6666,"188.5200",26445,"17.263","7.931",594709,"18.137"
"2017-02-09","1020.000",955947,451656,346375,"0.7010","1479234528","0.5130","0.31700","8.521","16454887273",9404,"153.8610",27886,"19.919","7.621",641833,"18.121"
"2017-02-10","973.244",967462,404053,301642,"0.5920","1112355337","0.4510","0.30200","9.796","15709348933",8848,"164.0860",26096,"17.263","7.072",574235,"18.127"
"2017-02-11","1003.000",963578,362813,262547,"0.6120","771912087","0.4470","0.29200","10.360","16194914485",5412,"133.5570",26759,"16.267","6.316",546267,"18.162"
"2017-02-12","999.914",872376,325382,237604,"0.6350","602112642","0.4310","0.27100","10.286","16143397237",4018,"132.7890",27211,"14.275","5.537",476601,"18.165"
"2017-02-13","994.654",910379,395619,288127,"0.6720","1008738049","0.4720","0.27600","8.834","16060221962",5486,"169.7840",24621,"14.607","6.294",557770,"18.087"
"2017-02-14","1003.000",884650,420532,314915,"0.6130","1164223102","0.4490","0.28700","8.521","16190724580",6123,"173.2330",27568,"14.275","6.260",591792,"18.093"
"2017-02-15","1006.000",940005,397096,294647,"0.6140","1057925375","0.4580","0.30200","10.360","16250663238",5971,"176.8160",26945,"14.607","7.166",564627,"18.064"
"2017-02-16","1023.000",973865,390306,283052,"0.6760","1059305949","0.6140","0.34100","9.536","16524048185",10824,"202.2600",24357,"14.939","8.261",556662,"18.091"
"2017-02-17","1043.000",968992,431017,319616,"0.6890","1335081779","0.5410","0.33600","9.536","16849981675",8159,"178.6970",26355,"15.271","8.080",605463,"18.079"
"2017-02-18","1056.000",961896,394704,285992,"0.6490","894370365","0.5620","0.33400","9.536","17064121592",4620,"135.1730",21344,"15.935","7.467",611856,"18.086"
"2017-02-19","1049.000",930799,356466,251587,"0.5920","1108036470","0.5400","0.33200","10.746","16956866591",5913,"148.0630",19946,"13.943","7.177",516961,"18.069"
"2017-02-20","1052.000",951246,399042,282580,"0.7070","1076054047","0.5950","0.33900","9.730","17003831456",5807,"198.2140",26113,"15.935","7.960",569795,"18.056"
"2017-02-21","1095.000",949585,395030,278952,"0.6630","1160903161","0.6510","0.37900","10.435","17690862303",6877,"228.8010",25187,"17.927","8.774",588449,"18.060"
"2017-02-22","1114.000",977077,395075,282056,"0.6930","1329537321","0.7190","0.45300","10.435","18010856917",10108,"222.9790",26751,"17.927","9.550",557307,"18.062"
"2017-02-23","1140.000",960629,444217,325763,"0.7860","1550419961","0.7400","0.47700","9.600","18421836993",11688,"189.8010",27929,"19.255","10.147",599019,"18.086"
"2017-02-24","1178.000",971096,467359,343642,"0.7570","1552538360","0.7770","0.47900","8.834","19045217093",6575,"184.6810",37286,"23.570","10.017",667890,"18.027"
"2017-02-25","1163.000",966249,428831,326354,"0.7320","1001553493","0.6820","0.42100","8.623","18809917556",4389,"121.6930",24005,"19.919","8.399",610532,"18.049"
"2017-02-26","1160.000",921668,357804,265025,"0.7210","816035469","0.7050","0.41900","8.090","18750778050",4926,"144.4350",27326,"16.599","6.759",592232,"18.057"
"2017-02-27","1181.000",945066,390640,284411,"0.6560","1325071210","0.8120","0.52000","10.000","19107966740",7807,"218.2950",24703,"17.927","9.796",556794,"18.097"
"2017-02-28","1190.000",968151,432265,325261,"0.7830","1427408606","0.8320","0.53400","9.412","19248504379",7145,"225.7600",23501,"17.927","10.630",604428,"18.099"
"2017-03-01","1203.000",979063,421059,315739,"0.7390","1533409909","0.8750","0.54400","10.000","19460201961",9495,"241.8980",25248,"20.251","11.317",590693,"18.079"
"2017-03-02","1237.000",955529,446163,329271,"0.8100","2141628322","0.9480","0.56000","9.172","20012864163",10294,"254.0200",28277,"23.570","11.393",610153,"18.138"
"2017-03-03","1270.000",985207,453959,337159,"0.8530","2019039106","0.9780","0.63100","9.536","20547230177",17161,"253.3360",31848,"31.538","12.099",641410,"18.163"
"2017-03-04","1271.000",985821,380413,265648,"0.6900","1426318025","1.0540","0.61600","10.909","20563806849",9513,"218.5620",24535,"23.902","11.784",529068,"18.257"
"2017-03-05","1261.000",983218,390183,280592,"0.8130","1133127583","0.9740","0.57000","9.796","20414385332",5534,"152.1110",22507,"21.247","10.554",612220,"18.265"
"2017-03-06","1273.000",965450,418081,287589,"0.7810","1774846165","1.0580","0.64200","10.141","20607303387",8471,"268.2560",29476,"21.247","11.871",563092,"18.262"
"2017-03-07","1252.000",974779,453269,327749,"0.8100","1772966162","1.0300","0.62600","9.412","20261708955",8012,"212.1030",31214,"22.243","12.367",651489,"18.285"
"2017-03-08","1196.000",979344,413986,296966,"0.6840","1631716437","0.9420","0.55100","10.141","19368879969",10156,"180.1490",28463,"24.566","11.641",626813,"18.288"
"2017-03-09","1175.000",991715,422613,303484,"0.7360","1476018741","0.9160","0.54700","9.730","19025747462",22060,"176.2010",29362,"22.575","11.347",622875,"18.310"
"2017-03-10","1202.000",991738,431769,308326,"0.7660","1688081895","1.0050","0.59800","9.231","19464088279",10720,"215.7030",36952,"31.206","11.687",649333,"18.323"
"2017-03-11","1168.000",997493,400526,280532,"0.7250","1393498772","0.9060","0.56900","9.664","18912754244",6866,"144.9950",30193,"27.222","10.469",603874,"18.330"
"2017-03-12","1195.000",960064,323614,220955,"0.7000","1041909951","1.0310","0.57900","9.290","19348017284",6487,"163.1770",26226,"19.919","8.963",507337,"18.336"
"2017-03-13","1229.000",982789,398069,272934,"0.7090","1768314853","0.9940","0.61100","9.931","19905337461",9400,"220.9810",27414,"21.579","10.862",582164,"18.358"
"2017-03-14","1239.000",962366,436205,310239,"0.8040","2168348323","1.0240","0.61600","9.231","20070285780",10786,"198.0060",27110,"19.587","11.631",669199,"18.284"
"2017-03-15","1248.000",983901,413491,292292,"0.7440","1793534948","1.0080","0.62000","10.141","20214072243",9702,"236.6300",25560,"19.587","11.752",620597,"18.280"
"2017-03-16","1218.000",988177,465178,326881,"0.7910","2865065032","0.9860","0.60600","9.412","19741170730",12352,"241.8940",26412,"19.919","12.157",410410,"18.266"
"2017-03-17","1131.000",995466,416777,292042,"0.6550","2382146218","0.9470","0.56200","9.351","18333517445",12087,"277.0820",28612,"20.915","11.279",662121,"18.286"
"2017-03-18","1039.000",941963,386215,263373,"0.5840","1632960272","0.8560","0.51700","9.172","16841061541",10342,"197.3100",25964,"23.570","9.964",647693,"18.395"
"2017-03-19","1014.000",888973,382307,269171,"0.6550","1258133462","0.7970","0.50400","8.727","16431107886",23940,"146.2190",26859,"20.915","9.311",617858,"18.420"
"2017-03-20","1039.000",977304,395003,276897,"0.5780","1530077693","0.9050","0.51900","10.588","16840291012",12360,"221.1930",30480,"21.247","12.429",250634,"18.401"
"2017-03-21","1089.000",981921,421186,287913,"0.6580","1873411154","0.9400","0.54400","10.141","17653735391",23443,"217.2110",29659,"20.251","12.292",617255,"18.309"
"2017-03-22","1062.000",982014,447372,316434,"0.6800","2041332937","0.8920","0.52800","9.057","17226596262",17585,"184.9250",32507,"20.915","11.803",676136,"18.242"
"2017-03-23","1043.000",965006,418503,287723,"0.6110","1801909119","0.8560","0.51900","9.730","16921763731",8622,"208.1560",39969,"19.587","11.319",598006,"18.296"
"2017-03-24","997.754",869855,422235,289345,"0.6180","3130099084","0.7980","0.49600","8.182","16183495361",13359,"230.6300",30279,"18.923","9.528",645206,"18.309"
"2017-03-25","934.795",939842,379755,242842,"0.4630","2567075437","0.7010","0.42300","10.827","15164352853",12926,"192.8660",29728,"21.247","9.872",558708,"18.063"
"2017-03-26","973.897",674712,350315,219338,"0.6250","1110962659","0.6780","0.43700","8.727","15800310659",7769,"177.6660",23985,"17.595","6.930",533165,"18.109"
"2017-03-27","1003.000",900867,361901,232159,"0.5080","1594759839","0.8420","0.45300","10.909","16278794753",10093,"255.0240",25216,"19.255","10.567",513215,"18.072"
"2017-03-28","1045.000",985601,437168,293846,"0.6460","1663165401","0.8290","0.47200","9.290","16958077968",8287,"204.7650",26462,"17.927","10.749",688370,"18.132"
"2017-03-29","1036.000",973087,420144,283793,"0.5960","1427504022","0.7770","0.46500","10.435","16806596471",6606,"182.9790",24593,"17.927","10.993",599767,"18.114"
"2017-03-30","1037.000",962467,410501,288624,"0.6300","1519871004","0.7310","0.42200","8.780","16831672481",7771,"208.1670",25723,"16.931","9.031",643514,"18.094"
"2017-03-31","1057.000",960445,400959,259268,"0.5490","2011134476","0.8860","0.47400","10.667","17154803015",14560,"230.6890",24542,"16.599","11.412",564448,"18.210"
"2017-04-01","1083.000",967072,396477,255739,"0.5960","1284074108","0.8070","0.44100","10.909","17581005108",12102,"162.1910",21680,"16.762","10.362",605586,"18.193"
"2017-04-02","1090.000",824191,375677,244045,"0.6380","1273797523","0.8070","0.43600","9.114","17694484916",17971,"161.8620",21011,"15.932","8.389",599975,"18.154"
"2017-04-03","1132.000",878204,431305,287965,"0.6610","1790346984","0.8690","0.45400","8.182","18382323349",16357,"215.4410",25315,"17.726","9.135",669406,"18.154"
"2017-04-04","1142.000",977778,399874,255890,"0.5540","1769125125","0.8940","0.46500","11.520","18554678016",11050,"228.0310",26979,"18.069","11.368",587885,"18.128"
"2017-04-05","1128.000",966776,459413,316393,"0.7070","1689566642","0.8430","0.46000","8.889","18327321689",8180,"195.6960",28967,"17.083","10.454",668462,"18.169"
"2017-04-06","1164.000",977662,438907,290318,"0.6430","1665393571","0.8890","0.47900","9.796","18903539413",8191,"204.6090",28251,"17.239","10.772",635050,"18.163"
"2017-04-07","1189.000",977503,434026,295301,"0.7120","1584449062","0.9060","0.49400","8.889","19315840689",23719,"216.8060",29445,"17.239","10.011",643828,"18.160"
"2017-04-08","1188.000",974347,364889,226822,"0.5640","1029676284","0.8990","0.43800","10.511","19299053650",51509,"157.2360",23272,"17.405","9.113",557779,"18.205"
"2017-04-09","1194.000",925379,365361,238127,"0.6880","1089613451","0.8430","0.43200","9.057","19402903112",7573,"127.8350",22661,"16.585","7.801",587557,"18.191"
"2017-04-10","1208.000",917483,424790,273237,"0.6720","1634165594","0.8720","0.48300","9.796","19639720483",9230,"197.7730",26562,"17.737","9.699",597574,"18.162"
"2017-04-11","1213.000",962749,459567,307726,"0.6950","1733576692","0.8920","0.49400","8.623","19720934885",7975,"210.6670",28441,"18.722","9.787",675469,"18.146"
"2017-04-12","1218.000",982484,436876,277951,"0.6390","1812824235","0.9300","0.50200","10.141","19805927919",9059,"204.0190",29250,"17.892","10.681",613209,"18.143"
"2017-04-13","1191.000",972897,365435,228552,"0.6010","1676338629","1.1290","0.49700","11.339","19362672100",11160,"221.1480",27278,"17.892","12.015",550895,"18.105"
"2017-04-14","1185.000",995026,435892,290069,"0.7080","1897387422","0.9620","0.53300","10.360","19266019227",9046,"168.9350",25953,"15.932","11.940",637706,"18.082"
"2017-04-15","1188.000",991618,405564,270555,"0.6390","1325055789","0.8850","0.47700","9.600","19319415901",7063,"152.7220",22135,"15.279","9.711",616837,"18.128"
"2017-04-16","1188.000",927336,329440,211683,"0.6180","1195365427","0.8910","0.43600","9.863","19314300593",10723,"156.9000",23562,"15.766","8.013",528726,"18.110"
"2017-04-17","1190.000",930704,373902,245046,"0.6020","1724448524","0.8780","0.48400","10.435","19362983229",11903,"197.7950",28015,"16.751","9.488",534542,"18.080"
"2017-04-18","1218.000",955457,443758,302945,"0.6980","2084516763","0.8850","0.50100","9.863","19809466855",9867,"230.8900",28770,"18.877","10.772",305264,"18.067"
"2017-04-19","1217.000",984130,448865,309961,"0.6450","1616885612","0.8220","0.49500","10.070","19792454354",8537,"187.8980",26629,"17.903","10.496",0,"18.065"
"2017-04-20","1233.000",973907,397436,267777,"0.6590","1855260891","1.0520","0.55700","10.435","20060736057",10227,"226.4050",29974,"17.073","11.697",0,"18.063"
"2017-04-21","1256.000",975856,483146,330187,"0.7370","1698514406","0.9300","0.51700","8.623","20444896871",8893,"181.0560",28206,"16.751","10.485",0,"17.968"
"2017-04-22","1252.000",972950,408680,268567,"0.6300","1309471624","0.8410","0.49600","9.931","20373652965",8132,"179.4530",27203,"16.751","9.054",597061,"17.892"
"2017-04-23","1252.000",947548,374157,244886,"0.6660","1268421407","0.8680","0.50900","9.412","20378874899",8058,"183.2470",25203,"15.766","8.154",552828,"17.911"
"2017-04-24","1257.000",963007,360723,222547,"0.5650","1750075290","1.0620","0.56600","11.613","20466751914",10957,"256.8360",29644,"17.073","10.820",535749,"17.891"
"2017-04-25","1269.000",965927,474491,325239,"0.8070","3072052002","1.0590","0.63400","9.730","20649967098",12666,"254.2680",33008,"18.380","12.808",617338,"17.900"
"2017-04-26","1293.000",971772,479347,334318,"0.7090","2221829054","0.9820","0.59200","9.412","21050848555",9390,"220.8350",29463,"20.527","11.722",657283,"17.857"
"2017-04-27","1318.000",967535,444591,297737,"0.7150","2563563918","1.1360","0.65300","9.796","21468187014",11669,"269.0970",32051,"20.693","12.252",586559,"17.760"
"2017-04-28","1326.000",996592,463942,305135,"0.7170","2161499865","1.0850","0.65900","10.588","21598173028",10661,"268.9520",28213,"20.195","12.811",582496,"17.802"
"2017-04-29","1335.000",971487,486963,341146,"0.7840","1724069163","1.0030","0.59900","8.324","21740415335",8154,"207.1090",25838,"18.556","10.604",711671,"17.802"
"2017-04-30","1337.000",971811,402113,281338,"0.6670","1427982203","0.9470","0.60000","9.536","21776693452",8564,"206.1370",27459,"18.058","9.555",600660,"17.833"
"2017-05-01","1390.000",977338,421823,294636,"0.7250","2002382880","1.0740","0.67600","9.600","22643555459",11828,"272.2330",34936,"22.421","10.836",576293,"17.861"
"2017-05-02","1437.000",980155,475648,333003,"0.8140","2254240567","1.1770","0.69900","9.114","23418160991",10919,"292.9290",35501,"26.320","12.137",680926,"17.897"
"2017-05-03","1462.000",995208,435743,295017,"0.7340","2279212034","1.2260","0.73100","10.909","23823736762",13004,"319.8030",31179,"25.345","13.041",588869,"17.905"
"2017-05-04","1517.000",970964,521185,354569,"0.9470","3063966125","1.3140","0.76500","8.571","24728212806",12370,"308.9970",34255,"34.118","12.763",753229,"17.901"
"2017-05-05","1534.000",961163,414636,267064,"0.7400","3031056589","1.5010","0.83200","11.163","25003392941",16439,"404.6760",29857,"30.219","13.951",564794,"17.875"
"2017-05-06","1530.000",964850,514922,362854,"0.8950","2244703599","1.2500","0.75400","8.571","24937254595",11431,"211.1310",25032,"24.370","12.380",784841,"17.870"
"2017-05-07","1541.000",964754,442365,315844,"0.8560","2232972285","1.3520","0.76000","8.623","25125144507",10790,"229.2860",26713,"24.370","11.722",674255,"17.863"
"2017-05-08","1600.000",968061,524437,364916,"0.9360","3158509230","1.3880","0.80000","8.000","26090794045",16993,"313.9610",29244,"27.295","12.336",758420,"17.822"
"2017-05-09","1700.000",987704,492134,332724,"0.8720","3360487956","1.5480","0.89500","9.290","27727686906",16153,"387.7220",44121,"37.043","13.528",672124,"17.855"
"2017-05-10","1721.000",960083,466631,311243,"0.9040","3485898270","1.6770","0.93400","9.730","28063562543",21413,"433.5060",40934,"34.118","14.090",619011,"17.806"
"2017-05-11","1800.000",961160,445635,294608,"0.8370","3172695855","1.7080","0.97600","10.667","29360961113",18589,"410.8690",35505,"37.043","14.219",615560,"17.820"
"2017-05-12","1763.000",954498,478776,317544,"1.0090","2965956903","1.7880","1.05500","9.351","28764272486",17055,"403.2570",35985,"42.892","14.338",662980,"17.785"
"2017-05-13","1700.000",955007,483008,329108,"0.9010","2243766367","1.5560","0.89900","9.114","27728728848",15576,"376.1270",33174,"45.816","13.238",700155,"17.802"
"2017-05-14","1776.000",975003,514552,368934,"0.9190","2035447449","1.4320","0.86300","8.780","28977881396",12245,"231.6130",40474,"38.992","12.677",799756,"17.746"
"2017-05-15","1722.000",970629,487041,329059,"0.8820","3242001109","1.7130","1.00700","8.471","28104626495",16277,"344.0060",32997,"51.665","13.353",701202,"17.782"
"2017-05-16","1709.000",973878,362173,233845,"0.8080","2906488087","2.5100","1.02500","10.909","27892850142",20530,"399.3860",35688,"46.791","17.235",543062,"17.750"
"2017-05-17","1790.000",981799,481179,317372,"1.1050","4263683514","2.7400","1.61100","9.290","29206995700",22805,"512.9020",33543,"39.967","20.059",688862,"17.656"
"2017-05-18","1837.000",974527,454381,288762,"0.9420","3209323586","2.4940","1.47000","10.141","29986724495",20627,"443.5980",33534,"35.093","18.098",665980,"17.730"
"2017-05-19","1923.000",971178,503684,319338,"1.1690","3408289487","2.6670","1.52700","8.780","31396657716",17729,"495.2080",34239,"40.942","17.771",695947,"17.786"
"2017-05-20","1988.000",967130,501849,352640,"1.0350","3145363338","2.1860","1.29400","8.727","32457905210",15796,"297.0030",32852,"38.992","15.831",731296,"17.802"
"2017-05-21","2045.000",990281,456958,325910,"1.0400","2643843597","2.2140","1.33600","9.796","33394991029",14502,"324.3620",34900,"42.892","16.113",702995,"17.841"
"2017-05-22","2149.000",966717,472511,327722,"1.1790","4251631190","2.6670","1.62500","9.863","35099327064",21786,"459.3210",44720,"65.312","18.228",672718,"17.852"
"2017-05-23","2208.000",978602,526587,367542,"1.2170","4330928386","2.8130","1.66700","8.571","36058740527",24693,"459.0220",48940,"69.211","18.243",781781,"17.863"
"2017-05-24","2379.000",970465,481253,338488,"1.2320","5202399804","3.3240","2.00200","9.351","38860183400",25205,"479.5830",47492,"74.085","19.730",703528,"17.878"
"2017-05-25","2568.000",976793,501300,349951,"1.3450","6505366503","3.6610","2.16000","8.834","41959593533",25900,"548.6460",51057,"97.481","19.676",716690,"17.907"
"2017-05-26","2377.000",958692,489497,333187,"1.2060","4892819906","3.3510","2.13300","9.412","38834203996",19993,"475.3330",49914,"76.035","19.728",715227,"17.975"
"2017-05-27","2061.000",991378,486572,331746,"1.1890","3021322269","3.2850","1.85000","8.571","33674211579",16494,"329.7380",39077,"67.262","20.125",740964,"18.057"
"2017-05-28","2158.000",977899,429728,307978,"1.0450","3264766586","2.9540","1.70400","8.727","35274188001",19514,"303.4910",33992,"50.690","16.976",722868,"18.119"
"2017-05-29","2208.000",977818,449249,321487,"1.1600","4044860321","3.3990","1.96000","9.536","36092060460",17331,"357.7880",41046,"49.715","20.781",287271,"18.138"
"2017-05-30","2258.000",980520,493318,347782,"1.2600","4912110143","3.8200","2.05900","8.045","36906648463",24826,"407.1340",41624,"48.740","20.830",739891,"18.078"
"2017-05-31","2236.000",976614,469122,321470,"1.1310","5403982556","3.9670","2.14100","8.780","36552502334",23148,"368.0740",47749,"46.791","21.777",723331,"18.036"
"2017-06-01","2384.000",977664,467996,319539,"1.3040","6471003956","4.2450","2.43200","8.471","38978437018",25031,"356.0830",39409,"44.841","21.132",719043,"18.120"
"2017-06-02","2413.000",981906,411415,271393,"1.1750","5310888509","4.1810","2.45600","9.863","39468035546",26029,"374.5850",35997,"39.967","20.493",666124,"18.154"
"2017-06-03","2500.000",980970,449710,305128,"1.4250","5953166222","4.4700","2.26000","7.500","40880599308",26472,"297.8530",30857,"37.043","18.533",802291,"18.135"
"2017-06-04","2512.000",982276,393466,265883,"1.1820","4538107198","4.1750","2.38400","8.944","41081995988",32912,"303.8180",38571,"37.043","18.016",631077,"18.134"
"2017-06-05","2594.000",964347,447847,289766,"1.1910","6247860899","4.2560","2.55800","8.780","42432422922",29158,"457.3580",38632,"41.917","18.835",641367,"18.106"
"2017-06-06","2822.000",989961,477811,297265,"1.2040","5517622355","4.8550","2.94900","9.536","46177767302",24152,"422.6630",51736,"57.514","21.325",707787,"18.188"
"2017-06-07","2797.000",992040,508083,339555,"1.4690","5873956503","5.5040","2.99400","8.727","45772083927",21655,"414.7700",43821,"50.690","24.477",772650,"18.171"
"2017-06-08","2741.000",969731,458904,307212,"1.2440","5313541119","4.3810","2.71400","8.727","44859364333",21533,"325.2200",37910,"44.841","19.237",714351,"18.182"
"2017-06-09","2811.000",973457,441192,282033,"1.2730","5783949071","4.5410","2.90200","9.536","46010879826",25863,"440.6970",38824,"42.892","19.451",637712,"18.170"
"2017-06-10","2845.000",966372,393428,254852,"1.2340","5049021162","4.3640","2.72700","10.213","46577504179",27325,"391.6260",34849,"41.917","18.161",621836,"18.158"
"2017-06-11","2894.000",945392,350009,222746,"1.3230","4814922139","4.6270","2.55300","9.863","47376068199",29877,"406.6390",36404,"42.892","16.336",552018,"18.203"
"2017-06-12","2799.000",967512,424657,268951,"1.2030","6198666691","4.2650","2.63800","9.796","45825397416",30093,"538.5540",42206,"55.564","18.246",623992,"18.268"
"2017-06-13","2712.000",977065,478118,291635,"1.3090","6690032129","4.4580","2.71400","10.213","44400500887",30971,"489.3750",43501,"47.766","21.393",667607,"18.180"
"2017-06-14","2654.000",969273,440998,287504,"1.2040","6524480421","4.1980","2.61300","10.286","43466667002",30143,"494.6300",41045,"47.766","20.634",630203,"18.160"
"2017-06-15","2377.000",994277,445059,290753,"1.1070","5504295238","3.5350","2.09700","9.474","38935167772",24914,"410.3140",45335,"58.488","18.563",701947,"18.146"
"2017-06-16","2456.000",983005,411421,269789,"1.0590","6043595670","3.4160","2.13100","9.730","40224122041",31373,"402.1480",41470,"48.740","16.875",649512,"18.047"
"2017-06-17","2559.000",985622,363061,236409,"1.0930","4127136479","3.3710","2.10000","9.931","41920113501",25734,"381.9650",35393,"39.967","14.669",590552,"18.073"
"2017-06-18","2566.000",936554,321662,209214,"1.0840","3898841971","3.4100","2.04200","9.931","42047488397",27742,"329.7120",33617,"37.043","13.306",543702,"18.062"
"2017-06-19","2561.000",986233,418307,269623,"1.1170","5760165560","3.6780","2.19300","9.536","41968025923",29453,"438.1510",38427,"38.992","17.029",613924,"18.061"
"2017-06-20","2657.000",965356,456280,267926,"1.0370","6321899480","3.8360","2.32800","10.511","43546604296",30023,"456.7120",41414,"40.942","18.398",649241,"18.045"
"2017-06-21","2707.000",982975,430351,280063,"1.2490","6411665636","4.4720","2.37200","10.286","44361471259",35391,"514.6960",40215,"41.917","20.920",616138,"18.126"
"2017-06-22","2677.000",992495,410959,269546,"1.2240","5529023049","4.4400","2.58200","10.360","43873283729",32427,"477.9770",37617,"41.917","20.475",609732,"18.116"
"2017-06-23","2710.000",948797,387556,259778,"1.1240","4822821862","3.5350","2.21800","9.000","44417204342",25030,"383.1010",42760,"40.942","14.500",608551,"18.085"
"2017-06-24","2654.000",949756,356744,226981,"1.1130","4241854159","3.5920","2.28600","9.863","43515995716",26338,"399.6560",0,"38.018","14.416",562893,"18.096"
"2017-06-25","2567.000",927642,292693,180597,"0.8950","3989442991","3.6770","2.11100","11.803","42087743668",26535,"441.4110",0,"35.093","14.511",455780,"18.134"
"2017-06-26","2472.000",987141,407713,261764,"1.1850","5886987446","3.5420","2.17100","10.141","40535475897",36022,"488.0400",0,"44.841","17.452",587642,"18.129"
"2017-06-27","2409.000",989866,435835,259606,"0.9810","4838171130","3.4150","2.11700","10.992","39515260814",25784,"385.1720",0,"48.740","18.353",585419,"18.053"
"2017-06-28","2524.000",972504,435927,279654,"1.1640","5437985357","3.4830","2.21800","9.172","41402209041",25473,"452.1540",0,"47.766","16.439",632364,"18.022"
"2017-06-29","2545.000",966754,378011,230934,"0.9370","6514963168","3.7620","2.23700","12.000","41739305928",35095,"571.1510",0,"40.942","18.548",519741,"17.920"
"2017-06-30","2513.000",956231,415868,267206,"1.2100","4771213825","3.3590","2.14700","9.351","41222833121",32823,"375.6650",0,"33.143","15.658",608065,"17.894"
"2017-07-01","2447.000",882650,334799,221692,"0.9780","3510026648","2.8180","1.77200","8.780","40152801092",25549,"413.7860",0,"31.989","11.081",553869,"17.941"
"2017-07-02","2431.000",779501,304664,196351,"0.9880","2919890153","2.4500","1.64800","7.660","39889234300",22251,"339.2330",0,"33.573","7.773",522589,"17.953"
"2017-07-03","2518.000",815687,389627,253074,"0.9700","4770026723","2.8170","1.82400","8.471","41318131632",28153,"411.3870",0,"34.060","11.767",569565,"17.865"
"2017-07-04","2588.000",896947,418122,255330,"1.0210","4012972320","2.9790","1.87700","9.412","42473073712",23152,"313.5010",0,"33.573","13.329",599532,"17.874"
"2017-07-05","2566.000",909457,366473,236859,"0.9570","5127203788","2.4460","1.64700","9.664","42118135974",27231,"385.0740",0,"34.060","10.820",542986,"17.919"
"2017-07-06","2589.000",956222,359432,224964,"0.9870","4436902196","2.7790","1.75000","10.141","42499920543",25478,"437.5880",0,"35.157","11.984",535621,"17.961"
"2017-07-07","2542.000",936977,412939,243466,"1.0870","4431085645","2.5120","1.60800","9.730","41730438843",25596,"383.9890",0,"33.512","11.517",659401,"18.021"
"2017-07-08","2513.000",858812,331633,220670,"1.0390","3423194169","2.1910","1.28900","8.727","41269622121",30724,"358.9330",0,"31.014","8.539",540203,"18.034"
"2017-07-09","2540.000",749534,279754,187986,"0.8500","3423698727","2.1240","1.34300","10.435","41713501524",31966,"317.2240",0,"31.440","8.359",456471,"17.956"
"2017-07-10","2455.000",746575,379402,251525,"1.1090","4939988110","2.0060","1.32800","7.310","40320637503",31882,"423.9440",0,"36.619","7.710",653136,"17.934"
"2017-07-11","2341.000",890025,426630,265586,"0.8550","4705553021","1.8300","1.17000","0.000","38455258715",25512,"404.2040",0,"42.773","8.763",686794,"17.928"
"2017-07-12","2341.000",881481,390631,256961,"0.9530","4018900149","2.0250","1.17000","8.136","38453156675",23948,"389.6880",41059,"39.178","9.138",629432,"17.891"
"2017-07-13","2365.000",855253,375415,245738,"0.8450","4151738734","2.0280","1.28800","9.172","38854877693",24195,"386.6510",37788,"36.680","9.705",577485,"17.907"
"2017-07-14","2276.000",900126,366403,227764,"0.7750","4004851742","2.1520","1.37000","10.360","37403791314",25983,"461.4090",36999,"36.619","11.035",554616,"17.862"
"2017-07-15","2079.000",974904,345815,221724,"0.8200","3017896840","3.5480","1.13000","11.339","34168634870",18350,"365.4030",35882,"40.763","19.255",563899,"17.930"
"2017-07-16","1941.000",840187,314702,203002,"0.7030","2777926644","1.5960","0.95700","8.834","31899934857",19438,"352.3340",35044,"48.075","7.578",526161,"17.947"
"2017-07-17","2054.000",945205,373816,230167,"0.6980","4262338651","1.7670","1.01400","9.730","33759628385",23700,"369.2400",42841,"43.870","9.675",588715,"17.886"
"2017-07-18","2268.000",959345,440571,260410,"0.8300","4390544481","1.9560","1.10400","8.727","37295345418",23100,"374.1760",38869,"43.870","9.823",668897,"17.914"
"2017-07-19","2309.000",939217,407556,253619,"0.7660","4246840471","1.8350","1.14200","9.664","37962040479",22826,"360.6740",40774,"41.250","9.772",628744,"17.946"
"2017-07-20","2471.000",929373,380778,230037,"0.8390","4770064102","2.4630","1.22400","8.889","40633363193",26222,"540.8920",42878,"45.942","10.177",569655,"17.971"
"2017-07-21","2702.000",976434,421979,268289,"0.9490","4433906661","2.5150","1.34000","9.351","44433539105",22782,"426.9370",41888,"44.967","11.489",617962,"18.040"
"2017-07-22","2766.000",925671,338462,223198,"0.9750","3757149636","2.1200","1.31300","9.000","45501010111",22198,"410.7600",36424,"38.752","7.883",560329,"17.999"
"2017-07-23","2760.000",683269,275765,180859,"0.9230","3278992666","1.9130","1.12700","8.372","45397010787",24385,"394.4370",36108,"38.752","5.515",452365,"17.944"
"2017-07-24","2745.000",894341,370830,239894,"0.9320","5015022059","1.9100","1.09800","8.090","45160517769",27361,"417.2070",44080,"39.239","6.985",598606,"17.953"
"2017-07-25","2625.000",934171,400265,243888,"0.8340","17759896498","1.8130","1.13300","9.730","43188746009",78931,"405.6430",44885,"40.824","8.352",573931,"17.890"
"2017-07-26","2503.000",967256,365077,237706,"0.8520","7985269593","1.7640","1.02300","9.796","41195885367",38997,"384.6110",47880,"40.275","8.360",556061,"17.625"
"2017-07-27","2571.000",923524,347631,225215,"0.8590","4642522755","1.8980","0.96000","9.351","42307778181",28299,"400.2870",49367,"39.178","7.956",578589,"17.606"
"2017-07-28","2742.000",916780,378159,247057,"0.8430","9520137958","2.0920","1.02600","9.600","45139227577",46641,"578.8990",46138,"43.809","9.137",581605,"17.742"
"2017-07-29","2725.000",872120,316754,210977,"0.8590","9903611418","2.0210","0.93000","9.172","44854727851",53371,"373.7430",35823,"37.107","7.389",566344,"17.746"
"2017-07-30","2693.000",810254,299626,183998,"0.8430","22053360481","2.0210","0.99200","9.796","44335540955",129731,"637.0420",37073,"36.619","6.996",466432,"17.861"
"2017-07-31","2771.000",926639,352462,230867,"0.8820","6665977806","2.3390","1.37400","9.931","45630229248",35357,"588.0620",45510,"46.978","9.713",604541,"17.441"
"2017-08-01","2785.000",725209,217993,131726,"0.8390","6554901743","1.6060","0.71000","9.664","45870392996",55654,"251.2440",52376,"77.876","3.922",409797,"17.258"
"2017-08-02","2718.000",878001,311862,209169,"0.8760","5967298470","1.6960","0.76900","9.474","44757902209",36619,"325.3590",50050,"71.295","6.432",514331,"17.188"
"2017-08-03","2747.000",868772,333784,212879,"0.8190","3823019048","1.6090","0.83400","10.435","45256047758",27590,"322.6780",47758,"48.261","6.745",476033,"17.335"
"2017-08-04","2831.000",924065,355478,235613,"0.9820","4168090436","1.3630","0.78100","8.045","46633139992",27964,"374.7770",47503,"43.874","4.830",597535,"17.334"
"2017-08-05","3152.000",881149,355925,239594,"0.9360","4504203648","1.4940","0.86200","8.136","51938149048",25741,"424.4990",48992,"57.036","4.886",584199,"17.396"
"2017-08-06","3238.000",786351,311025,199487,"0.9150","3779475003","1.4270","0.87700","10.286","53347430447",28533,"355.4280",36187,"47.165","4.786",460436,"17.281"
"2017-08-07","3306.000",943615,395695,248849,"1.0280","5282854065","1.6190","0.92000","9.412","54489564250",31331,"464.7410",46630,"54.842","5.992",600914,"17.175"
"2017-08-08","3422.000",979165,445406,275410,"1.0620","7248465951","1.9770","1.04700","8.780","56407445934",33527,"476.5410",53994,"55.939","7.204",707948,"17.224"
"2017-08-09","3353.000",954083,409106,260817,"0.9810","6055101399","2.0530","1.03000","10.435","55263199078",31425,"443.3700",48611,"52.649","8.478",611098,"17.080"
"2017-08-10","3399.000",981199,422801,257831,"1.0340","7614677981","2.5470","1.32100","10.746","56034624619",37353,"526.2320",45181,"48.261","10.346",621626,"17.022"
"2017-08-11","3514.000",967088,454050,283857,"1.1050","9621416989","2.9090","1.57700","10.000","57935873697",39964,"554.2770",49242,"50.455","11.551",643660,"17.027"
"2017-08-12","3780.000",979832,399541,260386,"1.1730","6852319405","3.0600","1.78100","10.667","62328930619",35028,"460.7040",44387,"61.424","11.108",578782,"16.952"
"2017-08-13","4041.000",983237,392571,263162,"1.2260","7789298592","2.9130","1.82600","9.730","66630859519",34418,"484.1590",47827,"74.586","9.306",600939,"16.985"
"2017-08-14","4185.000",955180,416424,255232,"1.2320","9479673124","4.0860","2.37600","11.077","69017151769",46246,"726.4600",57531,"83.361","13.302",572827,"16.998"
"2017-08-15","4189.000",974987,484333,310850,"1.4250","8319582106","4.7220","2.74500","9.474","69088046183",36075,"601.4790",65447,"84.457","15.579",732653,"17.050"
"2017-08-16","4177.000",966645,421843,274736,"1.3270","9810971260","5.2840","3.02100","11.077","68907646304",44905,"616.9130",53779,"71.295","17.625",570693,"16.948"
"2017-08-17","4354.000",978599,474636,347140,"1.5590","10068647994","4.5810","2.86600","8.045","71822252410",34973,"459.6510",71870,"68.005","14.042",753763,"17.055"
"2017-08-18","4240.000",959904,436430,312101,"1.2480","9228286469","4.5910","2.96800","9.664","69953793855",36235,"424.7740",61067,"71.295","15.365",605239,"17.096"
"2017-08-19","4090.000",966372,389616,266681,"1.2450","8103745832","4.0780","2.57900","9.536","67492330602",36052,"429.3390",51709,"63.617","12.355",621226,"17.131"
"2017-08-20","4101.000",961366,322818,210722,"1.1420","6421695357","4.0680","2.62200","11.077","67687086280",34683,"490.4010",58268,"59.230","11.401",498210,"17.127"
"2017-08-21","4043.000",976404,375380,236657,"1.3000","8386101776","5.0910","2.92900","12.522","66733463932",42653,"722.3990",53402,"59.230","17.176",503262,"17.079"
"2017-08-22","3941.000",998092,321776,196194,"1.2330","6010597067","6.7130","3.80300","16.180","65052897473",37003,"915.3380",59244,"68.005","23.108",395885,"17.100"
"2017-08-23","4156.000",986428,477608,315575,"1.8300","8579511633","7.1380","4.15600","9.057","68608645839",31106,"567.5130",59293,"60.327","21.435",724005,"17.134"
"2017-08-24","4202.000",938232,335651,203704,"1.1430","5878964140","7.9630","4.81000","14.257","69375700952",33984,"933.1440",63067,"54.842","23.424",492102,"17.185"
"2017-08-25","4367.000",928000,363418,208068,"1.6350","4828201674","8.9360","5.04800","14.257","72095678169",29762,"648.9380",58723,"57.036","25.230",513654,"17.141"
"2017-08-26","4323.000",997706,366824,226380,"1.7230","5239986688","8.1220","4.87600","13.714","71383740971",26765,"555.5170",50258,"52.649","24.483",511783,"17.137"
"2017-08-27","4349.000",989341,369756,261736,"1.6840","4708505609","5.9630","3.74600","9.290","71823409627",21324,"329.2280",47358,"50.455","15.635",653089,"17.088"
"2017-08-28","4316.000",979974,386199,223642,"1.3070","6466730983","7.2980","4.33100","11.163","71281851393",33172,"665.8330",53173,"53.746","19.006",569988,"17.046"
"2017-08-29","4473.000",996219,459109,280967,"1.7850","7229940964","7.3510","4.54600","9.664","73880033253",31146,"656.4910",60452,"61.424","19.875",645223,"17.006"
"2017-08-30","4586.000",980927,435246,271298,"1.5940","5900773027","6.5670","4.15100","8.571","75754273283",27664,"618.2530",57072,"64.714","15.620",696257,"17.029"
"2017-08-31","4677.000",978432,456934,280561,"1.6180","6482530644","6.8890","4.22800","8.834","77275458691",29797,"762.4830",58244,"69.102","16.869",663732,"17.027"
"2017-09-01","4808.000",968851,457645,283496,"1.6240","6730813580","6.4920","4.23800","8.276","79447876110",30534,"779.0630",67953,"74.586","14.972",657004,"16.967"
"2017-09-02","4694.000",805682,404830,236647,"1.4300","5418579803","5.7620","3.71400","8.780","77565077979",31304,"525.5870",53177,"68.005","12.419",620539,"17.001"
"2017-09-03","4601.000",761028,328082,195135,"1.4640","5128183327","5.6380","3.13000","9.351","76039057835",33552,"542.3380",49077,"61.424","11.058",503533,"17.035"
"2017-09-04","4402.000",923023,441536,269105,"1.4350","8251729429","5.3230","3.26800","8.229","72759466778",39562,"816.4640",77422,"76.779","12.957",657343,"17.019"
"2017-09-05","4290.000",758939,466787,277751,"1.5140","25559126230","4.3540","2.80800","7.310","70922959655",100256,"710.6070",61290,"77.876","10.279",669751,"17.012"
"2017-09-06","4564.000",897663,455092,276063,"1.2370","9349051090","4.5060","2.76200","8.889","75453123090",41632,"673.1520",57051,"68.005","11.871",701223,"17.024"
"2017-09-07","4613.000",803085,410938,256198,"1.4440","8732027802","4.6330","2.51300","8.182","76279792884",40169,"684.3330",51603,"61.424","10.479",652038,"17.002"
"2017-09-08","4509.000",905502,460254,279313,"1.3730","8358506241","3.5160","1.84800","8.229","74578472320",34972,"594.0600",57797,"65.811","9.059",700931,"16.964"
"2017-09-09","4327.000",720245,345735,217721,"1.2200","6831269826","2.8790","1.76000","8.521","71576355915",36723,"527.8540",54796,"53.746","6.421",534259,"17.009"
"2017-09-10","4224.000",775611,313176,193102,"1.0770","5829815939","3.1330","1.67300","10.435","69872861147",35468,"612.9480",52629,"53.746","7.672",486607,"17.125"
"2017-09-11","4239.000",817745,403191,253318,"1.4180","9208066660","2.6730","1.72900","8.276","70124538265",45008,"534.8550",61659,"60.327","6.846",627296,"17.059"
"2017-09-12","4271.000",698755,416508,256042,"1.3120","8688958882","2.4840","1.44800","7.660","70676678003",40515,"540.5500",64321,"60.327","5.963",633035,"17.007"
"2017-09-13","3956.000",700989,412270,263130,"1.1550","9283124722","2.0100","1.08800","7.579","65463129716",42528,"566.8630",73211,"80.070","5.334",627711,"16.997"
"2017-09-14","3648.000",784427,423705,267894,"0.9790","9547255978","2.0940","1.01200","8.276","60384969785",43553,"672.9450",81128,"98.716","6.606",604275,"16.967"
"2017-09-15","3430.000",827811,482592,291899,"0.9980","10232397912","2.0540","1.08700","8.000","56770507977",41502,"726.2670",78373,"109.685","7.214",710163,"16.994"
"2017-09-16","3733.000",687613,359388,228088,"1.0890","7382643993","1.9630","1.05900","8.521","61806888393",36640,"515.4860",64396,"72.392","5.375",576734,"16.970"
"2017-09-17","3669.000",569002,322465,197507,"1.0590","5182175129","1.8470","1.00300","8.182","60755157088",32264,"494.1560",52831,"60.327","4.327",473746,"16.990"
"2017-09-18","3962.000",892449,366540,218077,"0.8670","7679599995","3.0580","1.47200","11.339","65606025553",42372,"760.9590",73426,"70.198","9.591",557095,"16.887"
"2017-09-19","3978.000",929931,430439,282761,"1.1130","6584697077","2.4440","1.39400","9.231","65877741544",27029,"498.1920",71751,"64.714","8.183",246700,"16.889"
"2017-09-20","3958.000",922450,370974,235606,"0.8950","6430237743","2.4600","1.44900","12.308","65563600279",32562,"596.3300",59979,"55.939","9.104",531769,"16.913"
"2017-09-21","3811.000",747806,405038,255081,"1.0470","6417431758","2.0370","1.30200","8.182","63124326141",28841,"525.7750",61443,"57.036","5.840",612206,"16.908"
"2017-09-22","3645.000",780109,387879,227476,"0.7480","5787808278","1.8770","1.21400","10.360","60388737870",30023,"480.5680",63652,"52.649","6.321",545336,"16.847"
"2017-09-23","3735.000",602838,319234,203695,"1.0060","4149608688","1.8280","1.08500","8.675","61890726732",24068,"373.4980",56876,"44.971","4.588",477105,"16.834"
"2017-09-24","3713.000",636403,290936,185132,"0.8040","3584853193","1.6780","1.02700","9.931","61519135073",22409,"369.0230",55081,"41.680","4.416",461817,"16.792"
"2017-09-25","3832.000",888244,379341,226478,"0.9060","6644739320","2.4940","1.32500","11.520","63509452740",33742,"517.2070",72699,"49.358","8.623",565137,"16.789"
"2017-09-26","3928.000",929559,409324,263510,"1.0120","6814672280","2.2370","1.34100","10.435","65106289093",31181,"471.9610",61973,"46.068","8.008",627044,"16.796"
"2017-09-27","4045.000",817506,409675,257814,"0.9910","7273373787","2.2510","1.36500","9.796","67048432603",34001,"536.1700",65959,"50.455","7.248",577233,"16.808"
"2017-09-28","4200.000",815606,416562,275799,"1.1320","8097726563","2.0470","1.29300","8.136","69626529247",35035,"530.9590",70657,"48.261","5.732",661471,"16.800"
"2017-09-29","4156.000",794499,418181,254269,"1.0110","6946455825","1.8850","1.15000","8.521","68903634001",32011,"498.6550",76874,"47.165","5.180",664321,"16.797"
"2017-09-30","4290.000",752577,344939,212540,"0.8440","6331363667","2.0480","1.07600","10.435","71138492643",33491,"527.1010",56280,"42.777","5.557",524353,"16.808"
"2017-10-01","4323.000",878431,315771,203523,"1.1020","5407231439","2.5290","1.13100","11.077","71691771306",30533,"443.1260",58917,"43.527","6.830",526734,"16.808"
"2017-10-02","4421.000",955108,455305,294852,"1.1780","7167411674","2.7060","1.46900","9.600","73320193730",30389,"455.9490",66945,"49.902","8.784",717195,"16.797"
"2017-10-03","4326.000",840252,445314,281949,"1.0690","5448092070","2.3400","1.31800","7.869","71750089639",24860,"426.6750",70772,"49.354","6.255",674378,"16.821"
"2017-10-04","4263.000",792007,380183,232692,"0.8360","4688693754","2.5050","1.39700","10.746","70723928306",26879,"527.0430",76296,"47.160","7.551",517066,"16.822"
"2017-10-05","4268.000",966673,424653,273118,"1.0780","5834835895","2.5050","1.44700","11.520","70803454139",26017,"436.0160",61290,"45.173","9.311",553810,"16.806"
"2017-10-06","4372.000",872025,456906,283540,"1.1510","5030694502","2.3020","1.43000","9.057","72540930192",21341,"395.2140",68406,"43.527","6.991",698593,"16.823"
"2017-10-07","4364.000",796868,364596,231068,"1.0710","3858599517","2.0440","1.34100","9.114","72422993843",19899,"344.8680",76111,"41.882","5.198",573488,"16.816"
"2017-10-08","4508.000",722019,370784,238203,"1.0940","4882119380","2.1160","1.24600","7.912","74824280415",24062,"336.3780",63113,"46.612","4.687",557288,"16.851"
"2017-10-09","4655.000",864917,450143,296785,"1.0610","10640650610","2.3430","1.31500","8.944","77274946475",40188,"462.5910",73002,"54.632","6.912",647180,"16.912"
"2017-10-10","4825.000",902968,463750,302941,"1.1270","7857812947","2.6640","1.49600","9.000","80107776585",31066,"458.2830",79373,"55.729","7.721",689686,"17.009"
"2017-10-11","4796.000",951851,451089,292320,"1.1510","7549637973","2.4330","1.52700","10.360","79679415762",29169,"404.5450",68320,"55.729","7.867",663108,"17.023"
"2017-10-12","5076.000",913506,448224,293011,"1.2210","8804047557","3.0470","1.62800","9.412","85003423821",34552,"583.7240",106779,"92.881","8.427",678030,"17.081"
"2017-10-13","5611.000",951585,489698,309683,"1.5170","8998714301","5.1740","3.04600","10.588","93509800724",36215,"632.4150",99372,"106.728","14.386",685777,"17.093"
"2017-10-14","5677.000",948494,423778,292999,"1.3530","7521421226","4.4090","2.81500","10.213","94278777215",29383,"428.1790",83670,"74.305","11.441",719689,"17.116"
"2017-10-15","5632.000",831224,412303,283278,"1.4690","6437618242","3.2350","1.99800","7.385","93548402391",26288,"347.6830",93320,"68.478","6.262",736669,"17.122"
"2017-10-16","5680.000",842565,471943,314551,"1.2340","9858181150","3.4930","2.24500","8.276","94358438478",34725,"418.3420",77238,"69.575","8.171",722882,"17.142"
"2017-10-17","5633.000",900497,494130,334274,"1.2660","14404892021","3.5240","2.29000","8.780","93596014206",47593,"438.5510",80151,"66.833","9.262",744315,"17.126"
"2017-10-18","5398.000",921393,473872,329428,"1.1960","10018607702","3.1490","2.15100","9.536","89691900439",35268,"417.4620",71392,"68.478","9.246",706896,"17.208"
"2017-10-19","5656.000",905830,509492,356807,"1.4460","9503475054","3.0360","1.98700","8.090","94000280910",30264,"365.3180",85571,"66.833","7.929",780977,"17.240"
"2017-10-20","5788.000",900019,471486,312230,"1.2110","9630004673","3.0030","1.95600","8.045","96201928784",35685,"452.6150",94627,"75.402","6.754",743148,"17.299"
"2017-10-21","6077.000",931377,431707,312104,"1.3550","8289750069","3.2660","1.84000","9.412","101014709864",30387,"369.0750",66998,"86.506","8.068",703327,"17.303"
"2017-10-22","5919.000",930528,391467,288949,"1.3940","7579264421","3.1820","1.79900","7.912","98403481758",30664,"389.7520",74513,"73.757","6.395",795453,"17.310"
"2017-10-23","5877.000",903649,430124,315925,"1.3390","14111013587","3.4540","1.82200","8.421","97721791086",55673,"703.0260",86442,"81.777","7.995",753657,"17.300"
"2017-10-24","5662.000",969680,547682,338707,"1.2550","11557765366","3.3960","1.87200","8.623","94624433476",45325,"668.4840",74472,"90.687","9.071",827482,"17.252"
"2017-10-25","5546.000",921459,488845,317062,"1.3260","9127538028","2.5470","1.60000","7.956","92008277183",34416,"408.3670",72426,"80.680","5.894",803636,"17.160"
"2017-10-26","5824.000",697280,458012,285767,"1.2270","8899591517","2.3910","1.52800","7.423","96603804964",36544,"489.1250",67679,"79.583","4.627",675483,"17.187"
"2017-10-27","5824.000",963083,401541,226990,"0.8390","9670853687","3.9340","2.29200","14.845","96960393814",49068,"665.4450",69197,"67.382","11.361",593315,"17.189"
"2017-10-28","5755.000",954359,369356,227234,"1.0360","6944047266","4.6880","2.90300","15.652","95859715742",38364,"639.7700",59449,"56.826","13.700",0,"0.000"
"2017-10-29","5882.000",951419,491327,335635,"1.5460","8713163692","4.9050","3.42900","9.290","97469724448",29189,"387.1430",64396,"65.736","12.640",0,"0.000"
"2017-10-30","6122.000",966809,468353,312620,"1.2130","10094410605","5.1000","3.47500","9.931","101926088565",36197,"476.1590",73018,"74.853","12.534",0,"0.000"
"2017-10-31","6244.000",975477,448205,276961,"1.1080","10525333658","5.2410","3.38000","10.360","103704681336",42591,"660.9250",86043,"87.603","11.899",0,"17.175"
"2017-11-01","6507.000",966554,508120,340337,"1.4780","12223089490","5.6480","3.55300","9.474","108093076509",41837,"638.4630",89885,"104.867","13.531",0,"17.173"
"2017-11-02","6963.000",953509,495469,352186,"1.3330","13645035658","5.5250","3.71900","9.351","115630882522",44545,"677.5620",92923,"141.879","12.627",0,"17.171"
"2017-11-03","7240.000",958895,447775,274116,"1.2650","11463975076","6.9590","4.15200","12.308","120437642564",79848,"757.7350",77953,"129.542","15.209",0,"17.170"
"2017-11-04","7264.000",956530,409270,293991,"1.6210","8239673907","6.7510","4.66200","11.077","120933551387",142419,"522.0180",73373,"104.867","14.400",0,"17.168"
"2017-11-05","7472.000",958893,358067,251587,"1.3930","8019469406","5.8700","4.10300","10.213","124413404338",180441,"589.8290",67196,"98.699","10.089",0,"17.166"
"2017-11-06","7254.000",959028,402606,270896,"1.3110","10209227358","6.4360","4.58600","10.827","120799065543",74469,"693.6110",72577,"104.867","12.636",0,"17.164"
"2017-11-07","7113.000",947449,474445,335480,"1.6190","13415217493","6.2360","4.26500","9.231","118462804129",74673,"539.8830",64461,"98.699","13.112",777842,"17.322"
"2017-11-08","7383.000",953969,435209,301202,"1.3640","14139903096","6.4260","4.68000","10.000","122977754124",104559,"783.4650",81551,"104.867","12.719",742562,"17.341"
"2017-11-09","7250.000",948715,479262,341128,"1.5780","14161688392","7.6790","4.91500","9.412","120763173129",47516,"684.5430",81241,"98.699","15.897",820490,"17.384"
"2017-11-10","6951.000",957897,426236,271625,"1.2520","14522919670","8.1880","5.07400","12.000","115797361086",59685,"937.6930",80481,"123.373","17.588",692632,"17.439"
"2017-11-11","6549.000",955967,312675,194554,"1.2580","9588750322","10.6730","6.11700","18.000","109122146833",56012,"1145.0000",68892,"117.205","24.081",536909,"17.444"
"2017-11-12","6115.000",961424,317496,185886,"1.9850","11353510998","19.1980","12.98900","18.000","101884902772",68648,"1288.0000",71176,"148.048","36.863",434508,"17.288"
"2017-11-13","6345.000",961228,479691,309159,"2.0150","26469129872","16.0770","10.79200","10.286","105721906686",89730,"809.5530",73373,"129.542","30.932",766736,"17.286"
"2017-11-14","6601.000",947941,420149,271867,"1.5810","23755345506","14.9340","10.38300","11.250","110001731748",93706,"779.6300",71630,"98.699","27.778",730693,"17.370"
"2017-11-15","7074.000",961319,487494,321636,"1.9150","20997072808","13.2740","7.56900","9.474","117904169028",75243,"704.8110",79934,"104.867","24.115",656508,"17.345"
"2017-11-16","7462.000",945289,474645,310244,"1.7510","26326242100","12.0890","7.46200","9.474","124381523993",91784,"780.2040",87538,"104.867","20.928",0,"17.345"
"2017-11-17","7840.000",959494,463485,306450,"1.7340","27317713879","10.2640","4.36000","8.623","130705480290",97635,"578.3880",83410,"123.373","16.127",841753,"17.348"
"2017-11-18","7705.000",972039,411895,270738,"1.5670","19593945531","8.2530","3.18100","10.588","128470920191",77255,"466.0850",68192,"92.530","14.579",722113,"17.348"
"2017-11-19","7832.000",965985,399282,264695,"1.6590","21682657271","7.3210","3.07400","9.000","130591650311",160965,"545.1670",72762,"92.530","11.016",803338,"17.349"
"2017-11-20","8112.000",945862,502165,336029,"1.9030","24213945824","7.9430","3.15200","8.229","135280276543",101924,"646.7480",102144,"117.205","13.080",836952,"17.323"
"2017-11-21","8178.000",962086,517808,370918,"1.6740","24454312231","6.8410","3.00300","8.324","136390814436",80142,"509.6190",87110,"123.373","12.554",844422,"17.198"
"2017-11-22","8206.000",967813,468426,311885,"1.5160","20712584854","6.7460","3.05300","9.730","136880265162",92243,"646.8860",78405,"104.867","12.178",744622,"17.133"
"2017-11-23","8184.000",961757,519374,352050,"1.8360","22030065158","6.1820","3.05800","9.172","136531333724",79155,"593.1930",75047,"98.699","11.938",835255,"17.058"
"2017-11-24","8168.000",956760,486976,305586,"1.6000","18383739494","6.2420","2.95400","9.664","136279796455",71526,"568.9800",69886,"92.530","11.147",792418,"17.037"
"2017-11-25","8464.000",966995,481219,336533,"1.7660","18655976997","4.9200","2.84000","9.231","141232992457",72885,"535.1550",71625,"98.699","9.122",838662,"17.085"
"2017-11-26","9041.000",957944,484158,329524,"1.8540","15116461788","5.2470","2.79700","9.412","150886027872",56203,"564.1960",80943,"148.048","9.094",791025,"17.034"
"2017-11-27","9607.000",958452,568295,379086,"2.1020","18854279195","5.9940","3.31500","8.471","160342961934",61437,"696.1530",98413,"197.398","10.019",895407,"17.019"
"2017-11-28","9867.000",963751,556183,365821,"1.9870","23799158315","6.6140","3.57700","9.231","164696697220",77649,"1005.0000",106360,"228.241","11.175",857193,"17.022"
"2017-11-29","10480.000",966491,607607,397917,"2.2670","29734132843","7.6610","4.07300","8.324","174954210210",85854,"1261.0000",128781,"376.289","11.862",989871,"17.121"
"2017-11-30","9996.000",974912,564925,384219,"2.0800","23309294084","7.0410","3.84100","8.623","166901928540",70134,"971.9370",103190,"308.434","11.481",934600,"17.195"
"2017-12-01","10236.000",972686,571162,412725,"2.2570","19741704066","6.1270","3.75000","7.869","170928007636",57460,"629.5160",105017,"234.410","9.751",961135,"17.209"
"2017-12-02","10976.000",961585,445089,326193,"2.0340","18539722411","6.4030","3.89600","8.944","183313866767",72036,"660.0490",88292,"178.892","8.643",808982,"17.223"
"2017-12-03","11320.000",970221,493467,352868,"2.4450","18661152993","6.0130","3.81100","8.182","189076990555",59934,"714.1100",83022,"178.892","7.855",846141,"17.228"
"2017-12-04","11414.000",974881,583651,400505,"2.3170","25503834166","6.4440","3.85300","7.956","190667645114",74412,"934.5920",97945,"209.735","9.090",991943,"17.217"
"2017-12-05","11716.000",963049,586563,405531,"2.3990","28258548183","6.3470","3.58600","8.090","195740115191",87067,"1020.0000",103919,"215.904","8.990",971003,"17.188"
"2017-12-06","12656.000",963853,639063,443399,"2.4730","35837042267","7.3410","3.93100","7.660","211482473904",100736,"1801.0000",116856,"289.928","9.868",1072008,"17.123"
"2017-12-07","15282.000",947623,553656,374765,"2.6610","44119706899","14.8680","10.03000","9.474","255399377132",140568,"2882.0000",155600,"579.855","16.106",871878,"17.130"
"2017-12-08","16326.000",963467,545295,384936,"3.4640","31862381544","27.2040","16.75000","9.231","272865236208",105625,"2103.0000",124260,"512.000","24.760",966052,"17.035"
"2017-12-09","15335.000",972997,525520,403225,"3.2380","36561107236","21.5670","14.40800","8.276","256342153723",110025,"1327.0000",114109,"345.446","20.688",984629,"17.048"
"2017-12-10","14558.000",970716,441242,341256,"2.6570","24677741737","19.5420","12.41900","8.780","243373178036",84704,"1041.0000",100455,"333.108","18.272",961658,"17.110"
"2017-12-11","16561.000",969819,519452,368427,"3.2590","37741444732","21.7400","14.16800","8.421","276900007731",120727,"1167.0000",128425,"388.626","18.458",977830,"17.157"
"2017-12-12","16914.000",968749,554166,372821,"3.2080","45651303065","24.4050","14.82400","9.231","282833065949",149718,"2096.0000",113215,"357.783","21.629",972328,"17.147"
"2017-12-13","16746.000",978753,615267,424393,"3.7260","46439629516","23.8450","14.38200","7.742","280067222876",128844,"2000.0000",98863,"320.771","20.637",1090944,"17.322"
"2017-12-14","16521.000",969229,730199,490459,"3.2840","38101435466","21.7140","14.18300","7.784","276345715030",99077,"4766.0000",109628,"283.759","21.805",1133157,"17.300"
"2017-12-15","17543.000",970441,594965,405507,"3.3370","38247950307","25.6420","16.41900","8.521","293474751924",119167,"2889.0000",105711,"259.084","21.917",1036971,"17.374"
"2017-12-16","18334.000",971096,514084,364051,"3.7210","35354887769","26.8930","16.42700","8.421","306738197513",118546,"2083.0000",82782,"252.916","19.997",949920,"17.384"
"2017-12-17","19401.000",969545,538692,391725,"3.8390","37550856481","26.5190","17.23100","7.784","324637578489",118209,"2131.0000",84441,"283.759","18.808",1012311,"17.573"
"2017-12-18","18854.000",968767,578169,394057,"3.5230","45706751753","28.0910","16.58700","7.912","315523825232",143702,"3131.0000",97245,"289.928","20.521",1004904,"17.628"
"2017-12-19","18319.000",968040,593147,378482,"2.9250","27068310341","32.0710","19.87300","10.286","306617317089",95987,"5295.0000",83423,"302.265","27.471",855045,"17.586"
"2017-12-20","16899.000",973454,583767,370141,"3.2670","27745583070","41.6190","27.11900","10.588","282876098875",101636,"4755.0000",101169,"407.132","34.914",918969,"17.448"
"2017-12-21","16311.000",954314,575368,335350,"3.6050","20721733905","54.9010","33.30800","10.909","273060205603",87035,"4974.0000",105591,"320.771","40.631",856302,"17.420"
"2017-12-22","14030.000",976936,607897,380493,"3.6930","19070175373","55.1600","31.70800","9.290","234898731610",70050,"3814.0000",124670,"616.867","43.580",959550,"17.504"
"2017-12-23","15086.000",977629,473638,308072,"3.0610","19449595243","52.1830","34.09500","10.360","252613793570",87141,"2922.0000",100098,"382.458","38.026",888892,"17.513"
"2017-12-24","13698.000",976364,393496,279371,"2.7880","15321295395","43.2040","26.77900","9.474","229398756931",69893,"1524.0000",70864,"289.928","31.694",925819,"17.519"
"2017-12-25","13825.000",970845,341208,228791,"2.4490","19386718609","41.6580","24.88600","10.667","231550279194",109310,"1948.0000",64029,"240.578","29.016",758165,"17.553"
"2017-12-26","15224.000",971543,375072,247298,"2.9830","26944498756","44.6690","23.33000","10.141","254994129964",134412,"2808.0000",77648,"240.578","29.030",753514,"17.576"
"2017-12-27","15712.000",958074,501060,307486,"3.0060","27000422227","40.1030","22.99000","9.231","263203445482",118631,"3986.0000",78968,"228.241","28.708",921366,"17.597"
"2017-12-28","14342.000",969909,498181,304904,"2.6650","20475474399","36.9630","21.06100","9.664","240273945811",97156,"3552.0000",79968,"228.241","29.683",865808,"17.626"
"2017-12-29","14598.000",973728,579572,353659,"2.9020","22079665058","32.4350","18.48500","8.727","244597045962",95308,"4195.0000",77151,"203.566","27.598",959700,"17.704"
"2017-12-30","13277.000",958150,584815,344260,"2.4130","19150513810","30.0280","16.03500","9.796","222499368077",86475,"4447.0000",71377,"203.566","29.913",874666,"17.672"
"2017-12-31","13402.000",960776,425658,290259,"2.2810","14840771531","25.1700","15.29100","8.834","224606648480",75541,"2182.0000",64989,"172.723","21.117",847972,"17.945"
"2018-01-01","13523.000",966169,356264,241601,"2.1740","13816700887","26.2740","14.62500","9.231","226660835849",94104,"2104.0000",62044,"158.040","19.412",842391,"18.038"
"2018-01-02","13924.000",968332,527209,340809,"2.4310","21724537648","26.5220","12.57400","8.421","233414506204",103561,"3921.0000",77723,"189.385","23.304",982159,"18.050"
"2018-01-03","15027.000",975882,583433,395806,"2.7370","21194139359","28.4610","15.52900","9.172","251928880404",106867,"4847.0000",79086,"186.300","27.649",953442,"18.092"
"2018-01-04","14883.000",975713,653949,424840,"2.6060","21932336721","27.2640","15.51900","8.571","249551907103",95838,"5033.0000",74534,"181.447","27.047",1071574,"18.021"
"2018-01-05","15881.000",974894,563214,342564,"2.6310","26876803227","32.5150","17.29800","10.070","266322959082",135345,"4727.0000",76404,"179.677","28.188",951484,"17.964"
"2018-01-06","16784.000",971532,550609,358679,"3.1390","31755346161","32.4980","17.51600","8.571","281493165811",139330,"2963.0000",62977,"158.494","24.861",1043134,"17.931"
"2018-01-07","16733.000",973489,596370,368025,"2.8650","36797046211","31.1950","19.15300","8.889","280670512801",125268,"5417.0000",67259,"159.809","25.316",994708,"17.959"
"2018-01-08","15476.000",955491,582236,345506,"2.7540","27348517222","31.1090","17.68400","8.675","259614717349",112823,"3739.0000",30585,"177.908","25.086",1022976,"18.088"
"2018-01-09","15041.000",971298,619186,360101,"2.6530","23869565227","31.4270","18.02600","8.780","252344308821",93725,"4131.0000",80932,"167.747","26.858",985166,"18.110"
"2018-01-10","14328.000",970310,591685,347227,"2.4270","21544653609","29.7240","16.44900","8.675","240422271940",89169,"4016.0000",82357,"174.824","25.778",989424,"18.053"
"2018-01-11","13863.000",957442,560733,337766,"2.5540","17714274718","28.6260","15.93200","7.461","232652102673",76180,"3252.0000",100333,"196.007","22.436",1077376,"18.095"
"2018-01-12","13850.000",979452,501201,299913,"2.2170","17255390265","28.7510","15.92300","8.090","232459902423",82955,"3225.0000",80737,"161.578","21.874",984432,"18.147"
"2018-01-13","14363.000",947784,445886,265586,"1.9210","13351548532","28.5790","16.54300","9.664","241095276020",73722,"3769.0000",63396,"141.710","22.112",834309,"18.171"
"2018-01-14","13821.000",972098,379898,234890,"2.0030","12021433951","28.9090","14.33500","9.290","232027547555",74564,"2761.0000",65657,"132.003","20.240",813222,"18.186"
"2018-01-15","13932.000",968469,452141,273473,"2.0530","13554910365","25.9870","13.13900","9.600","233914106364",76208,"2885.0000",76852,"133.318","21.397",813490,"18.231"
"2018-01-16","12255.000",964211,529807,303566,"1.8670","25322047039","24.4800","12.66400","9.057","205785298207",116560,"2746.0000",102135,"263.551","23.387",874574,"18.281"
"2018-01-17","10747.000",961005,556406,315604,"1.5290","16916595806","22.9890","12.33100","8.623","180485872090",84022,"2530.0000",111394,"355.816","24.447",957141,"18.269"
"2018-01-18","11561.000",965294,534393,309322,"1.7480","15946638597","24.5520","13.17400","8.324","194179623487",80527,"2665.0000",100366,"240.598","23.309",931879,"18.292"
"2018-01-19","11560.000",965425,403514,243454,"1.7170","12069269316","23.3370","11.90100","8.727","194183216606",92658,"2140.0000",57244,"179.677","19.255",858958,"18.312"
"2018-01-20","12544.000",947155,365065,240433,"1.6070","11615203922","22.4030","12.21000","8.090","210738899361",76074,"1675.0000",75149,"148.333","16.187",846869,"18.477"
"2018-01-21","11984.000",948330,337684,215435,"1.6000","8649199723","19.1000","10.15000","7.701","201358274892",61533,"1186.0000",76295,"135.087","12.818",864703,"18.630"
"2018-01-22","11217.000",970602,393434,245395,"1.3730","11702117541","14.3800","7.12600","8.623","188495245833",69635,"1588.0000",93708,"161.578","13.105",809424,"18.683"
"2018-01-23","10800.000",973223,358396,271759,"1.3450","11908509067","11.3640","5.14200","8.136","181518502026",61095,"888.7170",81995,"153.186","11.452",784072,"18.684"
"2018-01-24","11094.000",966769,380485,250247,"1.4740","12306542146","12.5690","5.85000","8.182","186487725957",66525,"1582.0000",78855,"139.940","11.422",848037,"18.637"
"2018-01-25","11384.000",953261,352841,236422,"1.1740","9852689149","10.6350","5.68700","9.114","191386342782",65271,"1411.0000",79509,"132.003","10.064",750794,"18.625"
"2018-01-26","11085.000",960456,341660,220304,"1.2270","11712243694","10.5230","5.54400","9.290","186381387939",85553,"1307.0000",73227,"135.087","9.749",723781,"18.588"
"2018-01-27","11294.000",939838,289097,193421,"1.1660","7246518193","9.8240","5.11400","9.172","189911777159",79489,"1080.0000",63956,"116.988","7.902",778222,"18.398"
"2018-01-28","11710.000",935922,322498,213288,"1.3160","11335689458","8.5290","5.03600","9.114","196924484586",171670,"928.8390",66645,"110.365","7.297",641321,"18.397"
"2018-01-29","11372.000",925391,350079,232028,"1.1360","9434363501","7.1430","4.86400","9.730","191267618666",95042,"1001.0000",82322,"112.134","7.307",653494,"18.239"
"2018-01-30","10781.000",901063,363129,236442,"1.1150","8869246425","7.3090","4.61600","8.623","181354406563",107502,"1279.0000",84246,"125.380","7.136",707495,"18.183"
"2018-01-31","10154.000",944705,337571,204159,"0.9120","7824248447","8.0680","3.78600","12.308","170825979327",88742,"1751.0000",81651,"135.087","9.989",579948,"18.145"
"2018-02-01","9755.000",958674,403277,257504,"1.2260","10190875404","8.1080","3.80300","9.000","164126975042",82912,"1389.0000",93008,"169.848","9.672",726833,"18.196"
"2018-02-02","8748.000",941242,394122,235750,"0.9520","10139478866","10.1810","3.92100","8.571","147199195523",54128,"1757.0000",102640,"222.925","11.562",763496,"18.273"
"2018-02-03","9091.000",916645,297108,194733,"0.9140","6421552427","6.8590","3.70900","9.114","152993289031",42393,"983.3010",76444,"148.617","6.929",620918,"18.314"
"2018-02-04","8826.000",889806,268466,173509,"0.9810","5499166432","5.6630","3.14200","8.090","148552944664",49344,"968.6840",78202,"127.386","4.769",595294,"18.288"
"2018-02-05","7704.000",899185,334825,216178,"0.7810","11558710245","6.1930","2.55900","7.784","129684718445",65810,"987.9810",99959,"222.925","6.995",777110,"18.367"
"2018-02-06","6852.000",961110,397735,243950,"0.6760","10063745538","4.6140","2.19100","8.471","115363256594",53713,"921.6740",109734,"279.541","7.180",849088,"18.421"
"2018-02-07","7933.000",945530,326879,213578,"0.7270","7637070812","4.5880","2.51700","10.213","133574673999",43026,"931.1170",95072,"180.463","6.553",694798,"18.426"
"2018-02-08","8256.000",944714,264306,173158,"0.6770","8069714475","4.1950","2.37700","10.992","139027505244",55780,"717.7410",101569,"152.155","5.103",651284,"18.292"
"2018-02-09","8300.000",957285,305351,177725,"0.8030","7623426850","4.1270","2.40500","10.667","139778258090",53355,"847.7480",89542,"127.386","4.979",689413,"18.521"
"2018-02-10","8691.000",947466,287700,181640,"0.8580","11338600258","4.2480","2.28800","10.070","146371838138",73500,"838.9200",77570,"102.616","4.736",593126,"18.502"
"2018-02-11","8234.000",946795,248844,147057,"0.7040","9168379767","3.4690","2.05900","9.536","138687629504",78200,"543.4620",75335,"99.078","3.182",730277,"18.516"
"2018-02-12","8662.000",941726,294180,186752,"0.8340","11904575766","3.2450","1.76200","8.675","145922534123",77583,"751.3850",83783,"106.155","3.265",781308,"18.589"
"2018-02-13","8657.000",946217,282146,182820,"0.7610","8730307130","3.2470","1.67700","8.780","145847139972",62204,"826.6340",73084,"102.616","3.240",729810,"18.579"
"2018-02-14","9055.000",940502,305705,196238,"0.8750","10183960236","2.9420","1.38200","8.045","152574128183",71740,"796.1900",72888,"102.616","2.773",815887,"18.566"
"2018-02-15","9838.000",945634,316003,198052,"0.7930","9504821410","3.1830","1.69300","10.992","165796291426",70395,"931.5820",74208,"109.693","3.768",640344,"18.591"
"2018-02-16","10058.000",896942,289858,187581,"0.9550","6895956106","3.1240","1.21700","9.172","169517313719",59031,"814.1760",74964,"95.539","2.885",637546,"18.532"
"2018-02-17","10713.000",912798,273456,173640,"0.8800","11961568262","3.0010","1.10300","9.664","180572284690",90816,"776.0080",69716,"88.462","2.547",680664,"18.529"
"2018-02-18","10772.000",917076,259007,159333,"1.0120","14201984108","3.0140","1.07700","8.889","181591510709",110670,"741.6910",62968,"92.001","2.156",631438,"18.499"
"2018-02-19","10902.000",937515,295089,187205,"0.9860","15853557958","2.9650","0.78500","8.889","183808087330",104096,"764.8600",69225,"92.001","2.454",688075,"18.480"
"2018-02-20","11551.000",917160,308579,198314,"0.9930","11700671336","3.0420","0.52900","10.213","194767260108",73752,"980.8630",75215,"99.078","2.880",610136,"18.450"
"2018-02-21","10851.000",905555,303520,205032,"0.9420","11755372348","2.1530","0.20400","8.521","182988770243",70054,"1085.0000",69562,"95.539","1.891",615201,"18.428"
"2018-02-22","10325.000",840932,328402,183086,"0.8080","11686144951","2.1210","0.20500","9.664","174140152881",84197,"941.3080",66124,"92.001","1.981",633718,"18.432"
"2018-02-23","10046.000",921250,301173,185045,"0.8800","7487735687","4.0150","0.67500","9.730","169457374343",54750,"864.7750",62576,"81.385","3.847",643584,"18.672"
"2018-02-24","9975.000",965935,248715,154389,"0.9050","6058727701","6.2090","2.37800","9.931","168272548020",48090,"845.4770",56616,"70.770","5.040",627718,"18.872"
"2018-02-25","9649.000",660554,246087,144698,"0.8650","4357640468","2.7630","1.34400","8.421","162793433619",40227,"832.9520",63393,"67.231","1.904",443104,"18.877"
"2018-02-26","9939.000",908912,302028,186333,"0.8100","6617903943","2.4640","0.45400","10.213","167712459261",44990,"841.1190",66533,"77.847","2.556",517139,"18.864"
"2018-02-27","10575.000",916653,324196,219464,"0.9200","7330973672","2.4360","0.47300","9.000","178456870021",45463,"894.6830",64827,"77.847","2.467",594737,"18.891"
"2018-02-28","10607.000",920691,291972,189068,"0.8470","9278704846","2.8780","0.59600","9.290","179010174470",77481,"815.6040",68823,"74.308","2.581",680281,"18.790"
"2018-03-01","10666.000",915244,324129,233579,"1.0050","10136769301","2.3770","0.67100","8.727","180035074236",60302,"900.7750",61852,"67.231","2.463",692152,"18.703"
"2018-03-02","11002.000",748187,316427,194917,"0.9070","8029196101","2.3710","0.60100","9.231","185728743532",54967,"825.7870",61317,"70.770","2.111",595877,"18.723"
"2018-03-03","11365.000",897100,254368,176844,"1.0310","6852743485","2.4400","0.59700","8.000","191874935654",50607,"561.9350",0,"63.693","1.661",754220,"18.718"
"2018-03-04","11271.000",907250,235245,160083,"0.8770","5243388305","2.3560","0.61700","9.730","190323363838",43800,"571.3120",0,"60.154","1.778",651221,"18.726"
"2018-03-05","11537.000",902413,295597,201289,"0.8800","8125876684","2.5520","0.52100","9.664","194833299576",51625,"782.4330",0,"67.231","2.337",661842,"18.680"
"2018-03-06","11051.000",920991,294732,205860,"0.8940","7041966406","1.9990","0.45700","9.231","186645884620",50330,"653.9220",0,"67.231","1.875",706253,"18.479"
"2018-03-07","10428.000",907635,302270,213821,"0.7890","6963478826","1.6990","0.30600","9.172","176144559640",45321,"625.0320",0,"77.847","1.745",771278,"18.479"
"2018-03-08","9724.000",911747,281091,196260,"0.7880","7145255424","1.7650","0.26500","8.889","164272193660",50355,"717.6170",0,"77.847","1.731",762458,"18.467"
"2018-03-09","8927.000",903812,307386,198034,"0.6400","7215713903","1.5710","0.20000","9.863","150826981971",54349,"726.9200",0,"81.385","1.875",710720,"18.409"
"2018-03-10","9252.000",902103,224372,156088,"0.7080","4171819412","2.3870","0.37400","10.286","156339576539",36997,"603.4690",0,"63.693","2.252",636583,"18.529"
"2018-03-11","9065.000",917527,216931,150731,"0.7890","4275935785","2.3820","0.30400","9.412","153189952078",47040,"541.0440",0,"56.616","2.031",684854,"18.551"
"2018-03-12","9457.000",834110,275081,188233,"0.7180","6382912960","1.6810","0.21400","8.944","159831136581",51118,"565.5180",0,"67.231","1.637",737014,"18.546"
"2018-03-13","9170.000",800702,272777,195982,"0.6870","5763756008","2.8390","0.80700","9.114","154997709088",74875,"647.5640",0,"63.693","2.983",640393,"18.551"
"2018-03-14","8789.000",642697,267448,190898,"0.6620","5976819161","1.7050","0.44300","10.000","148575362888",47758,"772.7440",0,"77.847","2.018",467570,"18.551"
"2018-03-15","8124.000",660821,292578,206042,"0.6420","6796887348","1.4450","0.21800","10.000","137346612498",76767,"750.1510",0,"84.924","1.997",494451,"18.527"
"2018-03-16","8327.000",584100,287609,186823,"0.6750","5026802553","1.3220","0.20700","9.231","140798170344",46589,"679.6970",0,"70.770","1.499",489203,"18.562"
"2018-03-17","8099.000",433442,225372,154347,"0.5940","3358978511","1.1290","0.15100","9.664","136958326218",127447,"574.2120",0,"63.693","1.143",367021,"18.563"
"2018-03-18","7696.000",600309,245234,164250,"0.5960","3888451491","1.1870","0.13100","9.536","130161469383",75838,"767.2890",0,"74.308","1.326",438266,"18.598"
"2018-03-19","8360.000",564826,273823,191373,"0.6090","5468177144","1.3450","0.15600","9.290","141406607845",58157,"645.2880",0,"74.308","1.565",483206,"18.627"
"2018-03-20","8641.000",672613,273697,195041,"0.5800","5122699450","1.3900","0.25100","11.339","146173233769",49348,"654.8720",0,"67.231","1.940",453198,"18.639"
"2018-03-21","9002.000",575457,280585,194694,"0.7080","6112161109","1.4340","0.20500","9.474","152287410489",42996,"629.7590",0,"67.231","1.608",466555,"18.659"
"2018-03-22","8809.000",685224,273747,185044,"0.6410","5126740198","1.3200","0.18300","10.070","149043401923",52455,"600.5340",0,"63.693","1.529",472231,"18.658"
"2018-03-23","8549.000",684516,280964,179685,"0.6350","5087895281","1.2490","0.17800","10.827","144661197630",46561,"614.1570",0,"56.616","1.556",501861,"18.706"
"2018-03-24","8881.000",483981,231638,156931,"0.6650","4286879706","1.2320","0.16300","9.231","150289849598",44331,"575.6900",0,"53.077","1.105",410341,"18.672"
"2018-03-25","8559.000",468670,205883,135139,"0.5880","5388802943","1.2810","0.17400","10.667","144863354842",51497,"541.3850",0,"49.539","1.186",347133,"18.821"
"2018-03-26","8236.000",603813,272766,187700,"0.6280","6114350902","1.1840","0.15700","9.600","139414464091",73572,"627.2240",0,"70.770","1.420",474697,"18.803"
"2018-03-27","7983.000",625408,271228,186913,"0.6010","5862627010","1.1750","0.15500","9.474","135132559009",45746,"537.2950",0,"63.693","1.428",503427,"18.865"
"2018-03-28","7940.000",603242,258297,177386,"0.5290","5381192498","1.0780","0.16000","10.667","134424962532",52119,"558.7040",0,"60.154","1.409",452296,"18.877"
"2018-03-29","7548.000",564549,287598,192259,"0.5970","4772992117","1.0680","0.14600","9.474","127798397993",33143,"575.4580",0,"70.770","1.413",461083,"18.888"
"2018-03-30","6908.000",524121,291035,185778,"0.5100","5500616730","0.9580","0.12900","8.889","116973996197",47540,"563.9050",0,"81.385","1.257",479054,"18.942"
"2018-03-31","7025.000",555531,220797,148489,"0.4630","3468628764","0.9500","0.12700","11.250","118967590499",42448,"494.8390",0,"60.154","1.240",377428,"18.926"
"2018-04-01","6826.000",375247,206387,134967,"0.5510","3626222150","0.9250","0.12800","8.889","115612697424",42395,"443.7000",0,"65.391","0.896",358431,"18.936"
"2018-04-02","7004.000",474973,246937,168022,"0.5020","6054216856","0.8920","0.12000","9.231","118637338691",60612,"504.6340",0,"69.923","1.086",405224,"19.003"
"2018-04-03","7345.000",565505,284432,198756,"0.5460","7261310490","0.9290","0.12200","8.834","124441697376",48518,"557.9700",0,"62.931","1.219",491273,"18.992"
"2018-04-04","7107.000",593058,277867,185563,"0.5020","4809928498","0.9510","0.13800","9.796","120410693962",54292,"577.7560",0,"61.162","1.334",468256,"18.970"
"2018-04-05","6780.000",539654,259993,181676,"0.5000","4422965971","0.9130","0.12700","9.231","114887416399",38826,"548.6500",0,"66.427","1.240",449931,"18.979"
"2018-04-06","6673.000",698771,293641,172751,"0.4480","4764351351","1.3340","0.16500","10.435","113095690696",48405,"504.6880",0,"66.082","1.964",548967,"18.898"
"2018-04-07","6916.000",466690,217579,154459,"0.5430","3518903022","1.2160","0.13700","8.000","117215770050",33204,"440.5290",52476,"54.557","1.194",404330,"18.952"
"2018-04-08","7020.000",361859,202421,138374,"0.5050","3112606375","1.0660","0.13100","8.944","118990172139",37030,"382.6850",52796,"49.637","1.035",330211,"18.975"
"2018-04-09","6918.000",618370,258573,176416,"0.4540","5146407671","0.8790","0.14100","9.796","117276656322",47347,"499.7150",59029,"60.471","1.207",439488,"18.928"
"2018-04-10","6805.000",582899,276907,186251,"0.5350","4697862483","0.8400","0.13600","8.780","115382295434",34349,"498.9090",59044,"56.284","1.110",459720,"18.926"
"2018-04-11","6912.000",533398,270337,183087,"0.4920","4803928844","0.8590","0.13400","8.944","117205837895",37997,"521.0980",61072,"52.788","1.119",448320,"19.012"
"2018-04-12","7355.000",687889,299879,210725,"0.5170","6399715863","1.2460","0.31300","9.351","124732436615",74504,"567.1720",68886,"65.349","1.823",504382,"19.040"
"2018-04-13","8008.000",599442,333113,217117,"0.6080","6737109397","1.3410","0.41500","8.727","135828957307",45932,"543.8160",64178,"67.118","1.734",530298,"19.058"
"2018-04-14","8025.000",687813,244735,161706,"0.4600","3559279232","1.1790","0.30800","10.511","136131699164",34312,"448.5360",50026,"49.637","1.370",409997,"19.064"
"2018-04-15","8241.000",724206,269983,173868,"0.6150","4243813117","1.1520","0.25100","8.834","139804320144",35502,"470.2890",52494,"49.637","1.180",462054,"19.058"
"2018-04-16","8104.000",742922,290607,195965,"0.5030","8278794756","1.0640","0.18100","10.213","137503546426",56247,"551.3310",56538,"53.479","1.440",516625,"18.978"
"2018-04-17","8075.000",616977,302472,201658,"0.5680","6990022334","1.0470","0.15700","8.889","137013680134",47580,"534.0910",56111,"51.019","1.275",516858,"18.958"
"2018-04-18","8085.000",556115,310360,200580,"0.5360","7020070323","1.0200","0.15100","9.000","137202134542",44889,"527.2260",56720,"52.442","1.251",483004,"18.930"
"2018-04-19","8242.000",520125,337332,213345,"0.5790","8060162890","1.0690","0.15300","8.090","139894626407",50822,"561.1500",57013,"54.169","1.229",512770,"19.091"
"2018-04-20","8464.000",675144,340884,207640,"0.4590","8742464048","1.1830","0.17200","10.511","143676393567",62102,"566.9320",57190,"54.169","1.668",554891,"19.022"
"2018-04-21","8820.000",629873,294358,193816,"0.6490","5389679736","1.2930","0.19900","9.057","149728516967",41560,"474.1050",56176,"51.752","1.410",509176,"19.033"
"2018-04-22","8913.000",455612,261505,171710,"0.5860","4996867375","1.1280","0.17300","9.000","151337446783",40411,"446.9710",59404,"49.292","1.076",426135,"19.027"
"2018-04-23","8925.000",630214,331041,226200,"0.5760","6695440726","1.1500","0.16100","9.412","151551479590",43214,"440.8450",59885,"53.824","1.501",541616,"19.004"
"2018-04-24","9325.000",802056,367809,254334,"0.6560","9018814336","2.3980","0.65300","9.057","158354804138",64878,"560.0340",67323,"64.312","3.188",641229,"19.139"
"2018-04-25","9231.000",887093,323457,213032,"0.5440","9171737839","3.9750","1.60400","11.707","156790665071",85542,"728.9210",65523,"59.780","5.633",571921,"19.327"
"2018-04-26","8894.000",734112,328935,216591,"0.6320","6581535538","2.7760","1.34800","10.213","151079690229",43744,"526.0490",64330,"50.328","3.695",557031,"19.347"
"2018-04-27","9228.000",811835,339430,210977,"0.6500","6778421889","2.4330","1.00600","10.141","156767836123",67095,"530.4280",55754,"49.292","3.041",559842,"19.316"
"2018-04-28","9249.000",713027,300783,203553,"0.5730","7813443519","1.9060","0.82300","11.250","157141990489",83285,"358.7750",49473,"43.335","2.556",474656,"19.223"
"2018-04-29","9365.000",520760,282875,180640,"0.6060","7156073173","1.8090","0.43300","9.114","159117085801",83662,"479.4640",46959,"45.450","1.737",435659,"19.231"
"2018-04-30","9304.000",615747,330033,214952,"0.6200","7203353197","1.5890","0.25700","9.290","158100040416",52602,"552.0450",49151,"46.832","1.861",527515,"19.246"
"2018-05-01","9004.000",557445,325491,199801,"0.5710","5324993104","1.4310","0.27200","9.114","153028422002",46114,"510.3580",49777,"46.972","1.584",528581,"19.245"
"2018-05-02","9128.000",701147,321446,212156,"0.5370","5970218384","1.6730","0.32600","10.286","155153173505",46265,"546.5340",48137,"46.972","2.175",541450,"19.217"
"2018-05-03","9387.000",733131,347085,228370,"0.6100","7135807660","1.6200","0.36100","9.536","159565398826",55608,"565.9030",50882,"47.663","2.046",541585,"19.230"
"2018-05-04","9670.000",822574,346532,218931,"0.5770","7884383738","1.7390","0.39100","10.435","164395959972",59046,"584.7020",57751,"47.663","2.233",587468,"19.216"
"2018-05-05","9844.000",611823,306916,202542,"0.7120","5878087882","1.5640","0.33100","8.944","167376000048",51478,"442.2650",50536,"46.972","1.575",525970,"19.202"
"2018-05-06","9658.000",630599,263695,171624,"0.5360","5447464002","1.7600","0.29000","10.511","164225428668",61499,"427.8380",47589,"44.900","1.795",443930,"19.196"
"2018-05-07","9367.000",723610,310146,204913,"0.6430","6632709426","1.6410","0.40500","9.600","159304488371",62835,"489.5460",53424,"49.735","1.880",523934,"19.213"
"2018-05-08","9282.000",782106,332058,217671,"0.5740","6504738966","1.4620","0.42000","10.360","157869567921",44941,"477.1880",52302,"48.353","1.937",561725,"19.197"
"2018-05-09","9210.000",620067,317641,206419,"0.6100","6455686546","1.3620","0.31200","9.000","156662036603",47300,"487.3290",54594,"44.900","1.505",512648,"19.157"
"2018-05-10","9288.000",617854,323452,208807,"0.5590","6909954272","1.1880","0.26900","9.351","157999033324",53516,"491.7800",53621,"46.095","1.370",518864,"19.110"
"2018-05-11","8725.000",838274,350948,213497,"0.5220","8243192700","1.5780","0.41100","11.339","148440592478",53404,"614.9380",55128,"54.005","2.376",479834,"19.115"
"2018-05-12","8438.000",521640,299097,181889,"0.5740","5048604031","1.3170","0.33900","8.727","143578073093",46465,"390.9220",48718,"44.524","1.359",506943,"19.115"
"2018-05-13","8566.000",471471,252832,158646,"0.4840","3927177470","1.2600","0.28700","9.730","145774669353",44831,"471.1170",46131,"39.999","1.247",355156,"19.117"
"2018-05-14","8595.000",725577,324113,209565,"0.5410","7665702617","1.4460","0.42500","10.909","146285014957",52224,"544.7960",52460,"46.976","2.093",530706,"19.059"
"2018-05-15","8652.000",640992,332794,214633,"0.5250","5722270483","1.5250","0.52600","9.863","147267309291",42938,"544.3300",50376,"44.420","2.032",525512,"19.030"
"2018-05-16","8291.000",501526,318685,208284,"0.5660","6249684446","1.2880","0.37900","8.045","141141298387",45788,"482.3760",49167,"43.833","1.427",513409,"18.959"
"2018-05-17","8297.000",719166,297192,192551,"0.4130","6279155018","2.3290","0.50200","10.909","141255467395",45239,"548.8600",47708,"42.555","3.174",518713,"18.991"
"2018-05-18","8115.000",696083,345068,211348,"0.5800","6225385948","2.6930","1.16900","9.730","138163616675",43048,"500.6290",46685,"43.194","3.655",604525,"19.108"
"2018-05-19","8266.000",478420,264757,173120,"0.5240","3578390075","1.5000","0.32100","9.351","140756070592",35778,"422.9300",40643,"35.232","1.608",423103,"19.073"
"2018-05-20","8378.000",457227,253673,158519,"0.4750","3775503867","1.3210","0.17200","10.000","142683625758",38641,"501.4350",41628,"35.819","1.371",384590,"19.068"
"2018-05-21","8476.000",628185,307425,202490,"0.5740","4782127551","1.3100","0.17400","9.172","144367868030",34936,"505.0960",44301,"40.292","1.571",503074,"19.067"
"2018-05-22","8261.000",566484,306102,203186,"0.4580","4604089622","1.0780","0.21200","9.536","140724865089",37573,"474.6410",44097,"43.246","1.387",476934,"19.085"
"2018-05-23","7816.000",611034,336212,223034,"0.5370","5409055340","1.0800","0.18200","8.889","133150825196",37727,"537.1340",49303,"51.501","1.500",536633,"19.092"
"2018-05-24","7551.000",595602,308952,206682,"0.4150","5290749770","1.0870","0.15700","10.070","128649107588",43628,"529.3220",46043,"47.563","1.638",479362,"19.093"
"2018-05-25","7507.000",505600,314824,196005,"0.4780","4370983330","1.1630","0.21200","8.182","127912677336",36439,"466.5470",42093,"42.209","1.363",515553,"19.136"
"2018-05-26","7517.000",396972,246235,158621,"0.4430","3221474656","1.0670","0.14900","8.889","128110497671",28742,"424.8720",38020,"35.871","1.101",396709,"19.122"
"2018-05-27","7346.000",367679,232294,144140,"0.4250","4137725139","0.9920","0.11300","8.780","125209319351",40856,"399.3070",43809,"37.494","0.942",362610,"19.080"
"2018-05-28","7274.000",580565,281734,188907,"0.4190","7468417025","1.1210","0.14900","9.231","123985814281",50553,"497.5230",44801,"42.848","1.473",482512,"19.059"
"2018-05-29","7311.000",676449,302240,204630,"0.3960","7043325913","1.0230","0.17800","10.360","124635051872",45680,"522.7750",46903,"44.075","1.623",482316,"19.185"
"2018-05-30","7454.000",515774,305672,203903,"0.5050","7365108084","0.8280","0.17800","8.276","127093915409",46352,"483.0300",51863,"40.534","1.032",503582,"19.075"
"2018-05-31","7517.000",553455,311574,209356,"0.4370","7577796483","0.7770","0.15500","8.471","128174539813",49374,"458.2870",47154,"38.427","1.010",513406,"19.056"
"2018-06-01","7501.000",588453,358172,205315,"0.4370","6244177437","0.7440","0.15000","8.675","127926777063",44134,"443.2330",45316,"36.165","0.973",605820,"19.054"
"2018-06-02","7615.000",503723,262542,174345,"0.4050","4222840146","0.7110","0.11500","9.474","129877749133",41076,"399.8190",41760,"33.315","0.850",424940,"19.047"
"2018-06-03","7706.000",672304,250918,163280,"0.4690","4537622844","0.7220","0.10400","8.834","131441774672",44065,"397.7420",41999,"34.593","0.746",443036,"19.020"
"2018-06-04","7594.000",933077,309209,209733,"0.4900","7851327880","0.7560","0.10600","7.869","129560953708",54997,"477.5110",46104,"36.510","0.905",585747,"19.012"
"2018-06-05","7513.000",725406,313199,212726,"0.3930","5878358523","0.6540","0.11500","8.229","128193653288",43401,"443.2110",46860,"37.391","0.841",544305,"19.005"
"2018-06-06","7619.000",850900,306657,206270,"0.3700","5101653196","0.7190","0.15400","9.796","130020129065",41989,"405.8090",45323,"36.804","1.049",509100,"18.992"
"2018-06-07","7708.000",941450,298396,207484,"0.4040","5906991737","0.7680","0.17400","10.070","131549571771",44732,"403.2490",48259,"36.458","1.144",528720,"18.985"
"2018-06-08","7650.000",752551,322562,200234,"0.3780","7173456874","0.6840","0.13900","9.931","130576005129",54972,"390.8640",46310,"34.938","0.981",544739,"18.980"
"2018-06-09","7653.000",513263,257158,171163,"0.3870","4310290441","0.8360","0.10400","10.070","130635958643",39018,"376.2290",38889,"31.743","1.037",403622,"18.958"
"2018-06-10","7150.000",595312,268821,179682,"0.3520","6867968307","0.6650","0.10800","11.339","122065507580",55801,"427.2180",40585,"43.729","1.042",412643,"18.965"
"2018-06-11","6767.000",642270,305167,213056,"0.3590","6907860339","0.7840","0.15300","10.286","115543618611",53563,"469.8730",45487,"58.725","1.391",472045,"18.965"
"2018-06-12","6775.000",877130,305169,214450,"0.3530","6369170114","0.6920","0.13800","9.931","115688375424",44465,"428.3550",46551,"46.980","1.195",501890,"18.957"
"2018-06-13","6459.000",750706,310270,211686,"0.3320","5989997239","1.1420","0.29200","10.070","110301013146",57259,"453.6260",51652,"54.027","2.052",487819,"19.033"
"2018-06-14","6515.000",580322,300055,209876,"0.3400","6056241415","0.8700","0.29500","9.412","111265673349",57252,"508.2360",47079,"47.567","1.445",481663,"19.028"
"2018-06-15","6567.000",661877,319708,205708,"0.3600","4702253072","0.7400","0.23000","9.412","112166114387",55126,"390.6160",39786,"40.520","1.199",543281,"19.041"
"2018-06-16","6482.000",381750,236918,158924,"0.3370","2262028779","0.6710","0.12200","8.675","110725495001",33377,"343.3490",36471,"34.648","0.787",368496,"19.038"
"2018-06-17","6534.000",398541,221941,144751,"0.3140","2398835321","1.0600","0.09500","9.172","111627586750",30119,"316.6350",37164,"34.061","1.184",365433,"19.057"
"2018-06-18","6543.000",508974,293509,196141,"0.3530","3368337082","0.5850","0.08870","8.780","111805791335",35327,"382.0130",46282,"39.933","0.848",460925,"19.111"
"2018-06-19","6737.000",758568,284587,191650,"0.3460","3534725632","2.9460","0.17300","9.290","115123591977",51701,"427.6170",45018,"38.759","4.149",476956,"19.134"
"2018-06-20","6698.000",938352,292501,198734,"0.3730","3532045967","6.8520","2.10300","9.290","114476550256",38980,"465.4710",41009,"38.759","9.503",448248,"19.150"
"2018-06-21","6755.000",491396,288655,197943,"0.3460","3714939463","2.5090","1.43900","8.471","115452923029",31473,"396.7610",38835,"35.822","3.347",471467,"19.156"
"2018-06-22","6382.000",629705,313575,203993,"0.3110","4530157801","2.1570","1.06600","9.536","109099973535",58342,"494.2040",41721,"44.044","3.526",500238,"19.171"
"2018-06-23","6146.000",438579,253172,163135,"0.3350","2514219893","1.2030","0.24500","9.000","105081281108",53833,"368.1540",36776,"38.171","1.573",398856,"19.175"
"2018-06-24","6044.000",387458,238618,157851,"0.2920","2976491517","1.0350","0.09790","8.421","103336320396",34390,"395.8420",36953,"44.631","1.250",387188,"19.207"
"2018-06-25","6225.000",791194,288105,200016,"0.3020","3826464203","1.0790","0.13000","9.172","106454210497",40205,"430.1720",42286,"40.520","1.738",490014,"19.207"
"2018-06-26","6233.000",931120,281619,195258,"0.3100","3222717290","1.0320","0.11700","9.863","106599424374",28013,"408.9290",43429,"38.171","1.743",504682,"19.212"
"2018-06-27","6128.000",926342,279473,187980,"0.2630","3987020914","1.0470","0.16900","12.000","104817324742",32258,"428.2700",40206,"36.410","2.085",480521,"19.209"
"2018-06-28","6120.000",561689,278808,187467,"0.3510","3287855820","0.8870","0.12400","9.172","104692798115",29737,"408.1090",41574,"36.997","1.366",452170,"19.205"
"2018-06-29","5935.000",589825,312160,197730,"0.3110","3122917243","0.8230","0.08970","9.536","101540131038",32391,"451.6400",41392,"46.980","1.433",493797,"19.202"
"2018-06-30","6382.000",841851,259649,180924,"0.3060","2743405014","0.8330","0.09650","10.213","109196524224",25979,"414.2110",35882,"39.933","1.323",482606,"19.237"
"2018-07-01","6388.000",586864,233818,156100,"0.3180","3239238861","0.6870","0.08660","9.796","109310590569",35071,"339.4760",32183,"34.648","0.906",400753,"19.238"
"2018-07-02","6479.000",826901,297658,199153,"0.3000","4053046057","0.7640","0.11200","10.213","110882188163",32411,"431.6090",40449,"39.346","1.316",537562,"19.253"
"2018-07-03","6614.000",936148,316366,216631,"0.2940","4513332129","0.8520","0.14900","12.414","113198184099",32398,"515.9840",43042,"39.346","1.889",562946,"19.222"
"2018-07-04","6592.000",779920,302945,206654,"0.3260","3565686198","0.6870","0.12300","10.746","112828204251",28333,"372.5890",40065,"36.997","1.271",530349,"19.154"
"2018-07-05","6602.000",637426,292697,199463,"0.3270","3871407229","0.6540","0.11200","10.511","113018426557",34119,"369.0950",38128,"38.171","1.142",450145,"19.166"
"2018-07-06","6569.000",554946,345926,200833,"0.3310","3903214930","0.7100","0.09930","9.000","112463975557",31607,"360.9640",38468,"35.235","1.074",564683,"19.144"
"2018-07-07","6611.000",434984,247309,170004,"0.3060","2366746471","0.6440","0.08960","9.231","113192104236",23672,"306.2960",32273,"30.537","0.843",394186,"19.149"
"2018-07-08","6759.000",480685,236917,155527,"0.3300","3118937620","0.6800","0.08720","9.114","115733153175",32551,"337.6830",31005,"32.886","0.787",392740,"19.011"
"2018-07-09","6739.000",909438,298534,206410,"0.2940","3532641203","0.6510","0.10800","10.588","115417047161",34185,"400.1140",37804,"34.648","1.159",521148,"19.017"
"2018-07-10","6516.000",815377,310399,215914,"0.3130","5378758342","0.6900","0.11000","9.664","111600351206",35373,"417.8500",39826,"36.410","1.213",560008,"19.033"
"2018-07-11","6400.000",837975,294333,202468,"0.2850","3821332627","0.6460","0.11600","10.667","109620729950",26640,"404.7190",39901,"34.061","1.198",497821,"19.041"
"2018-07-12","6252.000",868217,288489,203394,"0.3040","3909161329","0.5730","0.11600","10.213","107109804028",25186,"344.0170",39007,"36.997","1.047",608847,"19.046"
"2018-07-13","6256.000",868271,332741,207761,"0.2900","3849998748","0.5880","0.11300","10.070","107191387448",26633,"358.1850",37794,"35.235","1.082",678537,"19.035"
"2018-07-14","6253.000",892932,258527,176342,"0.2980","3025754443","0.5320","0.09490","10.827","107147515209",26193,"299.5230",30839,"31.124","0.896",562124,"19.044"
"2018-07-15","6342.000",635173,244735,161018,"0.2980","3332687879","0.6020","0.11700","10.827","108676001829",29376,"361.1830",32485,"29.950","0.911",409465,"19.042"
"2018-07-16","6537.000",742385,307832,207722,"0.2820","4608077195","0.7430","0.14100","12.000","112026579551",38201,"435.6530",41799,"36.410","1.551",483120,"19.059"
"2018-07-17","6889.000",720678,347433,233807,"0.3920","4838633666","0.7350","0.13900","9.057","118073549638",31249,"420.0320",45432,"46.980","1.240",551908,"19.071"
"2018-07-18","7413.000",890893,354411,238595,"0.3800","5363687424","0.9890","0.22800","8.276","127065597706",35273,"415.1130",42923,"52.853","1.443",642136,"19.083"
"2018-07-19","7399.000",596242,334321,224868,"0.3620","4753212727","0.9490","0.19200","8.421","126846988309",31708,"371.5080",39629,"45.218","1.332",540081,"19.086"
"2018-07-20","7430.000",649260,349367,225375,"0.3330","4561643880","0.7610","0.16600","9.351","127393603513",30072,"416.3730",38529,"41.108","1.186",517442,"19.125"
"2018-07-21","7353.000",569464,278248,184666,"0.3240","3162353372","0.6920","0.12700","10.511","126088920231",25496,"341.2610",33267,"35.235","1.005",415309,"19.116"
"2018-07-22","7455.000",361544,259294,166947,"0.4370","2794502380","0.6600","0.10200","7.912","127854484131",25937,"314.7590",32189,"34.648","0.646",384041,"19.120"
"2018-07-23","7681.000",707695,337411,229314,"0.3560","4991045573","0.8750","0.15400","8.675","131743233541",32469,"400.3370",39877,"44.044","1.244",584758,"19.124"
"2018-07-24","8068.000",750648,373162,259199,"0.3800","6085274643","0.9230","0.15600","9.057","138404325970",36811,"454.0290",48202,"55.789","1.470",578233,"19.107"
"2018-07-25","8254.000",804711,366994,250031,"0.4370","5459190920","0.8890","0.16600","8.136","141611016831",33141,"402.5970",41673,"51.678","1.203",644234,"19.105"
"2018-07-26","8199.000",621427,336121,231514,"0.3830","4693673811","0.8460","0.13300","8.727","140686456246",31121,"396.2280",39978,"45.806","1.145",510977,"19.078"
"2018-07-27","8021.000",741179,354144,229230,"0.4180","4654842578","0.7250","0.09550","8.623","137646655001",34074,"389.0420",37373,"46.393","0.984",604287,"19.057"
"2018-07-28","8180.000",594438,277322,188093,"0.3630","3461526730","0.7280","0.11000","9.931","140388282849",28564,"324.5820",31763,"36.410","0.916",462708,"19.068"
"2018-07-29","8206.000",416568,258120,168237,"0.3670","3583323607","0.7640","0.10100","8.471","140841699901",32136,"312.7760",32179,"36.410","0.733",403083,"18.918"
"2018-07-30","8142.000",727266,338738,230790,"0.3470","4872161349","0.8670","0.14400","10.746","139767536181",30804,"410.5980",37855,"41.108","1.447",525741,"18.909"
"2018-07-31","7929.000",765612,350430,242830,"0.3430","4978443566","0.8350","0.14900","9.796","136125136980",28411,"400.3150",38962,"41.695","1.374",549499,"18.969"
"2018-08-01","7580.000",821987,346347,240894,"0.3210","4514836182","0.6700","0.13900","9.600","130141825640",28438,"424.3120",39603,"41.108","1.123",574951,"18.938"
"2018-08-02","7598.000",640873,332219,224720,"0.3240","4577828410","0.8520","0.14100","9.412","130466963371",31073,"381.3200",37572,"37.584","1.302",535229,"18.991"
"2018-08-03","7403.000",656039,365863,229693,"0.3280","4485935646","0.7480","0.14200","8.675","127132754870",31610,"376.3150",39186,"39.933","1.107",585312,"19.056"
"2018-08-04","7260.000",456502,294280,191481,"0.3190","3525630379","0.6520","0.09850","8.182","124702347643",36552,"326.4880",33342,"37.584","0.776",456131,"19.048"
"2018-08-05","7009.000",467620,259845,172021,"0.2840","3447772087","0.5550","0.07920","9.000","120393796108",41570,"317.8370",30523,"35.822","0.678",397829,"19.043"
"2018-08-06","7006.000",821792,319567,218476,"0.2700","4243072273","0.5690","0.10500","10.992","120366023886",40339,"356.1180",35064,"39.933","1.073",517813,"19.038"
"2018-08-07","7000.000",819190,336628,232894,"0.3270","4608404887","0.5590","0.09580","9.536","120264919834",34157,"385.7980",34996,"41.108","0.977",589346,"19.035"
"2018-08-08","6454.000",640815,347122,235154,"0.2760","5184590843","0.5690","0.09860","9.172","110893346398",36382,"415.1810",36169,"49.329","1.047",532064,"19.073"
"2018-08-09","6398.000",647423,325293,222177,"0.2650","4686758288","0.5980","0.14300","9.664","109956037721",32143,"358.5020",34503,"42.869","1.103",519217,"19.060"
"2018-08-10","6414.000",644585,388720,225972,"0.2980","4382510825","0.5790","0.10000","8.182","110312248656",27580,"373.7520",34108,"41.243","0.920",559603,"19.048"
"2018-08-11","6195.000",496684,308359,192268,"0.2380","3145684873","0.4960","0.06950","8.471","106574678806",25729,"366.9760",29578,"41.795","0.720",449075,"19.047"
"2018-08-12","6316.000",474588,274605,164889,"0.2370","2328392400","0.4890","0.05560","9.290","108663543579",23148,"286.7030",28188,"35.721","0.656",399762,"19.051"
"2018-08-13","6356.000",735630,353670,222079,"0.2590","4350515778","0.5700","0.10100","9.600","109358372135",26298,"354.3540",31628,"41.572","1.052",490801,"19.055"
"2018-08-14","6064.000",803219,400997,247486,"0.2270","5163907430","0.6480","0.13900","10.588","104342990942",28656,"402.3090",36996,"51.148","1.533",535762,"19.098"
"2018-08-15","6377.000",616456,399044,245905,"0.2710","4769880730","0.5750","0.11400","8.944","109748066726",27275,"344.8970",35084,"45.786","1.090",475594,"18.999"
"2018-08-16","6351.000",598934,375807,232177,"0.2530","3953452835","0.6580","0.14000","9.114","109319726967",24872,"331.9150",33037,"39.795","1.204",547322,"19.173"
"2018-08-17","6474.000",648174,398786,233642,"0.2540","3926062184","0.6900","0.11100","9.474","111445580571",23829,"344.0560",32168,"37.996","1.294",584759,"19.180"
"2018-08-18","6459.000",467559,311152,190775,"0.2560","2455035060","0.5570","0.08840","9.000","111199079070",22510,"289.7790",27953,"33.703","0.817",459134,"19.186"
"2018-08-19","6412.000",485097,289665,167255,"0.2400","2028143680","0.6530","0.05800","9.931","110398175947",22894,"255.7690",26854,"32.422","0.932",408184,"19.179"
"2018-08-20","6462.000",628286,360700,214833,"0.2650","3553963910","0.8740","0.16700","9.600","111264477270",25803,"306.7940",33467,"36.218","1.528",524775,"19.178"
"2018-08-21","6411.000",599173,350373,217629,"0.2490","4382094731","0.7290","0.17400","9.730","110405787753",30625,"325.1420",33425,"38.558","1.321",534176,"19.212"
"2018-08-22","6592.000",596120,384466,230173,"0.2750","4350353306","0.6950","0.15100","9.000","113527137994",25898,"326.2520",32026,"41.642","1.200",574028,"19.197"
"2018-08-23","6445.000",582677,348837,217203,"0.2460","3647229056","0.5730","0.12700","9.664","111009420240",25945,"299.6570",33815,"37.994","1.027",501871,"19.182"
"2018-08-24","6566.000",630163,377112,219702,"0.2580","3661739614","0.5720","0.11200","9.863","113109897066",22598,"314.0850",29804,"35.676","1.039",577153,"19.199"
"2018-08-25","6731.000",596237,329328,196285,"0.2360","3109357501","0.7220","0.07610","10.667","115973070814",22581,"281.9160",26122,"32.792","1.234",478783,"19.183"
"2018-08-26","6691.000",450922,289665,172574,"0.2770","2380025188","1.0780","0.05980","8.324","115294851411",19904,"243.6150",23840,"31.187","1.271",430511,"19.181"
"2018-08-27","6733.000",564830,364359,223471,"0.2740","4388693807","0.9840","0.06940","7.784","116028795884",29289,"316.5400",28754,"35.457","1.394",595664,"19.212"
"2018-08-28","6997.000",706795,386349,237886,"0.2410","4826709003","1.3300","0.21000","9.412","120596911452",55772,"363.9790",33359,"43.048","2.311",597839,"19.334"
"2018-08-29","7067.000",714998,399720,237369,"0.2550","4602610700","0.7040","0.16800","10.360","121813526199",26783,"322.1160",31756,"38.632","1.344",588294,"19.323"
"2018-08-30","6947.000",630848,367183,231237,"0.2650","4226549857","0.7240","0.17800","9.351","119764033259",25618,"356.4070",31447,"38.651","1.237",540618,"19.346"
"2018-08-31","6994.000",633720,400302,236921,"0.2820","9282745598","0.7460","0.20200","9.290","120587521866",45515,"327.4750",32099,"35.289","1.288",589527,"19.363"
"2018-09-01","7114.000",609255,345422,213180,"0.2570","4362467708","0.6410","0.14600","9.536","122656017234",29365,"295.2320",30166,"33.140","1.008",513465,"19.375"
"2018-09-02","7249.000",512143,300138,187001,"0.2640","4303670006","0.6320","0.12900","10.000","125007930932",32014,"289.7860",29111,"35.010","0.898",442960,"19.407"
"2018-09-03","7269.000",667476,353799,222753,"0.2710","5029033908","0.6500","0.11500","10.000","125370588612",30115,"347.1800",34835,"35.974","1.095",525670,"19.442"
"2018-09-04","7332.000",751912,368218,232139,"0.2600","5011905906","0.7610","0.19700","11.429","126463423452",29540,"365.8820",35005,"39.466","1.508",552331,"19.469"
"2018-09-05","7145.000",758494,391342,246345,"0.2860","5224405665","0.9230","0.30400","10.909","123254581066",27885,"400.0880",35456,"46.964","1.893",540142,"19.515"
"2018-09-06","6442.000",695575,397271,252111,"0.2470","5519704940","0.8000","0.27300","9.600","111140819723",32481,"409.8300",37078,"52.197","1.642",585513,"19.547"
"2018-09-07","6463.000",702828,407249,230638,"0.2410","4244331853","0.7820","0.24200","9.474","111512372965",30382,"322.8740",33033,"41.414","1.449",617704,"19.546"
"2018-09-08","6380.000",554456,329828,204278,"0.2270","3023691149","0.5880","0.17700","9.600","110095181867",22394,"262.0170",28446,"34.182","0.994",489875,"19.552"
"2018-09-09","6308.000",489016,304565,188749,"0.2450","2733450432","0.6140","0.17200","8.834","108848608488",23995,"264.1800",30519,"34.613","0.894",446194,"19.463"
"2018-09-10","6307.000",711622,355359,222731,"0.2010","3724300699","0.5680","0.11800","10.667","108854770814",24538,"330.7420",33868,"37.592","1.175",535579,"19.428"
"2018-09-11","6312.000",758094,371939,237430,"0.2240","4043060845","0.6190","0.14400","10.213","108953509827",24477,"331.7790",32809,"37.589","1.304",549992,"19.362"
"2018-09-12","6287.000",553112,364603,233107,"0.2580","3858804832","0.6450","0.17100","8.571","108532378216",23584,"317.8170",29716,"41.156","1.127",534811,"19.349"
"2018-09-13","6450.000",642557,368700,234061,"0.2210","4945028263","0.5590","0.12100","9.730","111359630690",30840,"334.0470",32269,"39.605","1.086",541694,"19.300"
"2018-09-14","6507.000",772376,369629,223118,"0.2220","3739803169","0.6190","0.14400","10.909","112347835212",22125,"325.2570",31041,"36.991","1.270",527742,"19.303"
"2018-09-15","6523.000",605508,334501,210931,"0.2450","2828215398","0.4860","0.12200","10.286","112646862462",22241,"248.5450",27319,"31.338","0.890",502091,"19.311"
"2018-09-16","6491.000",491915,288325,179344,"0.2280","2602477082","0.4730","0.09430","10.360","112099541106",24868,"242.6530",26995,"30.005","0.747",419923,"19.310"
"2018-09-17","6408.000",703111,372434,240017,"0.2350","3790858224","0.4660","0.07820","10.667","110681211912",28786,"299.0180",31037,"34.095","1.025",560269,"19.315"
"2018-09-18","6307.000",695562,374845,244117,"0.2210","3783832358","0.4910","0.10500","10.141","108947731040",26529,"300.5280",30885,"33.620","1.060",568820,"19.305"
"2018-09-19","6352.000",617348,377146,250881,"0.2390","3822272867","0.4330","0.07620","9.231","109723515400",23664,"249.6880",31000,"34.437","0.870",540959,"19.284"
"2018-09-20","6423.000",623055,395059,253520,"0.2310","4057460244","0.4630","0.08710","9.351","110962757749",22975,"288.9130",32268,"33.873","0.940",542894,"19.290"
"2018-09-21","6667.000",772889,446512,272907,"0.2430","5382758385","0.6260","0.13100","10.000","115192042307",28878,"318.9550",34302,"38.099","1.404",620832,"19.303"
"2018-09-22","6714.000",558180,357775,225382,"0.2350","3168708673","0.5560","0.09210","9.290","116014491398",22258,"235.4810",27695,"32.948","0.954",505853,"19.328"
"2018-09-23","6712.000",501512,314240,200169,"0.2380","2341712689","0.4850","0.07530","9.600","116002171765",17594,"222.2810",29057,"30.373","0.767",454807,"19.323"
"2018-09-24","6645.000",614946,366739,237522,"0.2280","3092765887","0.4340","0.06700","9.730","114858274474",22006,"259.4830",32186,"32.824","0.832",543361,"19.330"
"2018-09-25","6424.000",582886,385340,251944,"0.2390","4246223360","0.5180","0.10600","8.521","111043237481",34793,"260.4510",33771,"34.066","0.953",574804,"19.301"
"2018-09-26","6470.000",680780,374935,243788,"0.2030","3867366259","0.5340","0.13100","10.360","111848909317",28347,"278.4960",32810,"33.766","1.146",541812,"19.311"
"2018-09-27","6528.000",663091,381688,248543,"0.2440","4057583228","0.6210","0.19900","10.070","112867119320",23772,"297.3800",31898,"33.155","1.307",547299,"19.310"
"2018-09-28","6683.000",649784,410622,254085,"0.2400","4876768978","0.7610","0.26800","9.351","115567264464",28314,"305.7770",29550,"32.706","1.481",608318,"19.292"
"2018-09-29","6568.000",532140,341246,218187,"0.2300","3073503015","0.5750","0.13100","9.474","113581145865",22630,"238.2480",28728,"27.661","0.996",498963,"19.288"
"2018-09-30","6610.000",484096,320355,208047,"0.2460","2884540656","0.4900","0.09810","8.834","114323762441",20309,"245.6210",27646,"27.573","0.752",474779,"19.285"
"2018-10-01","6610.000",632120,376533,242662,"0.2300","3888507288","0.5940","0.13400","9.114","114341494100",22381,"318.0500",31878,"29.850","1.094",603755,"19.261"
"2018-10-02","6579.000",786916,378327,244635,"0.2150","4389199465","0.6920","0.23600","10.511","113814885667",33654,"323.5500",31648,"30.597","1.481",573816,"19.251"
"2018-10-03","6484.000",639640,375458,242158,"0.2300","3770493116","0.5720","0.20800","9.931","112185476044",21136,"278.3150",31711,"30.301","1.166",586061,"19.217"
"2018-10-04","6583.000",608590,387022,243007,"0.2430","3916300499","0.5070","0.13800","9.600","113901983581",22811,"267.4780",34224,"30.975","0.989",557823,"19.197"
"2018-10-05","6584.000",712057,410781,244589,"0.2060","3531169878","0.5740","0.20800","11.077","113938071333",19856,"329.0550",34221,"29.469","1.297",562895,"19.187"
"2018-10-06","6598.000",694225,350165,214718,"0.2230","2753321796","0.5400","0.18300","11.520","114189323447",18838,"235.0080",29246,"26.358","1.113",515060,"19.192"
"2018-10-07","6580.000",584277,352359,219589,"0.2190","2216429734","0.3920","0.11100","10.141","113887360237",14948,"109.1390",28503,"24.496","0.731",525854,"19.176"
"2018-10-08","6630.000",728521,371263,247906,"0.2320","3493169494","0.4490","0.12900","10.667","114769407887",22151,"289.1450",37692,"30.053","0.986",561435,"19.181"
"2018-10-09","6639.000",744981,359464,235732,"0.2340","3565193655","0.4690","0.13800","11.077","114928732180",21082,"297.3800",35538,"30.635","1.016",554591,"19.175"
"2018-10-10","6581.000",696348,379195,244801,"0.2230","4651122825","0.4200","0.11500","10.000","113932990812",27939,"281.8760",33842,"31.568","0.862",556835,"19.196"
"2018-10-11","6284.000",703928,397132,262308,"0.2270","5039985722","0.4410","0.09600","9.057","108816571811",25379,"313.6240",32278,"41.327","0.919",608748,"19.183"
"2018-10-12","6278.000",800491,394978,243042,"0.1910","4462688088","0.4760","0.12300","10.909","108719826369",28846,"296.1030",28937,"32.964","1.106",598570,"19.121"
"2018-10-13","6288.000",627872,320646,204956,"0.2160","2717574514","0.4080","0.09660","10.213","108906578216",20967,"244.6490",27760,"28.218","0.749",513512,"19.120"
"2018-10-14","6335.000",707509,296683,191145,"0.2020","2753419212","0.4120","0.10800","12.632","109727459372",21912,"241.0070",28150,"27.112","0.864",451714,"19.108"
"2018-10-15","6614.000",725749,395341,266783,"0.2550","6229548294","0.5730","0.14200","8.889","114567885234",31782,"318.0670",35275,"37.259","1.128",619424,"19.125"
"2018-10-16","6642.000",793440,385557,257832,"0.2090","4407565478","0.4980","0.15200","10.667","115059045481",21281,"307.9290",35006,"31.919","1.132",603605,"19.097"
"2018-10-17","6609.000",808803,386912,260224,"0.2270","4476440059","0.4790","0.15000","10.435","114509420529",22656,"307.7300",33145,"30.717","1.082",564479,"19.086"
"2018-10-18","6595.000",755795,379011,253312,"0.2180","4746945877","0.4700","0.14400","10.435","114269157890",25607,"298.7050",30155,"30.345","1.037",587516,"19.072"
"2018-10-19","6514.000",775567,392887,253684,"0.2430","4528703033","0.4530","0.14000","10.141","112877039481",24641,"261.4880",28097,"30.178","0.986",619914,"19.006"
"2018-10-20","6526.000",668708,341471,227678,"0.2280","3160555583","0.4110","0.10600","10.070","113109956314",19292,"207.8770",23204,"25.889","0.796",516162,"18.956"
"2018-10-21","6574.000",654399,311580,211367,"0.2260","2341171454","0.3880","0.09130","10.435","113954176179",16700,"203.6220",22298,"25.650","0.718",480204,"18.955"
"2018-10-22","6537.000",704954,379521,255169,"0.2380","3864226210","0.4280","0.11800","9.290","113315876423",22423,"275.6320",30300,"29.475","0.855",566330,"18.948"
"2018-10-23","6511.000",710421,374427,253309,"0.2230","4592611776","0.4260","0.12300","9.351","112879691779",26116,"280.9530",30702,"30.084","0.855",606406,"18.966"
"2018-10-24","6530.000",871942,371663,253978,"0.2170","5051029427","0.4360","0.13200","12.743","113222111710",25766,"272.1770",29969,"30.290","1.186",545787,"18.977"
"2018-10-25","6502.000",785480,371084,254462,"0.2550","4874241418","0.4480","0.13500","10.511","112742554081",25782,"259.9380",25693,"29.818","1.014",585432,"18.978"
"2018-10-26","6493.000",778272,390481,252859,"0.2250","3973633127","0.4600","0.13000","10.070","112595517786",21174,"288.2510",25493,"28.265","0.993",595606,"18.964"
"2018-10-27","6491.000",693978,337030,233613,"0.2120","2554463129","0.3640","0.10100","10.588","112581625343",15997,"224.0830",20631,"25.793","0.765",487581,"18.962"
"2018-10-28","6483.000",658009,319437,219720,"0.2450","2147555553","0.4870","0.09240","10.286","112455442321",15410,"201.9670",20711,"23.789","0.935",486159,"18.960"
"2018-10-29","6406.000",755671,387488,269608,"0.2200","3831067223","0.4660","0.14000","9.863","111126761641",19204,"247.5680",26541,"30.443","1.063",590111,"18.931"
"2018-10-30","6331.000",736163,399667,283173,"0.2430","3602844134","0.4200","0.14300","9.351","109832961515",18978,"218.9640",25290,"29.545","0.966",599489,"18.941"
"2018-10-31","6330.000",713981,404384,288120,"0.2260","3698576590","0.3660","0.10800","8.834","109828814106",20435,"199.7160",33944,"31.480","0.811",616843,"18.868"
"2018-11-01","6361.000",740358,400937,281787,"0.2050","3712032020","0.3940","0.10300","9.351","110385638413",20882,"221.8370",31618,"29.905","0.899",601403,"18.863"
"2018-11-02","6410.000",835021,440762,292561,"0.2260","4292229394","0.4010","0.12800","10.070","111241046314",27737,"251.0760",22288,"29.267","1.015",623469,"18.827"
"2018-11-03","6385.000",662372,364285,249403,"0.2390","2285296571","0.3480","0.09270","8.944","110815679543",15249,"194.1610",18645,"25.715","0.671",559675,"18.822"
"2018-11-04","6414.000",783237,326880,226124,"0.1970","2559975428","0.3640","0.09140","11.707","111333257632",16976,"199.8600",24207,"29.600","0.828",536643,"18.807"
"2018-11-05","6451.000",798833,421388,296139,"0.2450","3869825220","0.4070","0.12000","10.000","111982563789",19133,"252.7010",23158,"32.025","1.028",611210,"18.803"
"2018-11-06","6454.000",823237,409407,285323,"0.2080","3856340041","0.4340","0.13600","11.250","112056481316",20053,"282.1520",25550,"31.446","1.185",561998,"18.789"
"2018-11-07","6547.000",845533,408338,293604,"0.2300","3841470787","0.4540","0.16500","11.077","113680409666",19553,"272.2940",24951,"30.675","1.237",611976,"18.812"
"2018-11-08","6503.000",869253,389692,277476,"0.2220","3570110850","0.4920","0.19700","11.901","112926055072",18474,"255.2470",24614,"30.057","1.370",612517,"18.828"
"2018-11-09","6429.000",852298,419459,283769,"0.2340","3747451583","0.5080","0.18600","11.339","111650038178",19382,"254.1570",25018,"29.728","1.394",624017,"18.833"
"2018-11-10","6424.000",723726,350669,252368,"0.2440","2529817683","0.4240","0.16900","10.992","111574005829",14940,"205.8290",20709,"25.063","1.007",513699,"18.826"
"2018-11-11","6411.000",693608,327589,246845,"0.2270","2370538560","0.3670","0.13900","9.863","111364281386",14097,"179.6300",18630,"25.533","0.769",523862,"18.821"
"2018-11-12","6426.000",830166,395198,299866,"0.2280","3824592687","0.4110","0.13900","10.286","111627827202",18479,"211.7960",23212,"28.993","1.084",591468,"18.849"
"2018-11-13","6405.000",845026,382180,279040,"0.2090","3704003609","0.4150","0.14100","12.000","111278849483",20385,"259.2070",25340,"30.021","1.191",564648,"18.841"
"2018-11-14","6158.000",823903,405842,292620,"0.2230","5075023829","0.5430","0.21100","10.667","106985772429",24291,"307.8780",34169,"47.768","1.508",561188,"18.840"
"2018-11-15","5605.000",909081,406523,291398,"0.1970","8239114208","0.7430","0.34300","11.339","97395553276",36378,"285.3120",30694,"54.469","2.378",621054,"18.782"
"2018-11-16","5612.000",860424,410160,282998,"0.2110","4726070604","0.7320","0.37700","11.429","97518484653",22679,"263.4190",28077,"41.489","2.292",624714,"18.768"
"2018-11-17","5571.000",701252,334661,262504,"0.2190","2544477688","0.4570","0.22100","9.931","96822469696",14453,"179.0160",23964,"34.289","1.176",510062,"18.781"
"2018-11-18","5633.000",747156,302074,239680,"0.1880","2010910444","0.4240","0.17700","11.707","97915600891",13604,"155.8830",21832,"31.487","1.160",455558,"18.781"
"2018-11-19","5285.000",841793,366022,267845,"0.2080","4260052711","0.7890","0.40100","11.429","91876473627",21160,"266.3280",39010,"53.775","2.476",563465,"18.784"
"2018-11-20","4632.000",889450,426623,288318,"0.1920","5634345257","1.1140","0.54300","10.909","80519311107",33963,"427.2350",36659,"77.947","4.036",653601,"18.829"
"2018-11-21","4528.000",913929,366816,254837,"0.1530","3494899957","0.8880","0.45600","13.714","78726938509",23243,"283.4080",30984,"60.390","3.668",545723,"18.832"
"2018-11-22","4541.000",903052,354782,265994,"0.1840","2741834282","0.6680","0.34600","11.803","78959007503",17338,"183.3590",27754,"45.202","2.503",595324,"18.828"
"2018-11-23","4325.000",872986,366399,275136,"0.1780","2941467568","0.5810","0.31500","11.520","75205987265",18164,"161.4180",26345,"45.856","2.313",560197,"18.914"
"2018-11-24","4310.000",753033,315002,249874,"0.1740","2170437129","0.5380","0.25400","10.070","74946643919",15591,"129.8670",22902,"42.349","1.715",494985,"18.915"
"2018-11-25","3850.000",806718,313928,239129,"0.1390","2353257348","0.5150","0.24200","11.339","66962119438",17163,"170.8460",26859,"64.303","1.978",468476,"18.936"
"2018-11-26","3933.000",911063,357244,256951,"0.1520","3065105578","0.5860","0.28300","12.973","68402836685",19755,"243.0330",29115,"63.738","2.686",525146,"18.923"
"2018-11-27","3776.000",842139,352000,268402,"0.1490","3238020050","0.5260","0.25600","10.992","65676241094",17651,"175.6880",29976,"57.323","2.233",551642,"18.922"
"2018-11-28","4118.000",867753,353761,254338,"0.1460","3920978482","0.6270","0.30000","12.203","71633743871",21993,"254.8370",29142,"52.904","2.560",515752,"18.923"
"2018-11-29","4271.000",911816,356327,246121,"0.1720","3526799012","0.7820","0.34500","13.714","74307310879",20323,"280.9990",28709,"46.745","3.321",521194,"18.957"
"2018-11-30","4129.000",914645,361449,250056,"0.1530","5882707405","0.6730","0.33500","14.257","71851288563",30611,"269.8100",25626,"42.937","3.130",494356,"18.682"
"2018-12-01","4140.000",829836,326499,241723,"0.1710","3893609597","0.5330","0.25300","11.613","72040425440",21317,"151.4650",26347,"37.667","1.969",520394,"18.282"
"2018-12-02","4192.000",789665,286816,222559,"0.1560","2818360900","0.4380","0.19200","12.632","72950446647",18372,"127.8510",21596,"33.301","1.606",414508,"18.293"
"2018-12-03","4004.000",841016,335694,240538,"0.1590","4304241428","0.5180","0.23700","12.632","69689804833",24731,"241.3680",27894,"42.750","2.139",498837,"17.966"
"2018-12-04","3981.000",805907,389168,270051,"0.2070","7242095399","0.4640","0.20800","10.435","69284733767",32757,"220.8420",25332,"41.989","1.794",579435,"17.025"
"2018-12-05","3900.000",804689,347284,256371,"0.1650","5125489639","0.4000","0.16800","11.077","67884946138",26033,"194.7110",27357,"40.599","1.594",533915,"16.172"
"2018-12-06","3756.000",840798,380955,279519,"0.1770","4615050691","0.3830","0.13300","10.667","65378504883",21921,"216.5020",0,"44.869","1.660",569550,"15.583"
"2018-12-07","3415.000",913930,384328,253776,"0.1420","3201612493","0.4200","0.17000","12.632","59452333645",19389,"295.6760",28638,"57.279","2.143",586746,"15.583"
"2018-12-08","3449.000",746569,304682,230977,"0.1580","1847625468","0.2950","0.10400","11.339","60046342941",13778,"130.9140",22270,"42.659","1.230",483081,"15.646"
"2018-12-09","3561.000",745255,288600,238441,"0.1730","1458847243","0.2510","0.08900","11.250","62013587185",11175,"97.7230",23363,"38.351","1.042",432326,"15.665"
"2018-12-10","3554.000",850595,347389,258229,"0.1520","2423941357","0.3160","0.10500","11.613","61897821089",14713,"187.9150",22818,"42.584","1.461",512175,"15.684"
"2018-12-11","3459.000",816101,342857,251362,"0.1510","2712663342","0.3210","0.11500","11.520","60239816384",16921,"205.2580",22603,"40.617","1.471",551065,"15.623"
"2018-12-12","3483.000",854429,346319,261303,"0.1520","2545363042","0.2980","0.11000","12.000","60672194258",14654,"188.7880",21876,"38.696","1.469",545888,"15.623"
"2018-12-13","3433.000",814235,350275,268291,"0.1670","2686249255","0.2830","0.10700","10.992","59796861778",14785,"160.1450",21792,"40.475","1.332",550244,"15.636"
"2018-12-14","3302.000",786161,370201,275655,"0.1530","2585287672","0.3010","0.09700","9.863","57516311871",13865,"180.0460",24445,"43.602","1.357",612878,"15.635"
"2018-12-15","3256.000",711964,324051,262730,"0.1450","1722894207","0.2280","0.06690","9.664","56726239388",10053,"99.0650",18577,"38.208","0.977",534587,"15.635"
"2018-12-16","3298.000",768751,291162,226338,"0.1310","1851351914","0.2160","0.07080","12.522","57463467350",12318,"111.8830",19526,"36.314","1.023",461489,"15.635"
"2018-12-17","3417.000",763719,373503,298663,"0.1860","2770847822","0.2400","0.07830","9.000","59549671880",13714,"146.6090",24940,"44.181","1.038",600338,"15.635"
"2018-12-18","3575.000",823413,369457,266117,"0.1340","3365003558","0.3570","0.13200","11.250","62304534024",18399,"222.5440",25600,"43.153","1.635",533486,"15.635"
"2018-12-19","3813.000",828765,393812,302243,"0.2090","4026233204","0.4150","0.17000","9.664","66460465078",19263,"200.5810",26446,"47.327","1.738",607392,"15.671"
"2018-12-20","3984.000",858173,377916,287138,"0.1890","3599857751","0.3830","0.14700","10.667","69444172000",18337,"212.4840",24630,"48.914","1.612",562160,"15.724"
"2018-12-21","4034.000",806064,388449,280448,"0.2090","3617601458","0.4450","0.19600","10.286","70322544864",18406,"209.4080",22143,"43.645","1.739",586561,"15.723"
"2018-12-22","3919.000",619504,312429,251041,"0.2180","1976516987","0.2930","0.11900","8.229","68325378650",12565,"107.8920",17737,"36.333","0.852",475062,"15.722"
"2018-12-23","4039.000",590793,294048,250563,"0.2000","1806866947","0.2490","0.06540","8.182","70421810239",12553,"84.2500",17701,"36.116","0.698",456850,"15.763"
"2018-12-24","4175.000",735757,328420,272145,"0.1860","2900022610","0.3530","0.10400","9.474","72807331718",16889,"154.0730",21198,"41.168","1.198",523269,"15.763"
"2018-12-25","3829.000",672862,278015,264893,"0.1960","2080596285","0.2640","0.06940","9.057","66784326506",15490,"114.2990",18394,"38.724","0.912",423129,"15.757"
"2018-12-26","3833.000",705634,311923,281148,"0.1910","2434415452","0.2210","0.06020","9.172","66853638595",15226,"112.0160",19107,"37.079","0.821",479013,"15.761"
"2018-12-27","3766.000",693238,342792,299846,"0.1940","2756531482","0.2120","0.04230","8.276","65694192615",15782,"101.1810",19522,"38.225","0.772",544684,"15.768"
"2018-12-28","3746.000",716650,380252,308100,"0.1850","3010993396","0.2180","0.04250","8.623","65360671015",15338,"119.0000",20589,"38.309","0.854",560909,"15.713"
"2018-12-29","3915.000",745344,338764,264842,"0.1660","2709929509","0.2260","0.04390","10.435","68310418638",16718,"125.3170",19252,"34.657","0.880",481711,"15.710"
"2018-12-30","3835.000",614351,309573,267463,"0.2200","1563555172","0.1990","0.03090","8.182","66925315457",10008,"74.4580",18295,"31.836","0.629",461474,"15.712"
"2018-12-31","3804.000",687804,310623,259529,"0.1660","2007215456","0.2330","0.02910","9.290","66397316191",12450,"105.4740",18611,"31.275","0.815",472261,"15.715"
"2019-01-01","3744.000",653046,244461,234576,"0.1730","1424526113","0.1790","0.02540","9.664","65348535552",8744,"99.5750",17069,"31.318","0.600",362558,"15.709"
"2019-01-02","3865.000",732811,329358,271545,"0.1690","2515216357","0.2570","0.04290","9.536","67471069759",14003,"131.1980",18830,"35.638","0.947",505957,"15.693"
"2019-01-03","3874.000",735546,355235,290861,"0.1830","2752308156","0.2550","0.05920","9.290","67636611728",12499,"147.0950",26754,"36.120","0.980",516491,"15.648"
"2019-01-04","3821.000",734502,358511,281623,"0.1660","2811737633","0.2660","0.05170","9.664","66716274276",13168,"150.4870",21139,"35.511","1.041",517169,"15.643"
"2019-01-05","3861.000",638306,308909,265029,"0.1700","2048008192","0.1790","0.02900","8.834","67429025641",11078,"92.3750",20096,"29.152","0.599",459113,"15.682"
"2019-01-06","3925.000",640725,306803,258381,"0.1720","2072755737","0.2520","0.04080","10.213","68542727113",10471,"96.6510",18883,"31.654","0.933",433832,"15.680"
"2019-01-07","4052.000",749891,350146,284641,"0.1790","2995832897","0.3400","0.08220","10.213","70771709195",13992,"154.2500",20476,"37.173","1.337",507835,"15.677"
"2019-01-08","4031.000",669507,362924,318355,"0.1980","2759732231","0.2650","0.08730","8.521","70410186948",11460,"115.3580",19387,"33.179","0.982",529739,"15.664"
"2019-01-09","4036.000",677570,361911,318892,"0.1880","2900940391","0.3060","0.10600","8.780","70512242207",11942,"110.4090",21237,"33.957","1.166",540921,"15.660"
"2019-01-10","3825.000",750743,381926,327182,"0.1650","3226614699","0.3020","0.10600","9.231","66825238691",13597,"134.9520",20948,"38.559","1.309",572517,"15.668"
"2019-01-11","3662.000",741784,381982,308224,"0.1600","3335554321","0.2880","0.10900","9.730","63988750090",14261,"132.1220",19317,"34.920","1.295",548421,"15.831"
"2019-01-12","3648.000",680278,320388,281364,"0.1530","1945648852","0.2220","0.07300","10.435","63755093368",10376,"93.5120",16138,"30.058","0.983",448196,"15.832"
"2019-01-13","3600.000",668040,293128,276860,"0.1680","1806714458","0.1840","0.04930","10.511","62927338644",9688,"68.2090",16041,"30.026","0.821",412444,"15.831"
"2019-01-14","3604.000",747636,354741,326536,"0.1610","2474612004","0.2210","0.05850","9.664","62991722386",10395,"94.9310",19018,"32.963","1.063",512960,"15.829"
"2019-01-15","3661.000",806204,363860,302147,"0.1440","3483483504","0.2570","0.07320","10.909","63995177298",16794,"146.4630",18363,"31.546","1.269",551314,"15.802"
"2019-01-16","3626.000",854316,389465,305569,"0.1600","2762800470","0.2980","0.10700","10.827","63400681290",11842,"166.5910",18790,"30.686","1.487",581094,"15.801"
"2019-01-17","3623.000",831491,368724,296568,"0.1530","2399148872","0.2870","0.10800","11.339","63357469225",10550,"151.3560",21544,"30.103","1.459",514682,"15.816"
"2019-01-18","3637.000",794645,387309,305827,"0.1680","2283401178","0.2490","0.07400","10.435","63597039010",10566,"146.7060",19125,"28.987","1.199",554253,"15.797"
"2019-01-19","3689.000",738045,321738,282055,"0.1580","1619422745","0.2300","0.04680","10.827","64510142528",8293,"97.7490",16923,"26.268","1.047",454973,"15.796"
"2019-01-20","3638.000",625012,303473,293961,"0.1570","1722151733","0.1780","0.03730","9.172","63627886204",8315,"73.7660",17285,"25.537","0.730",446051,"15.794"
"2019-01-21","3558.000",734970,353639,315052,"0.1590","2110258660","0.2250","0.04780","9.600","62243536234",17537,"131.3520",18571,"28.514","1.052",523017,"15.777"
"2019-01-22","3573.000",793686,358780,295910,"0.1420","2478443633","0.2520","0.06830","11.077","62512548921",14099,"156.1190",18601,"28.155","1.270",519865,"15.780"
"2019-01-23","3592.000",759990,379981,293348,"0.1560","2457359265","0.2780","0.08310","9.863","62852453501",14403,"156.0730",19434,"27.432","1.228",593232,"15.775"
"2019-01-24","3576.000",692186,374322,307984,"0.1740","2347643312","0.2670","0.08870","8.889","62569599523",17178,"130.2880",19994,"28.549","1.123",566739,"15.773"
"2019-01-25","3580.000",760520,388203,300947,"0.1400","2400719150","0.2950","0.09740","10.435","62656579186",21745,"151.8950",17787,"27.433","1.419",523778,"15.778"
"2019-01-26","3601.000",718215,355186,288135,"0.1680","1773545325","0.2480","0.07460","9.600","63018022520",11933,"93.1740",16307,"24.778","1.050",512501,"15.776"
"2019-01-27","3578.000",678870,306429,276514,"0.1420","1508328043","0.2060","0.05410","10.511","62624884981",9492,"78.4950",14794,"24.639","0.921",430181,"15.776"
"2019-01-28","3474.000",770125,380863,307917,"0.1520","2976060630","0.2730","0.09910","9.931","60806247894",18485,"173.6280",19069,"31.150","1.316",541648,"15.771"
"2019-01-29","3432.000",778181,381334,326016,"0.1550","2585945604","0.2440","0.09100","9.863","60083631409",16468,"113.3710",19242,"30.398","1.253",534219,"15.760"
"2019-01-30","3464.000",829541,369684,321844,"0.1370","2817680991","0.2280","0.07900","10.588","60657442089",24145,"116.3270",19785,"28.510","1.234",528518,"15.753"
"2019-01-31","3459.000",783696,387745,353790,"0.1690","2626335762","0.2840","0.08870","9.290","60570988690",21299,"110.5280",20616,"28.118","1.477",572176,"15.752"
"2019-02-01","3455.000",784072,403062,339183,"0.1560","3220882652","0.3370","0.08590","9.114","60501634950",28557,"122.6480",14658,"26.961","1.650",590243,"15.854"
"2019-02-02","3459.000",757396,338041,321888,"0.1380","1931538561","0.2030","0.05600","10.000","60582064029",16411,"87.1520",15728,"24.926","1.041",499556,"15.854"
"2019-02-03","3454.000",724160,312514,300033,"0.1500","1668876614","0.1700","0.05480","10.435","60500054155",7954,"82.6350",15208,"23.495","0.848",447396,"15.827"
"2019-02-04","3442.000",784463,365594,335141,"0.1510","2032040052","0.1760","0.04930","9.796","60302185373",21553,"84.3180",18658,"29.667","0.922",524791,"15.815"
"2019-02-05","3446.000",802565,396257,353922,"0.1510","2166953096","0.1680","0.04850","9.796","60370276297",26913,"103.4450",19792,"33.781","0.928",559509,"15.840"
"2019-02-06","3400.000",800137,385779,349432,"0.1550","2305049292","0.2120","0.04610","8.780","59571675744",35689,"98.6280",20673,"32.133","1.052",598210,"15.763"
"2019-02-07","3392.000",713160,381522,352872,"0.1520","2224668399","0.1610","0.03410","8.276","59437674442",25203,"90.5000",18834,"30.562","0.764",562218,"15.766"
"2019-02-08","3481.000",729261,411278,335117,"0.1430","2641012179","0.2170","0.07200","8.834","60998792673",30472,"124.6980",20304,"31.625","1.016",576688,"15.787"
"2019-02-09","3650.000",705352,339595,310742,"0.1540","2067722238","0.2090","0.06070","9.600","63979979513",19850,"100.7810",18400,"29.973","0.938",492019,"15.788"
"2019-02-10","3645.000",705346,301331,299469,"0.1550","1600284950","0.1660","0.04120","10.286","63901881186",7518,"57.2120",15294,"26.703","0.773",429046,"15.791"
"2019-02-11","3637.000",784190,365089,315580,"0.1520","2347246047","0.2670","0.08630","9.931","63768521747",25273,"119.9750",17137,"28.264","1.261",542544,"15.776"
"2019-02-12","3611.000",889958,379933,271445,"0.1420","2486724369","0.4570","0.20000","11.250","63316502244",42240,"288.4160",18536,"28.337","2.101",744912,"15.781"
"2019-02-13","3617.000",857617,433948,352498,"0.1760","2669879361","0.3660","0.18600","9.412","63417379805",38550,"167.3240",19037,"27.599","1.830",683689,"15.849"
"2019-02-14","3601.000",860001,380066,354342,"0.1330","2095542016","0.2660","0.10200","10.213","63145280953",27910,"105.9490",20146,"27.075","1.464",535009,"15.855"
"2019-02-15","3601.000",807873,378340,296602,"0.1450","2394133584","0.3210","0.13300","11.339","63158177392",26114,"144.5230",17973,"25.999","1.640",509495,"15.856"
"2019-02-16","3617.000",766757,361506,331987,"0.1740","2010834348","0.2440","0.09370","9.600","63443243993",7836,"87.0510",14503,"24.821","1.179",550473,"15.864"
"2019-02-17","3620.000",690273,312544,327304,"0.1460","1762891086","0.2120","0.05730","9.057","63502617351",7522,"61.3630",15013,"24.161","0.956",462206,"15.866"
"2019-02-18","3796.000",809431,402898,344119,"0.1560","2904021097","0.3240","0.11500","9.290","66599922754",13076,"108.6140",20088,"33.736","1.496",604582,"15.896"
"2019-02-19","3935.000",812649,426345,348086,"0.1650","3337000633","0.4140","0.18500","9.231","69033889855",20100,"135.4140",20657,"35.280","1.843",589473,"15.898"
"2019-02-20","3943.000",893195,415350,314190,"0.1600","3180884438","0.4740","0.22600","11.077","69183566555",17209,"170.3100",19783,"32.853","2.272",611970,"15.896"
"2019-02-21","3942.000",895104,393786,297476,"0.1500","2947073845","0.4600","0.23000","12.101","69185476839",14343,"162.6120",18673,"31.232","2.281",568415,"15.894"
"2019-02-22","3958.000",813363,431439,347677,"0.1980","2767250699","0.4400","0.21900","8.944","69472553572",15550,"126.2820",18990,"29.979","1.887",659655,"15.916"
"2019-02-23","4006.000",757262,356237,328096,"0.1510","2624873297","0.3110","0.14700","10.070","70322912604",12159,"88.6790",17467,"30.331","1.404",489686,"15.909"
"2019-02-24","4020.000",810198,341253,320309,"0.1700","2382406266","0.3710","0.17200","10.511","70574626833",11948,"84.3050",19043,"36.812","1.697",476422,"15.897"
"2019-02-25","3822.000",844004,397534,336491,"0.1620","3274279885","0.4410","0.19600","10.070","67106834962",17225,"132.0450",18557,"31.877","2.128",550416,"15.889"
"2019-02-26","3823.000",826141,422585,366407,"0.1760","3001158362","0.3740","0.17200","8.944","67128554508",17952,"112.1420",18337,"29.669","1.751",628703,"15.929"
"2019-02-27","3819.000",847877,416458,344419,"0.1630","3165795829","0.3620","0.15900","10.213","67060993735",15591,"131.3220",17989,"27.904","1.820",580327,"15.958"
"2019-02-28","3833.000",864280,419830,367677,"0.1550","3518053971","0.3160","0.13400","9.600","67317019761",16044,"112.0440",17668,"27.635","1.591",577452,"15.676"
"2019-03-01","3837.000",805852,435343,354260,"0.1590","2869065387","0.3300","0.14400","8.889","67389264253",14839,"119.2550",16498,"26.610","1.484",603147,"15.673"
"2019-03-02","3826.000",889312,383778,335732,"0.1460","2302705140","0.2890","0.12300","10.909","67200149656",16666,"88.7480",14475,"24.583","1.512",542789,"15.602"
"2019-03-03","3819.000",792584,334670,353537,"0.1670","4401255612","0.2310","0.09890","9.863","67084673685",15612,"56.5290",14176,"24.289","1.159",453635,"15.602"
"2019-03-04","3746.000",808530,400766,304051,"0.1500","3498393790","0.3510","0.15900","10.511","65808376199",21915,"190.7550",17545,"27.275","1.635",575279,"15.601"
"2019-03-05","3786.000",734006,426441,285567,"0.1710","3470341794","0.3850","0.17500","9.664","66525695404",28717,"280.4460",18838,"28.705","1.535",615117,"15.599"
"2019-03-06","3857.000",817130,420056,277735,"0.1530","2983209069","0.5340","0.25100","11.250","67771159769",19856,"312.3830",18028,"28.405","2.347",636450,"15.598"
"2019-03-07","3884.000",727597,423274,282381,"0.1640","3138959659","0.5250","0.27200","10.141","68255106805",18085,"306.5210",18488,"27.574","2.106",616471,"15.596"
"2019-03-08","3896.000",722121,433937,285118,"0.1690","2855351746","0.4720","0.23800","9.863","68473189354",17932,"300.5730",17183,"26.251","1.858",614245,"15.640"
"2019-03-09","3915.000",642282,370462,239354,"0.1660","2226581524","0.4010","0.18300","10.435","68820290333",13380,"274.1490",17366,"25.930","1.404",540407,"15.628"
"2019-03-10","3916.000",577445,316664,212741,"0.1500","1934120315","0.3510","0.13900","10.588","68833858335",12170,"269.6530",15841,"24.944","1.111",445492,"15.628"
"2019-03-11","3889.000",782630,437704,294599,"0.1760","2776955575","0.4070","0.16100","10.141","68368288434",14902,"305.2740",18186,"26.497","1.708",654955,"15.632"
"2019-03-12","3871.000",727728,427595,285510,"0.1610","2944938365","0.4270","0.19300","10.070","68059233130",20136,"303.5690",19917,"26.521","1.733",615505,"15.643"
"2019-03-13","3871.000",821372,412103,285822,"0.1590","2942167000","0.4880","0.22700","10.667","68073017861",15466,"308.7480",18492,"25.692","2.092",609454,"15.678"
"2019-03-14","3874.000",749851,440632,299774,"0.1840","3360451680","0.4850","0.22400","9.290","68127338985",18305,"305.0660",20023,"24.705","1.903",654299,"15.676"
"2019-03-15","3904.000",721835,441408,296817,"0.1530","2917576169","0.4090","0.19400","9.412","68671538709",17975,"316.3820",20206,"24.522","1.602",643452,"15.679"
"2019-03-16","4006.000",569132,372957,262104,"0.1770","2376630473","0.3420","0.15100","8.834","70463903127",12983,"278.3050",17435,"25.322","1.086",545186,"15.677"
"2019-03-17","3988.000",543878,324028,227144,"0.1480","1967272659","0.2950","0.10700","9.863","70155697872",12107,"254.3800",15347,"24.262","0.912",457003,"15.676"
"2019-03-18","3993.000",678233,419040,291344,"0.1870","2814149404","0.3070","0.10100","8.944","70253269924",24376,"268.8380",18737,"27.058","1.100",600067,"15.677"
"2019-03-19","4003.000",663657,437236,304570,"0.1690","2818710828","0.2930","0.10000","8.276","70437009366",19240,"269.9880",18727,"28.929","1.016",657981,"15.689"
"2019-03-20","4021.000",684263,425307,304799,"0.1670","3070342481","0.3590","0.16900","8.944","70764279165",17326,"295.9090",19248,"29.280","1.334",652569,"15.667"
"2019-03-21","4026.000",742944,425738,300569,"0.1630","3237103641","0.4760","0.24500","10.070","70863143619",19671,"320.2830",19423,"29.565","1.950",622889,"15.676"
"2019-03-22","3999.000",672939,435473,298363,"0.1680","2837539556","0.3640","0.13600","8.944","70399397471",23477,"313.3130",16970,"26.600","1.332",625180,"15.675"
"2019-03-23","4000.000",595725,362474,251428,"0.1600","2044427023","0.2860","0.09170","9.931","70417027846",12099,"286.5270",15265,"24.055","0.981",519525,"15.688"
"2019-03-24","3989.000",538986,331350,226016,"0.1530","1854228825","0.2770","0.07440","9.600","70233289364",11190,"254.8350",13501,"23.095","0.830",475539,"15.692"
"2019-03-25","3974.000",776089,419805,322043,"0.1660","2804603548","0.3600","0.14200","9.730","69968350255",17657,"216.1360",17740,"25.583","1.555",605883,"15.703"
"2019-03-26","3933.000",914999,410895,366281,"0.1450","2970396682","0.3910","0.20200","10.746","69258854928",13247,"131.0830",17060,"25.845","2.129",572451,"15.704"
"2019-03-27","4014.000",904405,445765,383037,"0.1700","2989560361","0.5030","0.28900","9.664","70689039178",13592,"174.5000",18796,"28.596","2.514",689861,"15.720"
"2019-03-28","4032.000",916249,450016,393552,"0.1660","3243278700","0.4900","0.28000","9.863","71018036007",14818,"162.0490",19331,"26.816","2.554",654617,"15.760"
"2019-03-29","4080.000",910726,442468,369670,"0.1630","3588471440","0.7010","0.36300","9.796","71867282015",14570,"193.6970",19794,"27.616","3.341",665574,"15.777"
"2019-03-30","4103.000",929526,406134,377644,"0.1560","2509432049","0.5940","0.36300","10.360","72288326404",10008,"156.8550",16862,"23.984","3.052",618000,"15.786"
"2019-03-31","4103.000",930324,363088,381513,"0.1740","2330880171","0.4800","0.29900","10.360","72284301943",9841,"144.8390",13999,"23.026","2.504",554027,"15.727"
"2019-04-01","4138.000",919462,421623,368768,"0.1610","3295362243","0.6940","0.41400","10.588","72920573215",19553,"211.7040",19381,"29.160","3.512",615050,"15.729"
"2019-04-02","4646.000",917508,533178,401350,"0.2140","6940594244","1.3250","0.74500","9.172","81872169870",39673,"309.2520",31271,"64.989","5.514",784070,"15.611"
"2019-04-03","5028.000",914967,493018,360108,"0.2040","4980171282","1.9840","1.04500","10.141","88619437483",18222,"411.7730",27604,"68.235","7.415",736732,"15.618"
"2019-04-04","4974.000",898250,467177,354520,"0.2120","4770229476","2.1670","1.19400","10.286","87663758652",17925,"299.8530",19138,"49.695","8.114",706579,"15.646"
"2019-04-05","4985.000",907871,484783,386932,"0.2150","4080200801","1.4790","0.80800","9.114","87868404290",13920,"193.5200",21242,"40.256","5.497",793234,"15.637"
"2019-04-06","5048.000",917618,375248,359430,"0.1920","2831026625","1.1350","0.56300","10.360","88990869528",10879,"112.4570",18512,"34.211","4.448",556798,"15.633"
"2019-04-07","5137.000",868123,341033,350490,"0.2220","3106754651","1.2530","0.60900","10.213","90567317750",12182,"79.3270",18379,"35.299","4.629",549143,"15.642"
"2019-04-08","5224.000",918336,444905,372269,"0.2220","4623177060","1.8320","1.07200","9.730","92123194921",20871,"216.7270",21850,"42.388","6.594",680096,"15.656"
"2019-04-09","5200.000",914041,441603,345939,"0.2000","4669920362","1.7280","0.94500","10.909","91703022222",29681,"222.1880",21506,"38.846","6.514",668509,"15.660"
"2019-04-10","5262.000",915638,463003,396353,"0.2300","4606465088","1.4840","0.85200","9.730","92810884908",20912,"158.7160",20630,"38.331","5.700",690323,"15.672"
"2019-04-11","5125.000",922055,464462,402645,"0.2190","5243637830","1.4670","0.84700","9.172","90393150032",23995,"162.5680",19646,"39.654","5.551",724745,"15.703"
"2019-04-12","5043.000",884001,452730,376616,"0.2050","4012930876","1.3470","0.77000","9.536","88962944215",20107,"152.1800",19211,"34.930","5.060",694266,"15.720"
"2019-04-13","5086.000",869725,364909,366941,"0.1990","2847060949","0.9180","0.28700","10.667","89723176780",15019,"93.4810",14753,"29.061","3.777",531281,"15.724"
"2019-04-14","5080.000",897706,339129,336908,"0.1900","3005216010","0.8660","0.36100","11.803","89631041590",15161,"101.2180",15018,"28.926","3.630",513403,"15.730"
"2019-04-15","5125.000",912957,454444,381328,"0.2400","4154100198","1.0610","0.51300","9.931","90435384460",20857,"169.3420",21915,"33.819","4.177",665599,"15.724"
"2019-04-16","5105.000",896965,442865,358372,"0.2040","3708563650","1.0910","0.53500","9.931","90091168438",25505,"206.4810",20162,"34.642","4.055",633359,"15.717"
"2019-04-17","5220.000",902130,440499,350599,"0.2100","5632345160","1.1490","0.60200","10.435","92130849172",23658,"259.9740",18090,"34.818","4.283",629462,"15.718"
"2019-04-18","5265.000",926204,439587,382832,"0.2270","5891159219","0.9960","0.54200","9.664","92929796920",24770,"185.9910",17682,"32.630","3.744",626217,"15.738"
"2019-04-19","5260.000",918234,431903,361976,"0.2120","4854685719","1.1400","0.59100","9.474","92846514118",29698,"166.1920",18120,"32.176","3.966",707240,"15.772"
"2019-04-20","5310.000",907384,347330,319709,"0.1990","3603157334","0.9650","0.53800","10.992","93750757642",17912,"132.5760",17709,"30.735","3.427",517466,"15.766"
"2019-04-21","5281.000",877369,327200,390573,"0.2270","2487381966","0.6800","0.27300","8.889","93246010877",10787,"71.2040",17222,"29.825","2.425",617706,"15.763"
"2019-04-22","5310.000",870041,389356,341880,"0.1990","5446524037","1.0890","0.62400","10.746","93772526863",26237,"198.8330",17408,"33.416","4.020",541338,"15.636"
"2019-04-23","5530.000",912601,431252,311637,"0.2190","6476874775","1.7120","0.93000","12.414","97662454341",40138,"402.7020",22296,"43.762","6.241",620537,"15.662"
"2019-04-24","5487.000",919674,502942,404116,"0.2710","8152589139","1.7740","1.06100","8.834","96904144131",27547,"245.7120",19743,"38.506","6.029",771743,"15.666"
"2019-04-25","5431.000",924603,452399,383946,"0.2110","6800980528","1.3340","0.83100","10.070","95925292743",23926,"201.9610",19506,"36.393","5.013",634122,"15.687"
"2019-04-26","5250.000",912588,465312,381058,"0.2210","5944742697","1.2600","0.76000","9.536","92746300356",20571,"196.0530",21070,"37.414","4.623",674357,"15.609"
"2019-04-27","5252.000",925283,361049,358871,"0.1920","2837992575","0.7960","0.43300","10.511","92784179818",10353,"96.9870",16710,"29.119","3.081",549855,"15.624"
"2019-04-28","5260.000",770961,349359,383128,"0.2450","3022061588","0.6580","0.26900","8.834","92943221561",11815,"86.6170",17580,"27.714","2.300",519657,"15.624"
"2019-04-29","5240.000",855870,443062,363044,"0.2130","4403475914","1.0240","0.54000","8.834","92594853954",16498,"245.9990",20448,"30.926","3.367",665433,"15.526"
"2019-04-30","5265.000",899400,477122,346346,"0.1990","4595773152","1.2990","0.65700","10.286","93043246778",28429,"321.7730",21581,"30.442","4.659",719281,"15.518"
"2019-05-01","5354.000",878786,435768,439378,"0.2330","3927975693","0.8000","0.44800","8.421","94635456783",14141,"111.0310",20851,"30.521","2.980",689453,"15.538"
"2019-05-02","5432.000",851260,459729,452462,"0.2340","3933229069","0.7770","0.39400","7.826","96029147100",11817,"111.5330",22445,"32.142","2.738",644849,"15.550"
"2019-05-03","5704.000",904175,486074,382880,"0.2120","4885429347","1.2110","0.64500","9.474","100845555560",18862,"247.7270",24485,"40.868","4.104",695016,"15.554"
"2019-05-04","5750.000",908610,389436,355778,"0.2040","3761940974","0.9800","0.53500","10.909","101675419034",14303,"137.3160",17068,"34.809","3.546",538771,"15.561"
"2019-05-05","5778.000",931057,349607,330603,"0.2290","3482004662","1.0990","0.56400","11.163","102165158159",13301,"137.9680",16535,"34.494","3.754",524044,"15.568"
"2019-05-06","5712.000",908994,446044,378325,"0.2400","4394551310","1.1520","0.63200","9.536","101022330064",17489,"189.6010",17404,"35.347","3.887",659573,"15.564"
"2019-05-07","5921.000",908495,456010,329816,"0.2130","4999805383","1.6570","0.88700","11.339","104727247840",27733,"389.6020",23358,"40.915","5.498",636469,"15.458"
"2019-05-08","5901.000",907981,502017,392929,"0.2510","5081708618","1.6870","0.95800","9.474","104383978322",19238,"307.4050",21963,"41.782","5.583",728492,"15.397"
"2019-05-09","6085.000",911632,483246,361419,"0.2490","5511123168","1.8010","1.04500","9.600","107648054740",21149,"328.6960",23754,"46.364","5.399",684903,"15.465"
"2019-05-10","6318.000",890047,468711,322838,"0.2310","5937393756","2.4220","1.41200","11.520","111771170582",26611,"450.0500",26998,"50.085","7.341",640022,"15.597"
"2019-05-11","6807.000",917647,439227,344827,"0.2740","6109498680","2.4700","1.49200","11.077","120429393722",24834,"409.2870",28634,"64.238","7.152",653576,"15.580"
"2019-05-12","7158.000",911056,411087,338413,"0.3120","5006559351","2.2010","1.27100","9.114","126659207749",20098,"358.4280",24282,"66.938","5.008",730067,"15.580"
"2019-05-13","7400.000",898227,498869,390261,"0.3000","6631002782","2.1270","1.19900","8.623","130950790932",31783,"416.8570",30708,"76.832","5.103",759715,"15.535"
"2019-05-14","7988.000",894692,514668,367218,"0.2980","8270841757","2.8860","1.65700","9.474","141398419975",35904,"487.3850",30481,"89.974","6.530",758599,"15.380"
"2019-05-15","8047.000",909571,525079,368752,"0.3310","9033704419","4.1980","2.32300","9.664","142461420813",47286,"504.7140",26417,"73.578","9.365",726829,"15.261"
"2019-05-16","7992.000",906968,527445,374916,"0.3270","8345283791","4.8710","2.88100","9.863","141495443107",30625,"509.2520",25357,"68.450","11.132",772040,"15.255"
"2019-05-17","7287.000",910634,505602,361503,"0.3070","7291206169","4.5810","2.58900","9.536","129035412334",27511,"464.7660",24758,"67.824","10.751",797091,"15.275"
"2019-05-18","7328.000",899666,436867,359551,"0.3010","4457667858","2.7470","1.70500","9.412","129772521729",16935,"219.0790",21030,"50.718","6.586",729951,"15.328"
"2019-05-19","7912.000",871045,384485,346696,"0.3250","5030895135","2.8680","1.77700","8.834","140127884449",20330,"215.5220",23521,"55.758","5.812",631633,"15.331"
"2019-05-20","7900.000",868940,466864,381421,"0.3010","6046790620","3.8540","2.29000","8.944","139926422753",25251,"376.4100",26986,"57.863","8.468",720988,"15.346"
"2019-05-21","7938.000",911556,505421,380736,"0.3360","6100990360","4.2220","2.50100","9.412","140616810309",22264,"385.3320",26690,"55.133","9.577",791236,"15.351"
"2019-05-22","7884.000",893892,490134,394720,"0.3440","6505913833","3.5300","2.17200","8.623","139674942867",23386,"331.2480",28228,"51.770","7.809",783448,"15.300"
"2019-05-23","7701.000",913728,475882,389185,"0.2920","6368508508","3.2440","1.97900","9.114","136448730190",24131,"291.0010",23030,"48.216","7.668",710613,"15.328"
"2019-05-24","7975.000",886810,497942,373729,"0.3330","6930779483","4.0950","2.46000","9.412","141325825934",29232,"379.4200",24832,"47.382","9.122",726478,"15.437"
"2019-05-25","8023.000",889359,385862,338258,"0.2910","4347286724","3.0390","1.91300","10.286","142181788040",18773,"214.5420",21858,"42.770","6.824",603488,"15.443"
"2019-05-26","8103.000",795489,358179,373907,"0.3460","4490767691","2.0780","0.99700","8.727","143609875298",18383,"119.6400",24478,"45.267","4.444",565068,"15.564"
"2019-05-27","8767.000",881217,484876,399417,"0.3650","7394588350","4.1550","2.53300","8.623","155409100280",26578,"412.7160",28581,"65.338","8.318",772990,"15.594"
"2019-05-28","8720.000",903698,517349,390263,"0.3550","7512217745","4.3110","2.64500","8.780","154596704757",29550,"399.3680",26446,"57.648","8.606",807558,"15.592"
"2019-05-29","8648.000",870567,514682,404981,"0.3650","9218497800","3.9950","2.34500","8.276","153339796556",30416,"386.9370",25021,"52.838","7.923",767434,"15.610"
"2019-05-30","8636.000",862583,489449,376714,"0.3310","7873404835","4.3140","2.59100","9.000","153129646649",28033,"456.6090",27798,"55.846","8.604",733627,"15.612"
"2019-05-31","8356.000",900471,459470,298880,"0.2730","14611646946","5.7320","3.35100","12.308","148177415170",57258,"700.5610",23693,"53.241","12.300",657457,"15.594"
"2019-06-01","8541.000",916213,436233,331941,"0.3410","5516623822","4.1020","2.34700","9.536","151485321583",30826,"316.6370",18033,"45.259","7.792",780752,"15.614"
"2019-06-02","8662.000",895994,359126,300872,"0.3050","4893614617","3.4100","2.34700","10.992","153639540119",34928,"268.8630",17800,"43.354","6.748",586139,"15.619"
"2019-06-03","8537.000",882347,420763,293890,"0.3060","10462305671","5.7810","3.43700","12.101","151443504080",49174,"534.0390",21639,"47.520","11.803",613329,"15.601"
"2019-06-04","7868.000",913450,522619,374609,"0.3390","8283889704","4.5770","2.63700","9.351","139588756573",36532,"406.4620",22663,"55.299","10.173",749022,"15.495"
"2019-06-05","7778.000",900845,482326,372788,"0.2780","8002134441","3.3260","2.08700","9.000","137996432505",41751,"353.2930",20976,"47.502","7.386",789623,"15.735"
"2019-06-06","7756.000",861381,460854,364369,"0.2730","10400496926","2.6010","1.45200","9.172","137635108276",42560,"296.9220",18986,"43.909","5.864",719552,"15.707"
"2019-06-07","7934.000",847486,466838,349853,"0.2930","6047727104","2.4150","1.20700","9.114","140805303696",32942,"297.8960",18556,"44.687","5.118",733211,"15.718"
"2019-06-08","7938.000",846515,357914,294245,"0.2500","4815248503","1.9790","1.00000","11.613","140887099401",25073,"208.0510",16193,"37.728","4.521",549985,"15.717"
"2019-06-09","7796.000",728182,328239,300770,"0.2800","4229844060","1.6330","0.79200","9.796","138378129982",23488,"122.2820",14067,"37.548","3.316",518978,"15.705"
"2019-06-10","7810.000",847699,464279,353472,"0.2830","6817662042","2.2500","1.15200","9.172","138641456387",32182,"324.7750",16525,"40.481","4.935",705255,"15.693"
"2019-06-11","7884.000",911798,486420,340306,"0.2830","10760259392","2.5620","1.29400","10.070","139978605352",50245,"360.1860",16251,"40.996","5.829",688779,"15.662"
"2019-06-12","8018.000",911134,468998,328333,"0.2680","7652581595","2.6590","1.46600","10.992","142371256554",31984,"367.2280",16268,"41.379","6.236",710869,"15.666"
"2019-06-13","8153.000",909725,521660,364222,"0.3110","7068163476","2.4500","1.31400","9.536","144784440438",27451,"345.7120",17035,"41.000","5.483",762388,"15.652"
"2019-06-14","8337.000",885279,545441,364214,"0.3210","7182356382","2.7000","1.35100","8.521","148059540980",28965,"314.5540",18696,"44.847","5.290",789720,"15.667"
"2019-06-15","8713.000",906314,436725,330808,"0.2690","6468986211","2.0730","1.11500","9.863","154751019320",26845,"240.0290",16573,"44.596","4.136",758530,"15.660"
"2019-06-16","9081.000",872928,392639,295124,"0.3080","6650112357","2.2880","1.25700","11.077","161297355976",41653,"297.0040",22492,"55.304","4.378",585851,"15.665"
"2019-06-17","9225.000",899943,479160,320939,"0.3430","18972359253","3.3860","1.84900","10.827","163882278571",77888,"463.0470",20646,"59.077","6.619",667300,"15.594"
"2019-06-18","9161.000",910979,536874,394680,"0.3570","21749496964","2.7050","1.52900","8.834","162768684677",66570,"333.8860",21527,"59.827","5.412",821372,"15.596"
"2019-06-19","9150.000",871520,511135,400855,"0.3500","10849799607","2.4140","1.43000","8.136","162590767077",38143,"258.2810",18490,"51.064","4.564",781133,"15.679"
"2019-06-20","9339.000",871941,489059,329959,"0.2910","10244903739","3.1650","1.68800","10.000","165959249238",96036,"448.2070",22820,"51.444","5.851",675006,"15.661"
"2019-06-21","9796.000",909309,498632,337608,"0.3480","9214388491","3.6630","2.05900","10.827","174097494089",49592,"499.3150",27828,"65.746","7.060",713152,"15.648"
"2019-06-22","10733.000",918583,478672,353934,"0.3960","16083257046","3.7140","2.16400","10.213","190762864737",59146,"461.4870",39374,"103.588","6.500",735085,"15.580"
"2019-06-23","10780.000",882234,438775,379907,"0.4130","7380440247","2.3050","1.39900","7.956","191627124568",28391,"189.4040",24127,"72.573","3.468",804383,"15.604"
"2019-06-24","10865.000",886333,497693,388165,"0.3900","10020120952","2.8580","1.65900","8.136","193163530273",46717,"317.9390",25892,"74.678","4.413",856612,"15.625"
"2019-06-25","11320.000",889395,505952,361239,"0.3650","12798035957","3.7950","2.11900","9.863","201276813581",61246,"540.9560",27019,"85.282","6.225",784857,"15.618"
"2019-06-26","12668.000",917622,564263,399459,"0.4980","15479438197","5.8370","3.25600","8.727","225273419335",59116,"736.5820",41687,"150.505","8.196",910162,"15.670"
"2019-06-27","11826.000",920148,501184,360908,"0.3840","13207069991","6.5570","3.71800","10.141","210315908527",54745,"781.3400",30175,"125.666","10.135",764301,"15.692"
"2019-06-28","11702.000",912683,533758,406931,"0.4270","11537543775","5.2410","3.04200","8.834","208135899294",42146,"443.6890",27588,"94.313","8.214",863754,"15.665"
"2019-06-29","11867.000",847676,413302,356508,"0.3960","12795233161","3.6210","1.97500","8.276","211102156885",45863,"230.1940",21149,"71.811","4.765",773649,"15.665"
"2019-06-30","11569.000",768920,369324,330579,"0.3700","17282537932","3.6720","2.14500","9.474","205817628452",66802,"218.4430",17663,"63.698","5.235",585170,"15.732"
"2019-07-01","10709.000",875591,473382,336719,"0.3490","8294791784","4.0370","2.17700","10.070","190533246738",66748,"505.0200",23124,"72.710","6.633",720072,"15.766"
"2019-07-02","10323.000",917866,507679,373251,"0.3830","7062566621","3.2600","1.89000","9.114","183680662561",40605,"454.5390",23546,"73.678","5.635",730704,"15.809"
"2019-07-03","11337.000",878495,484402,397382,"0.3730","7703296248","2.7030","1.63200","8.372","201762114668",48558,"345.4340",22563,"67.179","4.223",797545,"15.821"
"2019-07-04","11752.000",863198,447259,370537,"0.3730","8179997494","2.6590","1.53300","8.623","209163355329",39703,"335.6870",19546,"62.187","3.863",712075,"15.795"
"2019-07-05","11141.000",785635,450757,378264,"0.3890","6476538664","2.2350","1.18400","7.619","198310760978",45995,"232.6510",19656,"57.568","3.114",735306,"15.791"
"2019-07-06","11383.000",696733,370983,348496,"0.3570","4874121584","1.6530","0.87400","8.090","202656260678",22970,"150.4400",16184,"50.546","2.225",600215,"15.788"
"2019-07-07","11297.000",737195,328853,313120,"0.3440","4176539224","1.6460","0.70700","9.412","201143484193",25844,"140.9540",15820,"47.856","2.331",543359,"15.790"
"2019-07-08","11763.000",813077,466918,378788,"0.4080","11955813889","2.0950","1.07500","8.090","209465953680",82619,"314.2610",21434,"59.067","2.944",724630,"15.812"
"2019-07-09","12497.000",855761,456075,365434,"0.3440","12587993493","2.4370","1.29900","9.351","222553622965",83435,"426.1340",22180,"67.907","3.572",708369,"15.796"
"2019-07-10","12645.000",897453,451247,315535,"0.3540","15498039071","3.4320","1.95000","11.163","225210524756",92212,"629.0580",23834,"70.750","5.045",699904,"15.895"
"2019-07-11","11589.000",903222,438162,325647,"0.3290","20420403958","2.8240","1.64500","11.163","206425921919",105268,"467.5770",20230,"64.951","4.693",683103,"15.946"
"2019-07-12","11583.000",912313,461529,360735,"0.3640","20557844949","2.1650","1.24300","8.780","206347568037",78292,"280.4780",31450,"64.573","3.186",785952,"15.990"
"2019-07-13","11424.000",795302,343656,304404,"0.3110","14813908538","1.6660","0.92600","10.213","203530571573",58962,"191.0850",21442,"52.286","2.457",586676,"15.977"
"2019-07-14","10868.000",723537,317071,303142,"0.2970","13849842374","1.4600","0.76200","9.931","193651717175",55932,"173.7680",19451,"53.469","2.199",518194,"15.970"
"2019-07-15","10433.000",858118,435291,348965,"0.3070","12826740882","1.9110","1.04500","9.863","185909253558",54731,"317.0850",22735,"64.697","3.385",650051,"15.984"
"2019-07-16","10364.000",826407,446098,363175,"0.3160","11964728542","1.7890","0.96000","8.889","184701757553",70127,"279.8550",22784,"66.716","3.005",702321,"16.002"
"2019-07-17","9580.000",835365,431722,324759,"0.2380","11123718874","1.9030","1.04200","10.827","170754729679",55951,"448.8410",24278,"68.552","3.736",625627,"15.989"
"2019-07-18","10053.000",910833,449989,315624,"0.2880","9474810404","2.2970","1.27300","11.901","179199366868",159511,"454.9110",24597,"64.297","4.552",611956,"15.997"
"2019-07-19","10469.000",910221,428501,299773,"0.2990","8650376362","2.4830","1.38400","12.203","186624293030",45811,"462.7420",25759,"55.783","4.601",613458,"15.967"
"2019-07-20","10672.000",821637,361563,322825,"0.3470","6217955258","1.6550","0.95300","8.136","190261891160",29423,"195.2680",21566,"47.642","2.213",653620,"15.956"
"2019-07-21","10579.000",687059,298609,283785,"0.2720","5071398127","1.4000","0.84100","9.664","188634585873",39781,"135.7830",20697,"46.608","1.977",473195,"15.958"
"2019-07-22","10458.000",750246,396359,319241,"0.2970","6372194443","1.7650","0.92200","9.114","186482711654",197566,"264.4170",23274,"49.381","2.657",622526,"15.962"
"2019-07-23","10082.000",821984,395581,320209,"0.3140","6748833025","1.6290","0.93400","10.070","179809231061",38002,"302.0200",21610,"50.494","2.814",624348,"15.951"
"2019-07-24","9714.000",780391,374100,295450,"0.2570","7134264795","1.6410","0.92000","10.360","173249445433",49692,"306.6590",22926,"52.869","2.794",645324,"15.895"
"2019-07-25","10028.000",829155,432594,336386,"0.3040","6632786125","1.6740","0.89200","9.600","178872656584",59006,"324.3790",19361,"50.398","2.909",678929,"15.851"
"2019-07-26","9782.000",714614,411615,319446,"0.2960","5818872542","1.4250","0.68900","8.675","174515142847",30031,"260.7200",17954,"45.770","2.194",661658,"15.826"
"2019-07-27","9734.000",648639,338481,283740,"0.2540","4317953015","1.1340","0.57900","9.474","173678796795",20825,"172.1260",16400,"47.033","1.710",515380,"15.809"
"2019-07-28","9499.000",544655,296675,272799,"0.2900","3369745674","0.9220","0.34600","8.229","169508845564",16732,"120.8090",14762,"43.512","1.196",467316,"15.811"
"2019-07-29","9556.000",713072,396073,333451,"0.2590","11673439640","1.1390","0.47300","8.571","170543194189",75236,"204.7110",17179,"47.477","1.858",616858,"14.703"
"2019-07-30","9547.000",823513,418780,328233,"0.2670","5485378832","1.7520","0.86300","10.141","170394647379",61205,"316.8680",18294,"45.865","3.283",629347,"14.670"
"2019-07-31","9850.000",743955,437956,361166,"0.3160","5233382143","1.4620","0.72800","8.421","175831323388",42754,"281.3560",19647,"47.374","2.448",692658,"14.659"
"2019-08-01","10083.000",846588,426925,335801,"0.2380","5710890476","1.4030","0.68600","10.141","180002927122",30180,"336.4010",19930,"47.003","2.566",655424,"14.656"
"2019-08-02","10482.000",779623,440467,349387,"0.3330","6056914733","1.3410","0.63400","8.521","187152112147",23441,"241.2690",19806,"49.697","2.073",702061,"14.658"
"2019-08-03","10790.000",656558,361123,327415,"0.3110","3954020962","0.9060","0.27200","8.324","192668400018",18242,"152.7610",15856,"45.572","1.255",556108,"14.639"
"2019-08-04","10814.000",627600,318515,298638,"0.2970","3943585181","0.7140","0.15500","8.623","193110078893",20623,"124.9310",15514,"44.225","0.936",509869,"14.640"
"2019-08-05","11680.000",877361,437468,338993,"0.2690","8569450501","1.4560","0.65200","10.070","208594892832",70178,"414.3360",24014,"65.251","2.310",696032,"14.576"
"2019-08-06","11772.000",847750,462640,368187,"0.3190","9018906202","1.4640","0.67400","8.944","210265301053",53841,"325.1980",21526,"64.065","2.226",751980,"14.579"
"2019-08-07","11726.000",885359,408601,370756,"0.2900","7700386314","2.2400","1.50100","9.412","209470109373",27096,"172.4930",19684,"57.065","3.573",713356,"14.574"
"2019-08-08","11811.000",895146,431730,336039,"0.3220","6452544841","2.4730","1.43700","10.141","211006345998",50691,"360.3940",17352,"54.121","3.814",703863,"14.557"
"2019-08-09","11837.000",827786,426187,340978,"0.3070","6521268719","2.2680","1.31400","9.796","211491925769",46749,"291.2850",17787,"49.051","3.435",647649,"14.569"
"2019-08-10","11602.000",686481,342204,303987,"0.3080","5483053852","1.5150","0.83600","9.536","207319625395",66579,"173.4660",15781,"44.675","2.060",558666,"14.601"
"2019-08-11","11403.000",599333,310744,273127,"0.2800","4067068933","1.2670","0.36500","9.412","203779230403",24235,"173.6740",14407,"42.268","1.563",479339,"14.601"
"2019-08-12","11404.000",784320,348238,297313,"0.2650","5722734359","1.9390","1.09400","10.827","203821435316",42550,"246.0860",18156,"48.146","2.952",569266,"14.587"
"2019-08-13","11161.000",877266,426078,370590,"0.3160","6452682152","2.2610","1.48100","9.172","199493668872",38572,"249.5490",18208,"48.607","3.687",758748,"14.519"
"2019-08-14","10494.000",835040,419227,359845,"0.2810","6231852505","1.7120","1.04900","9.474","187605661862",41671,"243.1260",19072,"54.039","2.998",667112,"14.434"
"2019-08-15","10035.000",781475,407222,355487,"0.2570","7979453176","1.5200","0.89400","9.172","179406523104",42349,"257.8730",19697,"57.038","2.672",633290,"14.449"
"2019-08-16","10245.000",764115,402147,323478,"0.2550","5166867045","1.6260","0.90500","9.796","183183364538",31272,"291.5320",19352,"48.832","2.719",590406,"14.404"
"2019-08-17","10309.000",755273,334224,288128,"0.2510","5965170644","1.2660","0.74600","11.250","184339960320",57346,"209.0940",15703,"40.656","2.165",497467,"14.409"
"2019-08-18","10295.000",730153,300987,276239,"0.2510","4345789674","1.0870","0.59700","11.429","184113956338",35950,"174.3510",14246,"41.321","1.819",445842,"14.409"
"2019-08-19","10614.000",711830,391228,330310,"0.2940","5011458401","1.3390","0.68900","8.834","189831078057",27992,"275.6280",16770,"47.547","2.005",616526,"14.402"
"2019-08-20","10758.000",789175,419942,333151,"0.2660","5134381220","1.5080","0.71500","9.412","192427870547",314724,"292.7220",16596,"46.541","2.384",624794,"14.389"
"2019-08-21","10219.000",856752,442553,308672,"0.2480","5074971813","1.7290","0.82700","10.588","182817851882",812025,"331.9620",18179,"47.781","2.982",661174,"14.410"
"2019-08-22","10058.000",884853,449247,322312,"0.2650","3946916036","1.6850","0.82100","10.213","179956638065",365698,"291.4120",17858,"45.062","2.974",695290,"14.405"
"2019-08-23","10266.000",801272,412624,340067,"0.2680","5427855412","1.2520","0.59500","9.412","183682554454",20486,"251.0890",17668,"44.119","2.123",705809,"14.674"
"2019-08-24","10156.000",691934,343718,304321,"0.2570","3379675383","1.0040","0.47000","9.000","181747902506",15078,"164.0110",14618,"39.099","1.483",626450,"14.674"
"2019-08-25","10104.000",628730,298880,288779,"0.2530","3031984034","0.7550","0.23400","9.290","180824455653",20560,"126.9570",14278,"38.104","1.102",467031,"14.689"
"2019-08-26","10349.000",854486,409844,318082,"0.2390","5687691459","1.0790","0.44600","10.511","185240700206",33726,"297.8070",16826,"44.028","1.901",628053,"14.673"
"2019-08-27","10191.000",850752,410273,325849,"0.2540","5674721911","1.0630","0.47700","10.667","182417808811",28058,"289.6240",20448,"43.376","1.975",624242,"14.673"
"2019-08-28","10085.000",778932,398274,341049,"0.2630","4888085256","1.0020","0.40000","9.536","180551877022",26257,"224.4170",19033,"44.590","1.764",595041,"14.580"
"2019-08-29","9533.000",739454,418720,346569,"0.2490","6779020768","0.9330","0.36300","8.727","170685204881",24466,"232.2260",17137,"49.426","1.619",655236,"14.548"
"2019-08-30","9556.000",749704,416221,349040,"0.2380","5993263968","0.9430","0.41700","9.000","171107181884",22924,"215.9870",16339,"41.032","1.695",640275,"14.539"
"2019-08-31","9608.000",670998,353531,342029,"0.2510","3893676871","0.6750","0.27200","8.675","172070436241",21900,"134.0100",13453,"35.774","1.146",534181,"14.557"
"2019-09-01","9636.000",663999,323789,285325,"0.2020","4030368952","0.6780","0.23400","10.070","172587390937",29109,"156.9610",14620,"34.790","1.110",499618,"14.557"
"2019-09-02","9934.000",793282,402862,327099,"0.2450","5362241827","0.8740","0.31700","9.664","177946155882",28160,"238.4260",17337,"43.991","1.521",628285,"14.522"
"2019-09-03","10517.000",793126,457516,370467,"0.2600","6247675089","1.1070","0.41300","8.780","188404505623",29481,"280.0020",20903,"47.646","1.867",702776,"14.535"
"2019-09-04","10566.000",871268,416330,324605,"0.2330","5775467517","1.2160","0.54800","10.588","189304088631",39275,"327.9050",18177,"43.416","2.150",639607,"14.538"
"2019-09-05","10575.000",765116,423330,352245,"0.2620","6852761186","1.1020","0.48900","8.727","189476056836",37243,"252.9760",16187,"40.199","1.749",667714,"14.555"
"2019-09-06","10655.000",802831,457161,365373,"0.2470","8431913901","1.0910","0.46300","9.114","190929381703",34314,"279.6620",18376,"42.604","1.859",704382,"14.760"
"2019-09-07","10426.000",684332,365389,314279,"0.2540","4788472512","0.8860","0.35100","9.600","186851482458",20821,"190.7970",14526,"35.563","1.406",548704,"14.767"
"2019-09-08","10467.000",513723,331802,288330,"0.2610","4026024011","0.7900","0.30000","8.136","187618189166",25414,"172.0920",14593,"34.623","0.974",500881,"14.768"
"2019-09-09","10319.000",777857,412267,316706,"0.2140","5388594580","1.0660","0.39800","9.863","184983080250",28526,"323.6720",17004,"38.639","1.762",637134,"14.671"
"2019-09-10","10243.000",659493,435420,339676,"0.2700","6792968194","1.1260","0.48600","7.912","183631664050",36778,"312.9880",18300,"37.940","1.616",721584,"14.675"
"2019-09-11","10082.000",648117,431653,338092,"0.2470","5457821746","1.0370","0.44700","7.826","180766086764",33432,"302.0260",17080,"37.320","1.490",706324,"14.668"
"2019-09-12","10237.000",715094,440793,335710,"0.2200","5897766449","0.9000","0.36400","9.114","183570049679",25205,"298.7430",16904,"38.007","1.473",669370,"14.610"
"2019-09-13","10328.000",765292,418350,308706,"0.2270","4842739763","0.9210","0.34500","9.600","185217455083",23421,"303.7810",15885,"35.352","1.448",656956,"14.616"
"2019-09-14","10351.000",643714,370573,299739,"0.2260","4857347393","0.7260","0.28200","9.290","185660643458",21155,"210.6780",13360,"32.139","1.074",578185,"14.605"
"2019-09-15","10334.000",643612,324007,273999,"0.2260","3595079483","0.6880","0.20700","9.796","185366411249",18734,"194.3470",13380,"31.906","0.984",509097,"14.605"
"2019-09-16","10287.000",767938,431688,347178,"0.2150","5570107030","0.8670","0.30600","8.834","184548980046",29367,"283.9120",16491,"34.933","1.416",667123,"14.561"
"2019-09-17","10237.000",830790,438441,343630,"0.2150","5821586455","1.0320","0.47500","9.730","183679321243",34127,"349.7080",17082,"33.887","1.839",665782,"14.550"
"2019-09-18","10211.000",722292,446011,363011,"0.2400","6433630194","0.9600","0.39100","8.276","183220452356",24281,"306.0920",18477,"34.487","1.545",766186,"14.563"
"2019-09-19","10007.000",769222,423988,345962,"0.1980","5597715575","1.0570","0.41400","9.730","179586929988",21877,"269.8130",18387,"37.400","1.938",638230,"14.581"
"2019-09-20","10192.000",742245,428303,340778,"0.2140","6527740662","0.9580","0.42100","9.536","182922975217",26085,"287.9820",16907,"34.296","1.670",648647,"14.538"
"2019-09-21","10058.000",613923,383971,335847,"0.2290","5686032102","0.7010","0.28700","8.675","180542356344",21697,"183.6420",13899,"29.885","1.116",580157,"14.535"
"2019-09-22","10005.000",585734,339268,318547,"0.2190","3721211377","0.6450","0.14600","8.675","179609697304",53687,"122.8190",14650,"30.589","0.980",520295,"14.534"
"2019-09-23","9909.000",871061,407428,288035,"0.1740","4322552242","1.1080","0.44800","12.632","177900718181",51090,"382.2610",18065,"36.075","2.210",626986,"14.533"
"2019-09-24","9469.000",815485,454901,353106,"0.2370","8988930132","1.0310","0.44700","9.172","170022295612",34982,"326.5870",21250,"50.201","1.923",717921,"14.541"
"2019-09-25","8465.000",799184,437349,347591,"0.1780","7189945341","1.0430","0.45300","9.231","152003925883",40065,"316.4200",21772,"58.503","2.150",717789,"14.527"
"2019-09-26","8260.000",697999,423844,355604,"0.1760","5107400453","0.7580","0.29200","8.421","148341720231",26199,"205.3380",19619,"54.492","1.505",647024,"14.536"
"2019-09-27","8054.000",780538,404732,303771,"0.1400","5088369335","0.9080","0.37300","10.909","144651223658",24412,"277.4960",19119,"48.563","2.035",577559,"14.534"
"2019-09-28","8171.000",619630,362172,314274,"0.1800","3560386937","0.6020","0.23200","9.057","146773561941",17456,"122.8390",15414,"38.973","1.153",562853,"14.549"
"2019-09-29","8092.000",632524,328896,285406,"0.1540","3329309436","0.5950","0.21000","10.588","145371865817",17151,"135.1750",14229,"36.216","1.221",487009,"14.554"
"2019-09-30","8081.000",807855,410915,311266,"0.1550","4941791930","1.0650","0.56900","11.077","145182186959",28709,"320.5590",17758,"43.398","2.463",620880,"14.558"
"2019-10-01","8365.000",791216,437480,337101,"0.1770","4755108811","1.1980","0.70300","10.070","150300802698",28709,"282.1480",17754,"41.732","2.630",675392,"14.558"
"2019-10-02","8265.000",698116,411674,326409,"0.1650","3633263709","0.9420","0.54200","9.730","148530990120",21364,"216.6150",15544,"38.782","1.972",621924,"14.533"
"2019-10-03","8255.000",708758,402109,326367,"0.1680","4387819172","0.9580","0.50100","9.796","148357503623",20379,"207.2610",15626,"38.876","2.021",612494,"14.535"
"2019-10-04","8173.000",734079,411482,337075,"0.1670","4199281838","0.6740","0.25700","9.796","146906906123",17423,"170.9780",14904,"34.839","1.491",641998,"14.528"
"2019-10-05","8129.000",606572,363723,326525,"0.1580","2888167170","0.4770","0.12200","9.114","146124929272",12394,"117.8030",13536,"31.876","0.961",566242,"14.528"
"2019-10-06","8016.000",568854,324611,277464,"0.1610","3079541982","0.4760","0.11300","9.664","144114222716",15420,"142.6010",14729,"32.950","0.878",487979,"14.527"
"2019-10-07","8068.000",712409,404243,328648,"0.1620","3948772739","0.6070","0.14500","9.290","145067111318",17092,"219.7360",16843,"39.321","1.260",614170,"14.526"
"2019-10-08","8214.000",687268,401689,336192,"0.1650","4293978021","0.6760","0.21100","8.889","147692402399",20797,"209.8470",16662,"36.974","1.348",627364,"14.527"
"2019-10-09","8339.000",746120,390038,310911,"0.1530","4877278305","0.8140","0.36600","10.435","149954836395",23826,"274.2620",17990,"37.271","1.731",572744,"14.525"
"2019-10-10","8556.000",683317,412487,344886,"0.1890","4765805789","0.8300","0.36900","8.889","153877335129",20028,"232.6140",17144,"36.973","1.627",648261,"14.541"
"2019-10-11","8404.000",721762,412481,345269,"0.1510","4365688253","0.6770","0.26500","9.231","151162158646",18180,"202.9360",16759,"34.305","1.408",593749,"14.531"
"2019-10-12","8340.000",687895,337840,301560,"0.1530","2869783477","0.5740","0.20300","10.827","150029025640",13148,"137.8120",14136,"30.306","1.234",519691,"14.536"
"2019-10-13","8364.000",578445,309583,279345,"0.1590","2492298266","0.4840","0.12000","10.141","150470386021",12580,"120.0940",14172,"30.310","0.904",470895,"14.535"
"2019-10-14","8319.000",755043,383948,304331,"0.1680","5488675881","0.6510","0.22700","10.667","149679450096",22402,"221.9260",17307,"33.863","1.393",563087,"14.562"
"2019-10-15","8274.000",713258,405404,339545,"0.1710","3842231080","0.6310","0.24900","9.412","148878025844",18146,"206.7370",17552,"34.707","1.336",630058,"14.579"
"2019-10-16","8081.000",774990,414529,338330,"0.1620","5727601621","0.6960","0.25600","10.070","145434582933",24911,"218.3930",17713,"35.233","1.605",633943,"14.576"
"2019-10-17","8057.000",739596,403269,333955,"0.1550","5253931408","0.6130","0.24100","9.600","145005388803",24601,"203.5460",16806,"34.534","1.337",643060,"14.561"
"2019-10-18","7980.000",668641,398677,339230,"0.1580","4391359260","0.5870","0.24000","9.000","143631054413",23984,"173.7240",17011,"34.140","1.232",610609,"14.581"
"2019-10-19","7979.000",694874,366344,304594,"0.1480","2359380872","0.4800","0.18200","10.141","143632446106",22145,"138.6970",15757,"30.019","1.021",562807,"14.578"
"2019-10-20","8030.000",596889,334044,289650,"0.1680","2319075922","0.4390","0.11500","9.863","144568346516",20732,"129.2040",13294,"30.011","0.861",497265,"14.578"
"2019-10-21","8235.000",731707,420744,351632,"0.1630","3642688098","0.4830","0.07270","9.057","148274957497",21003,"184.7630",16282,"33.740","1.028",640284,"14.524"
"2019-10-22","8209.000",690574,416410,341295,"0.1620","3895959646","0.5340","0.11000","8.521","147816622447",27399,"184.1630",19420,"32.838","1.041",641122,"14.536"
"2019-10-23","7748.000",703187,419894,349152,"0.1490","4985241310","0.6890","0.20200","8.571","139537104206",29567,"182.6990",20329,"41.988","1.459",645574,"14.541"
"2019-10-24","7456.000",782750,399277,303710,"0.1180","4712422233","0.7110","0.28000","10.827","134295583181",24528,"269.3650",17486,"39.365","1.713",606380,"14.584"
"2019-10-25","7873.000",860816,444975,328460,"0.1590","5308369715","0.8650","0.36400","10.435","141821679314",32294,"324.6220",20601,"44.381","2.050",662860,"14.559"
"2019-10-26","9321.000",868812,410662,305582,"0.1720","5322067003","1.4600","0.59300","10.286","167914350137",30595,"351.5600",25470,"60.819","2.663",680394,"14.556"
"2019-10-27","9407.000",820044,330350,256138,"0.1660","3973282730","1.2480","0.62000","12.522","169475479207",25067,"252.0560",17460,"44.396","2.310",510069,"14.562"
"2019-10-28","9466.000",861090,411182,309477,"0.1870","5967176831","1.1620","0.52300","10.746","170560688834",59415,"292.3520",18462,"46.430","2.218",611524,"14.564"
"2019-10-29","9388.000",819722,404118,307820,"0.1700","4675997275","1.0820","0.49300","10.827","169160737481",45749,"292.3650",17199,"42.992","2.090",638317,"14.509"
"2019-10-30","9218.000",809221,412364,314029,"0.1770","3975291441","0.9880","0.45800","10.746","166129134452",59363,"274.9610",17972,"39.332","1.970",601781,"14.511"
"2019-10-31","9196.000",788254,390034,293647,"0.1590","4842933242","1.1110","0.51500","10.909","165736645447",44288,"306.6780",20869,"37.330","2.105",629875,"14.517"
"2019-11-01","9176.000",890569,434683,316057,"0.1820","6357630443","1.1670","0.56000","11.077","165394278127",36341,"334.1000",17370,"35.625","2.414",678169,"14.463"
"2019-11-02","9292.000",706081,365326,284309,"0.1710","3831155023","0.9050","0.43100","10.746","167498767707",27592,"219.0870",14470,"32.164","1.627",569305,"14.457"
"2019-11-03","9245.000",705655,361889,294229,"0.1770","3886869576","0.8190","0.39100","10.435","166659955379",25935,"202.6700",14022,"31.456","1.489",531801,"14.456"
"2019-11-04","9285.000",818967,428659,310847,"0.1750","5450015260","1.4420","0.60600","10.909","167399334374",28314,"372.4580",17953,"36.088","2.844",616833,"14.456"
"2019-11-05","9357.000",812348,453732,332695,"0.1840","7582494848","1.2300","0.61600","10.000","168724398863",32613,"359.1250",18119,"37.573","2.373",700156,"14.352"
"2019-11-06","9362.000",888839,429480,314566,"0.1650","4907283550","1.1510","0.54700","10.909","168829122381",41897,"327.3880",17193,"35.774","2.291",718740,"14.369"
"2019-11-07","9274.000",839968,429291,324352,"0.1740","5270347053","1.1360","0.54400","10.667","167245464728",39238,"337.9260",16147,"34.092","2.302",642522,"14.375"
"2019-11-08","9015.000",827500,422027,311313,"0.1730","5703108408","1.1840","0.59100","11.250","162604835348",38576,"406.8710",16463,"35.753","2.493",642880,"14.346"
"2019-11-09","8833.000",762703,400046,306019,"0.1960","4640163649","0.8500","0.41500","10.000","159335268203",30200,"260.9530",13608,"31.679","1.610",644920,"14.343"
"2019-11-10","8922.000",616469,323636,299546,"0.1910","2853814771","0.7110","0.30400","8.675","160960779819",20351,"131.9150",13655,"30.804","1.138",512641,"14.344"
"2019-11-11","8830.000",732082,388966,326556,"0.1660","3573655851","0.7990","0.31100","9.536","159305018357",21505,"186.9130",17451,"34.133","1.543",602617,"14.353"
"2019-11-12","8776.000",743228,382258,301247,"0.1540","4154122105","0.8350","0.34200","10.667","158343448216",29661,"233.9710",16739,"33.330","1.670",558263,"14.341"
"2019-11-13","8797.000",845720,421541,318810,"0.1930","4917321117","0.9470","0.44300","10.667","158743148369",36683,"274.8440",17058,"33.226","1.994",667964,"14.328"
"2019-11-14","8728.000",692542,410233,349854,"0.1840","4766844514","0.7390","0.31200","8.521","157519758692",30307,"189.3260",18144,"31.451","1.384",624544,"14.329"
"2019-11-15","8601.000",855237,443805,324987,"0.1620","5768478919","0.7850","0.29500","9.114","155235539205",33835,"300.9790",17028,"32.121","1.480",634708,"14.360"
"2019-11-16","8524.000",922691,372938,283320,"0.1700","3149156270","0.6900","0.23200","9.730","153864450828",20856,"215.3250",15041,"30.064","1.225",595680,"14.360"
"2019-11-17","8584.000",852297,328748,264216,"0.1820","2651062995","0.6850","0.17900","9.351","154964392980",20474,"172.4010",14539,"29.508","1.084",522258,"14.359"
"2019-11-18","8460.000",742222,395146,304531,"0.1460","4683404510","0.7730","0.30200","10.286","152750409310",36919,"257.2190",16505,"33.119","1.566",587977,"14.394"
"2019-11-19","8204.000",830725,428592,327483,"0.1850","4124530460","0.8610","0.39200","9.796","148142119613",23925,"281.5250",16874,"35.322","1.837",732887,"14.491"
"2019-11-20","8176.000",745202,402679,320944,"0.1550","3425383536","0.6970","0.30400","10.141","147654249824",20350,"203.8430",18338,"33.116","1.519",601482,"14.582"
"2019-11-21","7924.000",846205,437645,323817,"0.1600","4738857382","0.9020","0.36000","10.511","143108491293",39515,"301.8910",21597,"40.238","2.108",697687,"14.671"
"2019-11-22","7367.000",907937,448245,310407,"0.1490","6718559973","0.9500","0.40400","10.909","133067975680",37302,"379.4590",24404,"47.612","2.369",667790,"14.749"
"2019-11-23","7255.000",577142,406052,306251,"0.1490","5237790792","0.5100","0.21000","8.324","131058781359",23896,"225.6520",16543,"37.509","0.987",600401,"14.754"
"2019-11-24","7209.000",618433,331456,267237,"0.1240","4075116897","0.4590","0.20500","10.992","130235919068",22195,"161.5030",17253,"35.289","1.029",485782,"14.781"
"2019-11-25","6978.000",748699,382749,279345,"0.1300","5645470730","0.8040","0.35200","11.520","126069373668",32846,"290.3790",22633,"47.722","2.019",535182,"14.865"
"2019-11-26","7165.000",913197,444903,321188,"0.1510","4994750892","0.8890","0.48800","11.803","129470431178",26130,"344.3290",25824,"41.411","2.549",663176,"14.858"
"2019-11-27","7269.000",818579,433190,317458,"0.1510","5178194528","0.7750","0.37900","10.360","131357388717",23191,"301.8380",22517,"39.614","1.912",728301,"15.002"
"2019-11-28","7555.000",618509,404932,309460,"0.1540","3714657725","0.6390","0.29200","8.834","136540482306",18624,"272.8510",16332,"36.911","1.269",630300,"15.005"
"2019-11-29","7595.000",749060,413544,311154,"0.1420","4804527682","0.7980","0.38100","10.588","137273223656",24160,"305.2370",16670,"34.049","1.888",595151,"15.077"
"2019-11-30","7673.000",761077,369089,277332,"0.1390","4293987584","0.7530","0.37800","11.429","138704119951",20732,"234.3610",16174,"31.292","1.700",579962,"15.070"
"2019-12-01","7360.000",615609,349407,274482,"0.1560","3468082463","0.5880","0.28700","10.360","133061135639",18196,"199.7940",15964,"31.386","1.246",512636,"15.073"
"2019-12-02","7315.000",720855,420893,314585,"0.1420","4379444581","0.6070","0.26500","9.931","132253591519",20089,"270.9470",16129,"33.612","1.420",634227,"15.060"
"2019-12-03","7319.000",681807,436617,336354,"0.1560","4245612301","0.5540","0.22100","9.114","132337710662",18553,"235.6710",16469,"33.457","1.274",644293,"15.021"
"2019-12-04","7314.000",671516,435391,337117,"0.1490","13491432770","0.6410","0.22800","8.623","132270604431",50499,"236.5710",16817,"34.139","1.396",659547,"15.069"
"2019-12-05","7351.000",718546,415911,311323,"0.1320","3735630915","0.5490","0.18500","9.931","132949409718",21161,"271.3510",17127,"33.293","1.267",633406,"15.077"
"2019-12-06","7436.000",740366,415077,315241,"0.1500","13356676718","0.5910","0.21200","9.931","134500464156",53952,"246.8690",15697,"32.097","1.363",611850,"15.058"
"2019-12-07","7556.000",593452,354893,285129,"0.1540","2773243602","0.4790","0.16400","9.290","136682861447",25311,"169.8060",13437,"29.379","0.924",572496,"15.073"
"2019-12-08","7549.000",581275,324940,278705,"0.1380","2182547930","0.3930","0.11900","9.730","136561552787",19754,"140.7280",14176,"28.076","0.778",483379,"15.083"
"2019-12-09","7492.000",750349,408835,313481,"0.1460","4239872558","0.5210","0.16900","9.730","135543986232",28403,"274.6360",16592,"30.956","1.166",672252,"15.081"
"2019-12-10","7340.000",748838,423626,319916,"0.1510","4757475238","0.5330","0.19600","9.730","132815026664",26319,"262.5210",15197,"31.668","1.240",692549,"15.089"
"2019-12-11","7266.000",807656,403184,291116,"0.1380","4063659763","0.6140","0.22500","10.909","131494410050",30110,"273.8390",14324,"32.027","1.470",691282,"15.091"
"2019-12-12","7217.000",769174,416674,311662,"0.1330","4228990462","0.5230","0.22100","10.827","130619914741",19315,"252.8710",16412,"32.085","1.340",619735,"15.098"
"2019-12-13","7258.000",687257,432015,322736,"0.1530","3432593081","0.5050","0.19800","9.474","131363430518",16156,"253.7750",16588,"31.632","1.169",614779,"15.109"
"2019-12-14","7204.000",635068,378555,293345,"0.1390","2387176288","0.3770","0.14500","9.536","130413263034",17894,"166.6420",14114,"30.787","0.808",551814,"15.124"
"2019-12-15","7128.000",706442,345829,263317,"0.1330","2343995952","0.5540","0.16300","11.613","129037997505",17566,"201.0630",14381,"29.017","1.303",485498,"15.130"
"2019-12-16","7085.000",717350,431130,326928,"0.1550","3350181347","0.4800","0.18600","9.172","128269158115",16593,"217.1780",18724,"33.227","1.117",693836,"15.150"
"2019-12-17","6854.000",849902,439602,319113,"0.1260","7710051988","0.4920","0.18700","10.213","124102542369",38137,"268.7540",19303,"39.877","1.285",746301,"15.155"
"2019-12-18","6799.000",839592,430610,314115,"0.1330","5023631251","0.5950","0.25400","10.746","123124078455",25175,"309.0370",22374,"39.876","1.615",609940,"15.179"
"2019-12-19","7178.000",704413,412797,319398,"0.1490","4672527254","0.6450","0.26000","9.172","129994565664",22527,"269.1270",21588,"37.598","1.443",627189,"15.236"
"2019-12-20","7211.000",679669,420079,332501,"0.1440","4618709563","0.5530","0.22900","9.231","130619363752",21779,"231.5590",18959,"33.843","1.290",624387,"15.246"
"2019-12-21","7208.000",526732,361120,310942,"0.1460","3138207777","0.3850","0.14600","8.182","130578893912",15651,"144.4490",16562,"29.746","0.750",537139,"15.179"
"2019-12-22","7276.000",517655,324187,280901,"0.1380","2939979741","0.3320","0.06610","8.521","131813762662",19607,"133.1450",15978,"30.221","0.603",484241,"15.180"
"2019-12-23","7529.000",745234,393244,304702,"0.1330","4317384030","0.4660","0.13200","10.070","136423905234",23419,"291.0820",16906,"35.677","1.045",606564,"15.202"
"2019-12-24","7362.000",792661,375473,290311,"0.1420","3431328318","0.4470","0.14800","11.520","133409709016",18493,"253.6100",15959,"31.494","1.115",588285,"15.203"
"2019-12-25","7283.000",625243,304500,244538,"0.1370","2887782333","0.3910","0.09480","11.250","131978178374",17725,"165.7270",14984,"30.878","0.814",474482,"15.154"
"2019-12-26","7278.000",603083,361824,295896,"0.1610","3398008808","0.4650","0.11500","8.623","131900385144",17208,"188.5360",15205,"31.843","0.898",528323,"15.159"
"2019-12-27","7263.000",709273,415723,322059,"0.1370","3906419258","0.3860","0.11200","9.931","131651031132",19540,"232.4100",14711,"31.188","0.936",617851,"15.143"
"2019-12-28","7361.000",625161,376120,298138,"0.1450","3214320527","0.3410","0.08180","9.664","133446492470",16883,"193.7230",14765,"30.579","0.736",548303,"15.156"
"2019-12-29","7469.000",552879,344377,279770,"0.1440","2491858564","0.3370","0.06640","9.290","135412255658",14961,"161.3380",13684,"30.661","0.647",508034,"15.163"
"2019-12-30","7388.000",661326,418908,324331,"0.1520","4650041072","0.3620","0.06780","8.675","133961885698",22475,"223.6270",15568,"30.921","0.761",636443,"15.171"
"2019-12-31","7293.000",687065,375764,293302,"0.1350","3430132844","0.3690","0.09780","9.931","132240699032",17976,"219.2370",13500,"28.975","0.813",585047,"15.162"
"2020-01-01","7238.000",441636,292748,251561,"0.1540","2022006877","0.2870","0.06540","8.276","131257925014",12757,"120.9960",13987,"30.015","0.457",444396,"15.167"
"2020-01-02","7127.000",696127,363285,295426,"0.1110","3495275949","0.3320","0.08410","10.213","129269675563",16735,"215.4640",15920,"33.970","0.776",569087,"15.138"
"2020-01-03","7250.000",629151,414656,316348,"0.1440","5664998633","0.3760","0.11200","8.521","131515660284",23302,"211.0580",19730,"36.709","0.770",619640,"15.152"
"2020-01-04","7390.000",539139,364305,287047,"0.1430","3470997480","0.3170","0.08290","8.571","134067207558",16928,"156.7200",16357,"34.039","0.583",540973,"15.158"
"2020-01-05","7503.000",555135,346762,287616,"0.1310","2540098659","0.3100","0.05330","8.834","136141190076",14695,"150.6130",16533,"34.545","0.580",515467,"15.165"
"2020-01-06","7588.000",803095,400741,299011,"0.1250","3965209700","0.5200","0.17100","10.667","137682313444",27811,"291.6890",16540,"38.380","1.200",595691,"15.182"
"2020-01-07","7953.000",674910,442569,343903,"0.1680","4244004408","0.5910","0.20500","8.182","144326460877",18145,"264.8590",20950,"45.745","1.149",649639,"15.193"
"2020-01-08","8273.000",761004,431084,317877,"0.1300","4617323319","0.8020","0.35500","10.141","150154701171",23409,"348.1130",20820,"50.481","1.708",619874,"15.204"
"2020-01-09","7943.000",743577,423158,321900,"0.1580","7532014275","0.7350","0.34100","9.172","144170864339",29799,"277.0420",20500,"39.572","1.496",689922,"15.188"
"2020-01-10","7933.000",780409,445323,330585,"0.1410","5256518379","0.7810","0.33600","9.664","144014597649",21721,"303.3740",18266,"39.234","1.719",677502,"15.185"
"2020-01-11","8120.000",596397,393287,308907,"0.1560","3333911659","0.4830","0.19300","8.834","147425940102",15612,"178.4640",15900,"36.085","0.895",553800,"15.184"
"2020-01-12","8146.000",578905,342527,282985,"0.1400","2877762316","0.4180","0.12600","9.536","147902197486",14388,"169.9450",14383,"33.050","0.764",477053,"15.172"
"2020-01-13","8151.000",696517,391948,291454,"0.1400","3989909384","0.4930","0.17700","10.070","148009908739",19234,"262.7200",15305,"34.669","0.977",570300,"15.164"
"2020-01-14","8605.000",884701,477976,346808,"0.1690","7605764835","0.6510","0.26300","9.931","156271686247",30967,"349.3400",20772,"49.448","1.427",705324,"15.177"
"2020-01-15","8778.000",758395,450729,332507,"0.1490","12047345887","0.8280","0.32600","9.536","159439640804",42231,"294.8730",18142,"47.248","1.635",632549,"15.164"
"2020-01-16","8693.000",683079,431336,325788,"0.1630","4651778386","0.6360","0.29200","9.057","157911800208",23647,"226.2890",18513,"40.884","1.186",654641,"15.134"
"2020-01-17","8869.000",680037,441716,323833,"0.1410","6762835813","0.6650","0.29800","9.057","161113855150",30527,"285.5980",17272,"42.327","1.208",607003,"15.134"
"2020-01-18","8907.000",677562,377583,287105,"0.1430","3325346759","0.5510","0.24700","10.909","161824912923",15636,"187.0980",17651,"38.571","1.066",518761,"15.144"
"2020-01-19","8859.000",608059,368141,283810,"0.1660","3266638547","0.5160","0.20100","9.600","160973290851",19673,"192.6200",20557,"42.135","0.874",549520,"15.143"
"2020-01-20","8670.000",698612,410326,313509,"0.1490","5705309769","0.4910","0.17200","9.474","157559875298",27032,"232.1410",18586,"39.379","0.926",615528,"15.124"
"2020-01-21","8672.000",692032,421853,315057,"0.1420","4263372755","0.5650","0.23600","9.412","157601598412",18337,"251.9160",19285,"38.231","1.062",620998,"15.124"
"2020-01-22","8693.000",748709,424690,328430,"0.1600","4982958619","0.5740","0.25100","9.231","158012056516",23704,"211.2410",19401,"36.011","1.100",652035,"15.106"
"2020-01-23","8469.000",714200,421525,329759,"0.1430","5751816119","0.5400","0.22800","9.057","153939988881",22226,"204.0960",18546,"36.523","1.048",658331,"15.103"
"2020-01-24","8410.000",730092,424754,313735,"0.1390","4406641300","0.4320","0.14000","9.474","152896249004",18523,"223.0890",16643,"35.051","0.841",644667,"15.101"
"2020-01-25","8349.000",591392,365568,285420,"0.1500","2923336571","0.3330","0.10700","8.780","151807484217",14230,"150.2890",13919,"31.559","0.553",524444,"15.101"
"2020-01-26","8466.000",568189,365856,261104,"0.1340","3252311166","0.3430","0.09600","10.070","153939003359",18671,"155.7780",14485,"30.326","0.588",499446,"15.101"
"2020-01-27","8744.000",733173,430805,279111,"0.1370","4607391671","0.6200","0.25300","11.163","159015265967",47226,"331.4440",18223,"36.390","1.213",574999,"15.105"
"2020-01-28","9049.000",854678,496656,339910,"0.1610","5754005306","0.6120","0.26100","10.141","164576653493",27917,"300.8300",20422,"42.206","1.279",702991,"15.116"
"2020-01-29","9349.000",706867,481467,340402,"0.1630","5776964588","0.5610","0.22100","9.000","170045037127",24490,"257.6940",22062,"44.183","1.011",669492,"15.124"
"2020-01-30","9394.000",704883,473295,332402,"0.1480","7156704820","0.5550","0.21300","9.231","170887750331",41076,"244.5390",18452,"43.583","0.998",620353,"15.127"
"2020-01-31","9366.000",770486,473560,334290,"0.1530","8370738685","0.6310","0.27000","10.000","170398289340",33691,"283.3660",17685,"40.656","1.237",644064,"15.134"
"2020-02-01","9393.000",650769,427299,303573,"0.1490","6196137120","0.5410","0.21900","9.536","170902882145",25261,"217.0180",15818,"36.660","0.918",585209,"15.135"
"2020-02-02","9398.000",684127,399001,290736,"0.1590","4682602584","0.5480","0.20600","10.070","171009759343",22310,"212.0380",75543,"36.146","0.940",619979,"15.134"
"2020-02-03","9356.000",791257,462831,330864,"0.1560","8969878835","0.6090","0.21700","9.730","170261723796",45181,"290.4890",32917,"37.796","1.151",730411,"15.140"
"2020-02-04","9233.000",799012,442469,309058,"0.1400","5970733008","0.7090","0.29900","10.909","168033849754",26756,"316.9610",28537,"38.834","1.419",676969,"15.145"
"2020-02-05","9421.000",764952,486673,368445,"0.1680","5098196583","0.6500","0.30100","9.057","171472966044",21648,"260.2780",34975,"41.426","1.264",715507,"15.154"
"2020-02-06","9706.000",813660,431887,315235,"0.1430","10146779590","0.8350","0.38800","10.667","176692561777",48276,"320.7160",30260,"43.772","1.582",664727,"15.159"
"2020-02-07","9798.000",903560,466677,334799,"0.1660","6626614697","0.9220","0.45800","10.360","178370032130",48564,"351.8650",25577,"42.782","1.782",752168,"15.067"
"2020-02-08","9823.000",800212,403295,318224,"0.1610","5641804028","0.6590","0.35700","10.360","178841168035",24175,"196.5340",22495,"38.978","1.214",620879,"15.048"
"2020-02-09","10083.000",670921,387470,316917,"0.1840","4119683189","0.6310","0.28800","9.412","183592363636",18140,"188.4930",38674,"51.345","1.026",587566,"15.053"
"2020-02-10","9932.000",826853,412745,297982,"0.1360","6277983060","0.9190","0.42000","11.803","180868687356",34825,"331.4400",27170,"46.045","1.777",617571,"15.032"
"2020-02-11","9968.000",885419,494856,365435,"0.1840","6641643757","0.9480","0.48900","9.730","181532535507",27787,"318.8930",28117,"47.867","1.846",783245,"15.043"
"2020-02-12","10331.000",803581,479413,344473,"0.1670","6813860260","1.1220","0.56500","10.141","188166980323",32944,"385.8190",28341,"52.229","2.064",638800,"15.048"
"2020-02-13","10289.000",864990,473252,339940,"0.1740","7006498294","1.0740","0.55600","10.213","187415274491",32314,"379.5420",26869,"48.183","1.974",714603,"15.078"
"2020-02-14","10272.000",749286,447193,325943,"0.1500","6726653170","1.0140","0.52100","10.667","187122912131",32966,"327.1730",25754,"42.563","1.872",606079,"15.088"
"2020-02-15","10152.000",770573,432495,322579,"0.1780","5460487669","0.8980","0.47500","10.141","184966135577",27311,"248.5750",23918,"41.677","1.584",667659,"15.091"
"2020-02-16","9916.000",649918,364725,292094,"0.1630","6050284934","0.7330","0.39800","10.141","180676721411",32643,"171.5780",23996,"41.107","1.203",550546,"15.093"
"2020-02-17","9723.000",721695,453650,341334,"0.1700","9396560694","0.7210","0.31000","9.172","177190999250",37011,"284.8250",25279,"42.457","1.273",690168,"15.104"
"2020-02-18","9840.000",767824,444008,328458,"0.1550","5658250758","0.9000","0.30000","9.664","179327553972",31321,"306.8240",29623,"42.607","1.589",647238,"15.069"
"2020-02-19","10091.000",819463,446777,334664,"0.1610","7909840873","0.9480","0.44300","10.213","183930560311",41361,"325.6770",31627,"44.633","1.753",672841,"15.060"
"2020-02-20","9612.000",850647,437575,316500,"0.1540","6411100732","0.8440","0.39200","11.429","175204110979",31656,"354.1150",26789,"44.287","1.735",638816,"14.992"
"2020-02-21","9688.000",749930,449293,338330,"0.1640","5440614227","0.6740","0.32000","9.351","176614193896",23613,"274.9030",23685,"40.540","1.209",637326,"14.981"
"2020-02-22","9666.000",668603,406436,304449,"0.1580","3767769713","0.5890","0.27800","9.730","176226781487",18540,"198.7400",24088,"34.804","0.994",582844,"14.950"
"2020-02-23","9850.000",639356,358707,285437,"0.1640","4945140232","0.5740","0.25700","10.141","179596476973",23020,"186.4930",25803,"35.946","0.928",541870,"14.952"
"2020-02-24","9755.000",799946,434415,328749,"0.1580","5548784595","0.6800","0.31300","10.213","177887040043",24108,"306.9890",28829,"42.144","1.285",625542,"14.943"
"2020-02-25","9520.000",745897,445008,334449,"0.1530","6334149205","0.6990","0.34200","10.000","173626812664",24844,"292.5160",27251,"42.269","1.346",626903,"14.949"
"2020-02-26","9065.000",811984,463415,329831,"0.1470","5404813979","0.8050","0.39500","10.588","165329813675",24149,"377.9740",27388,"46.344","1.695",670886,"14.946"
"2020-02-27","8803.000",768147,457420,338634,"0.1470","6640945724","0.7100","0.34000","9.796","160576632199",26044,"324.9740",25882,"45.746","1.464",684559,"14.950"
"2020-02-28","8706.000",747640,489743,368432,"0.1480","6545847824","0.6210","0.29300","9.114","158830122561",23947,"279.9420",25289,"47.164","1.314",701052,"14.969"
"2020-02-29","8690.000",688853,409645,307388,"0.1290","3563548358","0.5230","0.24900","10.360","158545057821",18042,"234.4660",22884,"37.636","1.054",588646,"14.981"
"2020-03-01","8572.000",582150,385534,309672,"0.1580","3056262659","0.4000","0.13200","8.136","156417663682",15620,"158.8930",22847,"36.918","0.649",597235,"14.971"
"2020-03-02","8754.000",776622,472265,342672,"0.1330","4954319962","0.5860","0.24700","9.664","159748029508",20998,"331.6070",25876,"40.162","1.217",687474,"14.987"
"2020-03-03","8791.000",787057,464555,342171,"0.1450","4724034705","0.6370","0.27800","9.412","160437902057",20336,"324.8640",25782,"38.888","1.281",717102,"14.986"
"2020-03-04","8767.000",922114,489140,358578,"0.1510","5316041656","0.5930","0.26700","8.623","160026135465",24870,"303.0250",27221,"41.156","1.149",755658,"14.909"
"2020-03-05","9024.000",703738,473476,349366,"0.1400","5312999717","0.6300","0.27900","8.834","164739029993",22064,"329.7850",26232,"42.273","1.183",659912,"14.905"
"2020-03-06","9099.000",760824,471004,338228,"0.1520","6579942090","0.7160","0.32500","9.290","166124289671",25485,"366.5170",22285,"40.093","1.357",648532,"14.905"
"2020-03-07","9050.000",633912,409197,313155,"0.1470","4067367311","0.5360","0.25100","9.172","165242658840",17655,"224.6590",19205,"35.826","0.936",604629,"14.904"
"2020-03-08","8589.000",604308,391267,302536,"0.1370","3553993081","0.4580","0.19300","9.114","156832621338",17471,"192.6500",19627,"39.409","0.811",551633,"14.912"
"2020-03-09","7886.000",792840,475986,348061,"0.1260","6609337094","0.5800","0.25100","9.600","144019887295",27754,"339.9160",31167,"67.562","1.348",690871,"14.944"
"2020-03-10","7957.000",852105,467972,329566,"0.1130","5873729738","0.6750","0.31200","10.909","145333502920",25927,"363.0920",24544,"52.043","1.666",710182,"14.934"
"2020-03-11","7856.000",814438,416528,287373,"0.1110","5970077210","0.8080","0.35600","12.101","143487378593",46282,"343.7290",23550,"45.002","1.949",645946,"14.944"
"2020-03-12","6696.000",875124,498306,349827,"0.1200","11216477735","1.1320","0.55400","9.536","122310717260",44964,"442.6960",44735,"94.701","3.041",781169,"14.949"
"2020-03-13","5278.000",899063,424335,276673,"0.0787","8397336869","1.6080","0.74900","11.520","96428677049",44783,"619.7150",43020,"127.974","5.122",690249,"14.965"
"2020-03-14","5401.000",903386,373261,279700,"0.0805","3996881095","1.0210","0.54000","11.250","98686833459",22002,"249.6500",22922,"82.128","3.200",677988,"14.976"
"2020-03-15","5316.000",760621,305937,223111,"0.0849","2800245342","1.0560","0.58200","12.101","97143949030",20528,"231.3350",22102,"70.610","2.894",568601,"15.017"
"2020-03-16","5005.000",855185,394962,270280,"0.0777","5537167761","1.1400","0.65900","12.101","91458997401",29687,"411.5470",27432,"91.333","3.976",605903,"15.050"
"2020-03-17","5179.000",909978,398496,278203,"0.0878","5342758513","1.1590","0.67900","11.707","94642734566",27854,"393.4570",26159,"75.924","3.893",630762,"15.046"
"2020-03-18","5182.000",807183,351853,231154,"0.0693","3793746087","1.3170","0.80500","14.400","94703418919",25706,"427.2040",26644,"69.996","4.492",521527,"15.026"
"2020-03-19","5668.000",895747,386773,265582,"0.0901","4352271189","1.4610","0.86900","13.458","103589860794",28143,"475.9450",29033,"76.654","4.871",612913,"15.075"
"2020-03-20","6288.000",909947,419762,284485,"0.1070","5871726497","1.7680","1.04900","13.211","114939600410",29765,"464.1360",28150,"75.283","5.547",618739,"15.108"
"2020-03-21","6167.000",787528,348710,245772,"0.0999","2662336309","1.1810","0.69800","11.613","112740192461",17630,"261.0130",25403,"64.485","2.949",584779,"15.094"
"2020-03-22","6134.000",593804,298648,209027,"0.0939","3350651752","0.9790","0.48200","11.339","112152599382",23617,"208.0810",27844,"57.571","2.058",478000,"15.102"
"2020-03-23","6097.000",832460,382315,259704,"0.0972","3654086757","1.2070","0.70700","12.857","111469996421",24495,"353.7300",28657,"62.021","3.545",561578,"15.198"
"2020-03-24","6629.000",835078,397349,277999,"0.1080","6339716454","1.0670","0.62300","10.909","121219360964",33253,"334.7190",31076,"62.767","2.641",636481,"15.292"
"2020-03-25","6658.000",799539,344242,218084,"0.0871","3796414372","1.3860","0.84100","15.652","121751022177",27271,"428.3730",26878,"55.613","3.800",456373,"15.236"
"2020-03-26","6666.000",753358,406732,292668,"0.1520","3811340375","1.2540","0.72300","9.000","121908440955",19923,"286.3680",24772,"52.439","2.680",733803,"15.266"
"2020-03-27","6685.000",729975,400464,276391,"0.1180","3937458538","1.0060","0.57900","9.290","122268059269",25304,"297.4090",24128,"49.728","2.102",737981,"15.261"
"2020-03-28","6228.000",642866,349183,240492,"0.1030","2575050193","0.7460","0.37400","10.667","113923711819",18220,"240.7020",20983,"51.368","1.680",540437,"15.242"
"2020-03-29","6124.000",542308,317172,232669,"0.1210","2478352989","0.5540","0.16900","9.536","112031246941",16978,"177.9060",22187,"49.632","1.104",495415,"15.244"
"2020-03-30","6266.000",729324,401010,276681,"0.1130","4278822143","0.5940","0.20700","9.796","114642692177",22920,"298.4500",24425,"50.127","1.409",664584,"15.264"
"2020-03-31","6451.000",704210,410422,290068,"0.1230","4835276939","0.6460","0.26200","9.057","118045180007",23317,"300.7170",24944,"45.496","1.442",722000,"15.270"
"2020-04-01","6314.000",790907,413271,281702,"0.1140","4118963584","0.5990","0.24900","9.412","115548107345",22766,"306.1820",27700,"47.256","1.380",691990,"15.252"
"2020-04-02","6722.000",812052,435173,299023,"0.1230","4114899890","0.5620","0.22500","9.412","123028666216",22705,"328.2020",29947,"51.774","1.292",693641,"15.287"
"2020-04-03","6822.000",817031,411126,278631,"0.1140","4428654798","0.6320","0.24900","10.909","124869987099",23869,"334.7420",33185,"49.149","1.542",642918,"15.235"
"2020-04-04","6773.000",844014,354204,253117,"0.1380","4486625081","0.4460","0.17000","9.172","123990556748",22899,"204.7190",28502,"44.666","0.843",583935,"15.221"
"2020-04-05","6799.000",576185,333896,240084,"0.1310","2503465568","0.3870","0.11500","8.229","124467740076",15605,"192.2260",25533,"44.551","0.621",519277,"15.227"
"2020-04-06","7082.000",810611,412574,280342,"0.1050","5381429402","0.5300","0.20900","11.250","129663304013",27485,"355.5030",32118,"52.402","1.296",665230,"15.203"
"2020-04-07","7310.000",776351,442713,312602,"0.1480","6622833826","0.5920","0.25800","8.571","133856612072",27454,"311.3560",32171,"53.456","1.192",865931,"15.213"
"2020-04-08","7280.000",808443,413164,285811,"0.1200","3753647455","0.5760","0.26500","10.070","133311792521",19290,"298.9140",30033,"48.441","1.251",677097,"15.227"
"2020-04-09","7286.000",806742,410400,286552,"0.1300","6108645220","0.5920","0.28600","9.351","133447861190",28007,"286.3690",29133,"47.205","1.196",627165,"15.195"
"2020-04-10","6980.000",632418,417947,288422,"0.1230","4009322926","0.5030","0.22400","8.834","127854787322",26306,"275.1900",28128,"50.983","1.010",645785,"15.116"
"2020-04-11","6846.000",555305,361143,247693,"0.1160","2620878650","0.3800","0.11800","9.057","125409026141",16775,"205.0820",22432,"45.082","0.688",548928,"15.124"
"2020-04-12","6946.000",559686,335115,228376,"0.1140","2233462672","0.3910","0.11400","9.412","127261198230",14974,"201.5030",23749,"45.316","0.669",518495,"15.122"
"2020-04-13","6745.000",641339,421674,287942,"0.1260","3721527636","0.3920","0.11200","8.421","123592087813",23038,"244.8120",26814,"48.813","0.778",665661,"14.988"
"2020-04-14","6874.000",697048,455108,299223,"0.1130","3298985435","0.5160","0.20200","8.571","125965252514",17710,"309.8210",31671,"46.552","1.059",679385,"14.986"
"2020-04-15","6793.000",757514,472812,310084,"0.1220","4191462061","0.5820","0.28900","8.521","124502726581",19184,"292.6200",28889,"45.990","1.242",824352,"15.006"
"2020-04-16","6893.000",781045,485364,322749,"0.1120","5244755690","0.6120","0.28400","9.351","126338638167",23647,"322.2350",30583,"49.156","1.467",744916,"14.993"
"2020-04-17","7074.000",875101,443983,284095,"0.1110","4225980413","0.6360","0.29700","11.339","129673737099",23514,"353.7060",28790,"44.944","1.584",725801,"14.966"
"2020-04-18","7129.000",747834,425851,288976,"0.1360","2646181233","0.4750","0.22400","9.114","130700178863",15082,"230.9870",25279,"44.827","0.966",760354,"14.986"
"2020-04-19","7157.000",623084,363580,251832,"0.1210","2429847548","0.4430","0.17900","9.474","131227372161",15509,"207.6000",25819,"44.137","0.813",627225,"14.983"
"2020-04-20","7047.000",744334,466295,310649,"0.1250","3713673033","0.4990","0.21300","8.944","129226347261",19006,"300.1090",34822,"45.281","1.081",688729,"14.972"
"2020-04-21","6863.000",769323,466252,310702,"0.1090","3680922937","0.5160","0.23300","9.664","125851561864",17852,"296.0430",32492,"46.092","1.240",711101,"14.969"
"2020-04-22","6986.000",731649,439284,278624,"0.0962","3905192113","0.6360","0.33200","10.992","128131947450",21692,"375.1710",30981,"44.661","1.527",633912,"14.925"
"2020-04-23","7272.000",902179,508565,328903,"0.1280","4617186905","0.9090","0.44400","10.141","133374586760",20401,"384.6330",35498,"49.250","2.265",851626,"14.951"
"2020-04-24","7519.000",906783,492259,319911,"0.1190","6649281304","0.8710","0.48500","10.000","137925178767",29699,"384.0030",32567,"50.524","2.018",775084,"14.954"
"2020-04-25","7541.000",918040,424326,280669,"0.1250","2933388198","0.7470","0.39300","10.588","138333762218",16418,"297.7040",33355,"49.288","1.611",707800,"14.933"
"2020-04-26","7583.000",806036,379500,252696,"0.1160","2626664066","0.6230","0.30600","10.511","139133156622",15669,"266.1290",33495,"49.343","1.198",631761,"14.940"
"2020-04-27","7705.000",855411,490304,311076,"0.1250","4525920365","0.6950","0.34600","10.213","141375061907",25597,"373.4370",39379,"50.303","1.569",744993,"14.874"
"2020-04-28","7726.000",843779,500972,323321,"0.1270","4382068690","0.6640","0.34500","9.351","141779425924",21013,"342.9680",41546,"49.153","1.424",844626,"14.879"
"2020-04-29","8198.000",860861,524645,331256,"0.1280","8528863937","1.2800","0.60800","9.931","150462696002",44434,"448.9430",48269,"68.683","2.776",751831,"14.749"
"2020-04-30","8883.000",898567,523530,321837,"0.1540","8731451225","2.9440","1.62600","10.667","163040935238",55772,"571.1620",50532,"79.379","5.948",769015,"14.721"
"2020-05-01","8777.000",905003,519629,340433,"0.1480","5715430837","2.8410","1.73800","10.213","161113605033",27705,"418.2800",40443,"63.085","5.887",785016,"14.799"
"2020-05-02","8854.000",875150,437648,286625,"0.1400","3397708590","2.1080","1.32800","9.730","162546428059",16975,"352.4300",42783,"58.492","3.559",888955,"14.829"
"2020-05-03","8973.000",822519,417793,281584,"0.1500","3671522570","1.8250","1.07100","8.571","164735817379",23192,"303.4470",43879,"59.640","2.657",794461,"14.805"
"2020-05-04","8780.000",776603,500484,325940,"0.1410","5236732505","1.8060","1.05900","9.114","161218083849",24572,"395.2680",43373,"57.634","3.285",741037,"14.814"
"2020-05-05","8904.000",858329,500452,328917,"0.1480","4640569701","1.9460","1.07400","9.114","163509195188",29486,"410.7960",50889,"56.579","3.514",802762,"14.855"
"2020-05-06","9109.000",852617,507875,333241,"0.1400","5800191084","1.8740","0.96800","9.351","167297588384",27809,"465.7870",55866,"65.118","3.440",844420,"14.796"
"2020-05-07","9445.000",893309,528640,341839,"0.1570","7237451320","2.4400","1.32300","9.796","173480603436",36406,"504.3860",59654,"77.727","4.588",877953,"14.786"
"2020-05-08","9917.000",896933,501062,323488,"0.1550","8699920440","3.1910","1.77100","10.511","182174556236",40620,"556.3550",53749,"86.516","5.733",810739,"14.786"
"2020-05-09","9724.000",890859,465203,312263,"0.1610","6489723949","2.7110","1.62400","10.588","178636998419",36433,"394.7100",42273,"75.895","4.874",755506,"14.765"
"2020-05-10","8697.000",908005,420607,286619,"0.1520","4327274265","1.9200","1.14700","8.471","159784664127",24364,"404.4830",41923,"98.136","2.893",720425,"14.764"
"2020-05-11","8704.000",875623,479368,305682,"0.1200","6134372405","2.5230","1.49500","9.172","159944221152",33130,"446.9610",82838,"114.652","4.663",848483,"14.742"
"2020-05-12","8775.000",904642,512215,345069,"0.0761","7347762137","2.7920","1.79700","9.863","161241373010",30633,"440.4220",60453,"85.017","10.746",812978,"14.765"
"2020-05-13","9039.000",899165,452845,296677,"0.0742","7310157042","3.3170","2.08400","12.101","166113044698",33844,"507.1650",46507,"70.908","12.773",750373,"14.707"
"2020-05-14","9523.000",890126,428603,268636,"0.0937","5766539936","5.1610","2.78100","12.632","175016501940",40339,"606.2850",48588,"71.429","16.973",718874,"14.713"
"2020-05-15","9519.000",885901,474818,310517,"0.0881","5678998445","4.9590","2.93000","11.520","174945962081",30776,"543.5570",38102,"62.760","17.161",776586,"14.719"
"2020-05-16","9407.000",889135,428573,296429,"0.0816","3505298659","3.4370","1.99800","11.429","172895670608",18651,"309.9330",40293,"57.232","12.096",747031,"14.741"
"2020-05-17","9623.000",888836,359765,236706,"0.0829","2958469633","4.0920","2.38900","14.118","176865851702",23870,"403.5780",33797,"59.115","13.641",590963,"14.743"
"2020-05-18","9728.000",870173,432012,273595,"0.0951","5574785522","5.8280","3.29800","11.250","178812348678",37769,"489.1730",38987,"58.950","17.011",846460,"14.715"
"2020-05-19","9680.000",886879,435345,274782,"0.0949","5438802406","6.4240","3.65300","12.522","177926606438",41432,"521.2300",31927,"53.900","20.243",729189,"14.694"
"2020-05-20","9677.000",888679,446675,279922,"0.1010","6515116826","6.6470","3.91500","12.522","177882661726",37498,"543.8130",33468,"54.154","21.113",717117,"14.701"
"2020-05-21","9302.000",899406,471548,298352,"0.1010","6540010956","6.2830","3.66400","10.992","171002006260",30565,"486.0580",36198,"57.513","19.757",747958,"14.700"
"2020-05-22","9137.000",899006,436124,278673,"0.0832","4987540292","5.2020","3.21400","12.973","167977421951",32343,"520.2310",46283,"52.563","18.617",704361,"14.691"
"2020-05-23","9216.000",905065,417286,269111,"0.0934","3082410514","3.7000","1.87500","12.101","169436883181",19017,"345.2880",27771,"46.615","12.688",710316,"14.695"
"2020-05-24","9139.000",860402,342635,214414,"0.0780","3838491997","3.1300","1.41500","12.414","168022833823",25370,"380.7390",30235,"48.623","9.202",708123,"14.701"
"2020-05-25","8829.000",904878,429701,265750,"0.0846","7327844815","3.0690","1.64600","11.520","162333431503",36509,"465.0890",34450,"53.184","10.578",753026,"14.660"
"2020-05-26","8872.000",884803,481610,295658,"0.0861","4377785888","2.4150","1.24800","11.613","163115373941",28565,"443.5760",30190,"49.349","9.411",718669,"14.662"
"2020-05-27","9033.000",873869,477142,292789,"0.0850","5350187059","2.4030","1.16500","10.435","166084735090",34114,"468.9080",34046,"47.745","8.287",816398,"14.680"
"2020-05-28","9320.000",904127,489617,299779,"0.0828","4726798263","2.7470","1.44100","10.992","171385595214",26071,"478.5560",38537,"47.352","9.743",475802,"14.685"
"2020-05-29","9463.000",897274,471533,280833,"0.0819","6496293776","3.1710","1.79600","11.339","174017958194",35277,"492.0350",34052,"46.523","10.604",761997,"14.726"
"2020-05-30","9510.000",848445,443416,285890,"0.0944","3372631774","2.2760","0.98300","9.231","174892848727",19509,"308.7380",29372,"44.373","6.562",807900,"14.720"
"2020-05-31","9558.000",682317,391250,258277,"0.0818","5145721924","2.2580","0.84700","9.600","175775788608",27831,"271.6360",28806,"44.115","6.115",695072,"14.714"
"2020-06-01","9581.000",881565,490250,308178,"0.0892","7013213143","2.4790","1.34200","10.746","176204578639",38943,"466.3770",34801,"44.536","8.696",707233,"14.757"
"2020-06-02","9894.000",891414,500066,303985,"0.0848","8305222319","3.1870","1.59000","11.163","181966804737",50950,"619.1740",48257,"61.688","10.835",764540,"14.801"
"2020-06-03","9561.000",884404,503245,313861,"0.0904","4864843436","2.5030","1.31800","10.360","175860035829",34373,"477.0170",32772,"48.434","8.644",819666,"14.777"
"2020-06-04","9710.000",865289,494051,318134,"0.0908","5822876671","1.9040","1.11300","9.536","178607530660",35152,"471.7320",33808,"46.430","6.203",767771,"14.770"
"2020-06-05","9760.000",704904,510315,326903,"0.1010","6205984296","1.6720","0.84800","8.045","179546593496",31655,"418.5060",31415,"45.043","4.769",771979,"14.783"
"2020-06-06","9656.000",547633,439318,284677,"0.0966","2883146436","1.0830","0.42200","7.347","177637293526",16888,"272.5960",26066,"41.290","2.542",698699,"14.784"
"2020-06-07","9644.000",607480,386045,252209,"0.0778","2771547713","1.0070","0.36200","9.057","177434701423",17253,"260.2970",26035,"43.126","2.583",594728,"14.778"
"2020-06-08","9733.000",777737,495532,317113,"0.0980","5442084564","1.2810","0.63900","8.889","179073078222",30168,"400.5340",30802,"42.746","3.960",745975,"14.770"
"2020-06-09","9719.000",806073,516671,326914,"0.0906","4690924672","1.0460","0.51500","9.000","178829877583",26109,"452.4240",33586,"43.015","3.400",794706,"14.723"
"2020-06-10","9793.000",744537,519367,324999,"0.0894","4491690807","1.1570","0.51100","8.780","180206308966",36009,"450.5420",35740,"44.014","3.612",755410,"14.713"
"2020-06-11","9659.000",842674,534703,332305,"0.1030","6647776923","1.1220","0.51700","7.784","177736520602",29079,"443.5080",34444,"48.039","3.232",907646,"14.740"
"2020-06-12","9427.000",824401,505862,318111,"0.0840","4516709764","0.8870","0.41500","8.834","173477420976",24573,"440.7260",34530,"43.606","2.854",798829,"14.723"
"2020-06-13","9444.000",688105,425916,280023,"0.0806","2800748145","0.7110","0.31200","9.114","173808341495",19603,"299.4940",30524,"40.009","2.092",721373,"14.715"
"2020-06-14","9425.000",564965,398091,275553,"0.0938","2414647440","0.5570","0.20500","8.471","173467374554",16374,"219.2320",24592,"39.614","1.512",578607,"14.708"
"2020-06-15","9261.000",807918,482334,294330,"0.0781","6026440586","1.0760","0.50500","10.435","170461790261",31770,"463.0680",28560,"44.356","3.814",730418,"14.699"
"2020-06-16","9500.000",863042,537659,340367,"0.0881","5905972490","1.4120","0.80200","9.600","174868953287",37771,"463.3380",28992,"42.183","5.123",876558,"14.700"
"2020-06-17","9462.000",904290,530088,333409,"0.0836","5882018346","1.3560","0.78000","10.435","174176439588",26537,"470.8100",23559,"40.000","5.252",796031,"14.698"
"2020-06-18","9429.000",842541,461092,280480,"0.0685","5081904673","1.4820","0.82000","11.707","173579766270",26088,"502.8490",23904,"39.830","5.426",768279,"14.635"
"2020-06-19","9356.000",903056,547672,347293,"0.0873","9869425318","1.3540","0.82300","10.070","172236220766",39242,"468.5010",29522,"37.592","5.328",836622,"14.446"
"2020-06-20","9330.000",761289,443292,283986,"0.0755","2954249140","0.9860","0.54800","10.511","171773968858",17870,"319.3870",26154,"36.604","3.388",648105,"14.452"
"2020-06-21","9371.000",679600,381429,259294,"0.0788","2510620126","0.9030","0.36900","9.863","172519751013",17163,"262.1950",26333,"34.746","2.666",613430,"14.454"
"2020-06-22","9490.000",780465,487724,301253,"0.0745","4933624507","1.1390","0.54600","10.070","174726635123",30296,"496.0030",33399,"40.130","3.890",688844,"14.461"
"2020-06-23","9649.000",895500,560027,355098,"0.0878","6848790460","1.2450","0.63500","9.114","177672753063",36748,"498.3140",34373,"41.267","4.435",910327,"14.441"
"2020-06-24","9468.000",898895,499565,312182,"0.0734","5624810125","1.2850","0.68900","10.360","174341456775",39762,"477.5600",32446,"39.895","4.651",814458,"14.445"
"2020-06-25","9261.000",897169,507032,312042,"0.0755","6884696390","1.1900","0.64000","10.213","170534369683",35228,"496.5230",31154,"39.610","4.352",772171,"14.433"
"2020-06-26","9219.000",798393,520637,330217,"0.0862","6906646605","0.9500","0.47900","8.780","169781070260",34140,"458.0820",30758,"38.821","3.216",807953,"14.438"
"2020-06-27","9143.000",748876,439269,275351,"0.0661","2910064577","0.7770","0.38700","10.435","168388229958",19184,"366.8680",28444,"38.591","2.643",676287,"14.383"
"2020-06-28","9087.000",628169,406696,264759,"0.0751","2807735374","0.6760","0.31600","9.600","167353529920",23426,"297.9330",28965,"40.277","2.059",604225,"14.386"
"2020-06-29","9150.000",827929,506008,315279,"0.0754","4549037989","0.9690","0.45000","9.931","168521784969",29388,"475.2090",32380,"38.495","3.556",805381,"14.381"
"2020-06-30","9182.000",824312,503424,299586,"0.0716","4988673906","1.3170","0.62300","9.796","169127749205",33617,"509.3940",28895,"39.109","4.470",806161,"14.357"
"2020-07-01","9224.000",899352,606788,382408,"0.0862","5610593403","1.5150","0.87500","8.889","169903950808",26154,"498.1900",26910,"38.131","5.845",916940,"14.345"
"2020-07-02","9203.000",788620,540829,339305,"0.0759","5319273386","1.5190","0.91900","8.780","169523435453",27935,"483.6490",26683,"37.872","5.184",801504,"14.371"
"2020-07-03","9125.000",792354,531384,330846,"0.0783","4930431962","1.4830","0.85800","8.834","168105011364",26773,"480.4400",25726,"37.411","5.017",785330,"14.369"
"2020-07-04","9137.000",705727,448237,288490,"0.0712","3214133647","1.0090","0.54100","9.172","168329821485",21393,"332.3960",24368,"35.723","3.147",705158,"14.374"
"2020-07-05","9110.000",641281,407794,273941,"0.0775","2686841468","0.8350","0.39400","8.834","167849390865",19929,"286.1820",20039,"35.716","2.407",650918,"14.384"
"2020-07-06","9244.000",856090,540461,338613,"0.0754","5229561198","1.0080","0.47400","9.351","170319230678",31628,"479.8250",27694,"37.831","3.695",840405,"14.337"
"2020-07-07","9300.000",779012,566916,345814,"0.0740","5113726397","1.0950","0.56500","8.944","171360477607",26658,"505.5420",22547,"37.447","3.892",830868,"14.342"
"2020-07-08","9374.000",872247,566523,347304,"0.0785","5879105672","1.2870","0.66000","9.536","172729580563",29358,"542.7890",22723,"38.951","4.812",902450,"14.308"
"2020-07-09","9362.000",880465,570811,362554,"0.0806","5431125393","1.4220","0.76200","8.780","172528330153",25182,"492.7290",24645,"38.551","5.102",889601,"14.330"
"2020-07-10","9236.000",828111,549186,345835,"0.0762","5013438671","1.2930","0.71200","8.944","170207260619",25867,"496.2050",24965,"37.599","4.593",843602,"14.335"
"2020-07-11","9279.000",749483,474730,306615,"0.0761","2993884818","0.9900","0.50300","9.231","171018489204",18552,"352.7100",22288,"34.740","3.247",546674,"14.344"
"2020-07-12","9292.000",672474,414306,282212,"0.0785","3780963340","0.8090","0.41000","9.474","171260500431",22309,"289.1500",19664,"35.052","2.524",652722,"14.345"
"2020-07-13","9316.000",772702,497226,310080,"0.0662","7737106831","1.2290","0.65300","9.796","171717170551",36744,"540.8600",25309,"36.787","4.266",799262,"14.350"
"2020-07-14","9252.000",911747,574595,359703,"0.0761","5205961400","1.6190","0.89800","10.000","170550416278",23399,"552.3910",35940,"38.970","6.540",868418,"14.349"
"2020-07-15","9258.000",893744,532797,315926,"0.0646","5127115613","1.8850","1.08500","10.435","170661139954",24408,"563.3810",54174,"44.359","6.943",843853,"14.338"
"2020-07-16","9169.000",905989,559368,345713,"0.0723","5191173949","2.0730","1.22800","10.588","169027038310",26092,"600.2700",56131,"52.875","8.424",861762,"14.325"
"2020-07-17","9169.000",910122,502032,293789,"0.0692","4892732893","2.4130","1.37100","12.203","169035183132",26467,"621.9380",24865,"41.070","9.491",721499,"14.326"
"2020-07-18","9201.000",895947,493813,310892,"0.0774","3373013352","2.2580","1.28400","11.077","169623238019",19519,"484.8950",0,"56.294","8.589",742062,"14.327"
"2020-07-19","9198.000",887342,428131,276962,"0.0706","3029475225","1.5270","0.91800","10.992","169578840440",21604,"395.7310",18893,"36.587","5.318",770877,"14.342"
"2020-07-20","9220.000",883336,513747,309606,"0.0720","4754410193","2.3400","1.50000","10.213","170000766571",27057,"554.9800",24912,"34.451","8.191",794094,"14.324"
"2020-07-21","9342.000",880129,532836,312746,"0.0724","5277693473","3.0550","1.86100","11.520","172255551079",26577,"643.2060",27374,"38.189","11.581",811485,"14.323"
"2020-07-22","9397.000",902166,601999,364648,"0.0861","5801680835","3.6920","2.26500","10.000","173270536736",24581,"592.1620",25069,"38.561","13.738",884585,"14.321"
"2020-07-23","9561.000",900189,560143,336109,"0.0798","5778967000","3.8410","2.38700","10.588","176318184157",28886,"600.4250",27632,"41.228","13.711",837690,"14.313"
"2020-07-24","9565.000",893581,588571,369271,"0.0861","5141876914","3.2220","1.97500","8.944","176385772215",26792,"504.0910",27407,"40.601","11.005",852539,"14.307"
"2020-07-25","9627.000",865433,485144,293741,"0.0674","3880204123","2.9180","1.79700","10.141","177541485247",25927,"505.9730",27808,"42.409","9.123",853513,"14.310"
"2020-07-26","9836.000",858342,468493,298422,"0.0811","3928612175","2.5210","1.51100","9.114","181412976550",24036,"439.9150",30432,"49.969","7.192",865392,"14.320"
"2020-07-27","10423.000",894221,541531,326620,"0.0812","7815245572","3.8650","2.13000","9.664","192251999553",39521,"725.2380",51139,"72.301","11.514",912290,"14.347"
"2020-07-28","10988.000",895513,586626,354597,"0.0983","8208681477","5.8120","3.21200","9.931","202681447362",39327,"720.9770",45495,"75.170","17.154",908289,"14.358"
"2020-07-29","11098.000",894944,567683,346373,"0.0951","6785481393","5.5960","3.41800","9.730","204712143145",36240,"579.6950",33785,"61.730","15.887",948418,"14.372"
"2020-07-30","11039.000",882785,553015,327654,"0.0961","7143387276","6.0630","3.69200","10.667","203642069680",35200,"604.6700",32625,"55.234","17.585",838666,"14.371"
"2020-07-31","11199.000",880903,584979,356753,"0.1090","6823461600","5.3880","3.11300","9.412","206594396773",31813,"537.2110",30055,"55.727","15.224",888126,"14.369"
"2020-08-01","11595.000",873101,503732,296568,"0.0947","5701683612","5.0140","3.06400","10.511","213912067651",33780,"572.7360",39913,"67.237","13.032",758860,"14.368"
"2020-08-02","11342.000",880469,480263,287728,"0.0958","4708545727","4.2040","2.42000","10.213","209251732962",31259,"452.2690",33109,"70.097","10.799",816058,"14.369"
"2020-08-03","11258.000",864724,561473,333591,"0.1030","7759212519","4.3930","2.39800","8.889","207715954615",38148,"527.9150",29874,"59.034","11.396",930491,"14.329"
"2020-08-04","11252.000",894510,557671,328887,"0.0867","6304603734","3.8110","2.08500","9.931","207614451239",33953,"552.6040",29318,"53.183","10.951",802726,"14.339"
"2020-08-05","11461.000",908988,530108,291685,"0.0920","5785900723","5.3510","3.08300","11.163","211489077603",39008,"657.0800",38033,"55.401","14.455",822082,"14.357"
"2020-08-06","11757.000",897522,615262,356456,"0.1160","8611294724","6.4720","3.63000","9.231","216952792092",39371,"573.3770",38775,"58.529","16.760",971488,"14.330"
"2020-08-07","11719.000",880062,558058,326347,"0.0970","7619635042","4.9270","2.83500","9.474","216260223235",36695,"512.3560",37514,"54.507","12.625",933072,"14.312"
"2020-08-08","11683.000",888983,476367,283489,"0.0918","4805143494","3.2530","1.40200","10.141","215602771286",33162,"463.2890",29019,"50.833","8.172",812977,"14.269"
"2020-08-09","11675.000",808054,437904,268246,"0.0979","4419296501","2.7280","0.86500","9.231","215475847859",30358,"406.1950",25986,"49.958","6.043",796785,"14.269"
"2020-08-10","11895.000",873045,548986,308230,"0.0978","7393375059","5.1580","2.94600","10.511","219537984590",39503,"663.7280",35606,"55.928","13.508",805028,"14.259"
"2020-08-11","11640.000",877228,591360,349798,"0.1040","7367134283","5.0470","2.92500","9.351","214842877493",34666,"578.7420",33567,"54.347","13.619",946208,"14.267"
"2020-08-12","11466.000",898198,577289,346248,"0.0976","7725462277","4.1400","2.63800","9.172","211641213544",32295,"530.7160",35237,"48.922","11.307",881466,"14.262"
"2020-08-13","11553.000",844873,543231,325199,"0.0884","6995322128","3.8750","2.31100","9.796","213264905895",32217,"544.6400",30485,"48.026","10.616",811490,"14.262"
"2020-08-14","11755.000",867820,592828,365512,"0.1040","8662170206","3.4270","1.97500","8.623","217013967159",46280,"491.7530",38124,"48.371","9.267",918412,"14.228"
"2020-08-15","11879.000",861068,527434,313604,"0.0904","5846999539","2.5570","1.18800","9.231","219312890103",54214,"403.9420",39156,"47.551","6.479",852476,"14.239"
"2020-08-16","11854.000",750867,451175,284917,"0.0895","5504319981","2.5160","1.04300","9.474","218863693857",75655,"344.0640",29007,"47.118","5.987",792425,"14.237"
"2020-08-17","12053.000",863322,514659,292819,"0.0887","8571052500","3.3630","2.14400","11.520","222545391820",120929,"609.5950",40655,"56.299","9.472",784755,"14.181"
"2020-08-18","12170.000",907079,572676,345896,"0.1140","8714216837","5.5640","3.16300","10.286","224718196002",73047,"662.6250",38262,"53.568","15.311",841105,"14.243"
"2020-08-19","11803.000",890407,550412,333741,"0.1040","7255498914","5.2200","3.38800","10.435","217955703502",66718,"577.1150",36164,"50.503","14.616",851925,"14.252"
"2020-08-20","11801.000",891515,556140,333537,"0.0989","6986588325","4.6220","2.81200","9.863","217916447129",65286,"525.6260",33256,"46.182","12.529",839625,"14.253"
"2020-08-21","11753.000",874902,535698,314142,"0.1010","6243266389","5.0920","2.80700","9.290","217046390696",55923,"576.0450",34177,"46.462","12.324",920527,"14.262"
"2020-08-22","11563.000",892143,506421,311563,"0.0923","4395409504","3.4700","2.00000","10.588","213549387226",50379,"492.4470",27846,"43.095","9.914",802864,"14.256"
"2020-08-23","11628.000",830841,445911,288571,"0.0962","3484332160","2.3820","0.65600","9.172","214756768524",55221,"345.8280",28557,"41.360","5.684",815973,"14.255"
"2020-08-24","11740.000",821220,537783,328984,"0.0901","6024843623","2.8000","1.58700","9.664","216839314360",66493,"506.3880",32820,"42.937","7.773",784169,"14.257"
"2020-08-25","11521.000",881769,542856,304281,"0.0823","6663594313","3.4080","2.01400","11.250","212799921162",61186,"596.8620",36405,"44.891","10.117",815578,"14.258"
"2020-08-26","11410.000",888127,551865,324042,"0.0934","6513114669","3.8190","2.24100","10.141","210756844161",68558,"530.2300",31857,"42.291","10.895",943784,"14.257"
"2020-08-27","11355.000",898423,552100,328028,"0.0945","6791185986","4.2540","2.61000","11.163","209757902012",69669,"615.4840",32432,"41.518","13.232",788185,"14.255"
"2020-08-28","11445.000",889340,565359,352559,"0.0999","6628356661","3.3540","1.96200","8.834","211423010156",70266,"528.2300",34517,"41.056","9.213",941567,"14.209"
"2020-08-29","11513.000",870508,485951,292637,"0.0803","4742500324","2.5910","1.37900","9.863","212701193591",68875,"457.2320",26986,"37.922","6.734",856827,"14.243"
"2020-08-30","11614.000",888843,432638,268987,"0.0866","4514146807","2.7680","1.49300","11.339","214562638847",75665,"441.4010",27893,"38.403","7.476",703435,"14.250"
"2020-08-31","11689.000",825121,527267,302770,"0.0939","7926544413","3.5340","2.11100","9.600","215976814033",104127,"652.4020",29068,"39.688","8.899",816136,"14.259"
"2020-09-01","11872.000",906880,639045,376354,"0.1030","7556864439","3.9720","2.45800","9.351","219352180508",83669,"606.6630",35393,"43.226","11.575",945372,"14.289"
"2020-09-02","11587.000",900233,573033,317305,"0.0884","7929588868","4.6570","2.61900","10.000","214109527728",84189,"633.7760",32608,"46.275","12.416",891892,"14.255"
"2020-09-03","11059.000",899730,557818,310793,"0.0906","7878571517","4.7790","2.78700","11.163","204352793901",97519,"719.8890",37151,"49.728","14.285",822128,"14.195"
"2020-09-04","10393.000",878502,551428,298151,"0.0863","8661103516","5.4190","2.91300","10.667","192063594662",92515,"741.1970",34973,"51.803","15.565",852193,"14.140"
"2020-09-05","10279.000",896727,545528,325382,"0.0878","4971436775","3.7870","2.22900","10.213","189964779597",76693,"470.5030",28115,"47.695","11.980",831564,"14.163"
"2020-09-06","10205.000",857719,438941,262670,"0.0789","3586889914","2.7480","1.30100","9.600","188596818095",89112,"382.6120",23088,"44.198","7.020",854199,"14.187"
"2020-09-07","10164.000",836390,535420,327487,"0.0898","5812466099","3.0020","1.35400","8.229","187851038999",92635,"460.2640",30832,"43.951","8.128",965552,"14.217"
"2020-09-08","10156.000",826554,563843,332513,"0.0730","5551269667","2.5680","1.35300","9.290","187720733072",82534,"506.7820",28540,"43.100","7.988",823200,"14.236"
"2020-09-09","10189.000",823343,555216,314715,"0.0748","5428378313","2.8880","1.65500","9.664","188345775932",103210,"529.2230",30051,"40.810","8.745",845439,"14.254"
"2020-09-10","10344.000",878696,602295,345823,"0.0938","5593053181","3.3020","1.87700","9.114","191212836343",104460,"515.0620",29885,"39.785","10.059",947656,"14.265"
"2020-09-11","10309.000",888771,551630,308185,"0.0751","6005836607","3.1830","1.79700","10.435","190578160185",104683,"573.4720",30008,"38.103","9.941",825024,"14.207"
"2020-09-12","10379.000",721047,486187,299982,"0.0857","3738902414","2.0110","0.95600","8.471","191886169369",89706,"355.8910",27451,"35.711","5.189",796589,"14.167"
"2020-09-13","10404.000",626162,430868,254948,"0.0732","3710835424","2.0030","0.66800","8.889","192347852723",106877,"343.5730",27955,"36.396","4.626",673520,"14.172"
"2020-09-14","10512.000",780340,578341,353844,"0.0865","5809751394","2.2420","1.15900","8.182","194356724925",82030,"482.2960",29947,"37.744","6.424",898739,"14.144"
"2020-09-15","10778.000",846470,578701,332801,"0.0822","6357192084","2.4980","1.29800","9.231","199285577931",92591,"566.8500",34641,"39.944","7.334",848665,"14.053"
"2020-09-16","10900.000",886535,594979,342454,"0.0824","6278179732","2.4720","1.26200","9.290","201547953163",97064,"543.1780",35407,"39.491","7.426",923732,"14.122"
"2020-09-17","10899.000",819078,590609,348403,"0.0898","5928512720","2.2200","1.12800","8.090","201552959607",129587,"484.4150",33417,"38.218","5.998",976062,"14.124"
"2020-09-18","10931.000",771348,546653,324992,"0.0802","6139617978","2.3350","1.18200","8.727","202160880212",127348,"508.0050",31357,"36.661","6.309",820499,"14.132"
"2020-09-19","11019.000",830432,489793,296208,"0.0810","3979291881","1.7690","0.88100","9.664","203782812289",106389,"434.2770",29151,"34.805","4.860",775507,"14.142"
"2020-09-20","10928.000",734765,427052,258953,"0.0734","3434692620","1.3930","0.52600","10.141","202110653934",99553,"311.7710",26571,"35.097","3.588",664741,"14.144"
"2020-09-21","10692.000",794072,519716,297460,"0.0714","5674123482","2.2040","1.10300","9.931","197754166575",124187,"530.0070",32418,"37.702","6.339",801452,"14.119"
"2020-09-22","10475.000",892435,549751,312860,"0.0713","6682513117","2.4830","1.37300","11.163","193755485601",93118,"585.1330",38132,"36.048","8.428",830723,"14.050"
"2020-09-23","10445.000",902232,580589,349796,"0.0833","7069671114","2.8700","1.65200","10.141","193213315272",79190,"524.0560",47367,"35.313","9.775",845049,"14.039"
"2020-09-24","10447.000",912138,551398,316415,"0.0688","7318143431","2.7240","1.45100","10.511","193253755643",79514,"596.8140",37643,"35.154","8.792",826585,"14.106"
"2020-09-25","10679.000",874333,586258,352901,"0.0819","6750477762","2.3350","1.26200","8.521","197569044455",85858,"507.7520",38495,"35.045","6.811",988014,"14.126"
"2020-09-26","10724.000",851999,465328,276012,"0.0720","3547974482","1.6150","0.80000","9.600","198396431817",92654,"451.1870",25955,"32.653","4.248",795826,"14.129"
"2020-09-27","10725.000",672981,424208,259230,"0.0713","3631114901","1.5550","0.74100","9.474","198439305719",85699,"355.3840",37113,"31.622","3.808",669148,"14.130"
"2020-09-28","10887.000",833841,505883,295347,"0.0657","5794975848","2.0910","1.20600","11.163","201441638895",84521,"563.7310",34219,"34.659","6.576",747089,"14.160"
"2020-09-29","10736.000",887832,601811,347555,"0.0799","6707071102","2.5630","1.44900","10.213","198656347837",79873,"566.8240",32020,"33.860","8.609",876458,"14.195"
"2020-09-30","10751.000",890138,604699,351261,"0.0827","6755979347","2.9080","1.63500","9.231","198944542672",73068,"533.1970",33290,"32.887","8.883",915637,"14.166"
"2020-10-01","10766.000",897836,551547,304633,"0.0711","6401126953","3.6060","2.13100","11.613","199220423983",69863,"642.4960",35755,"32.943","11.638",791886,"14.208"
"2020-10-02","10535.000",891446,546729,315307,"0.0805","8497470206","4.0930","2.27900","10.588","194956251160",90469,"643.5950",32092,"33.295","12.602",851569,"14.251"
"2020-10-03","10556.000",890195,498183,310704,"0.0739","4343373411","2.4430","1.28700","9.536","195356752112",73836,"400.1220",29374,"31.176","7.083",900713,"14.282"
"2020-10-04","10611.000",775088,431605,267861,"0.0765","3459190399","2.2120","0.89100","9.114","196382163166",74299,"337.6480",31026,"30.432","5.354",799521,"14.281"
"2020-10-05","10710.000",782458,505488,294846,"0.0732","5734342579","3.5700","2.17400","10.286","198230254749",74144,"551.0420",29324,"32.006","10.102",769146,"14.269"
"2020-10-06","10719.000",897822,556552,317792,"0.0720","5907062536","3.8220","2.45000","11.077","198409788888",73380,"593.6340",30843,"31.774","12.244",868868,"14.271"
"2020-10-07","10625.000",896524,612567,370403,"0.0864","6860207882","3.1890","1.96100","9.536","196670388529",60516,"495.9570",34215,"31.124","10.542",952270,"14.264"
"2020-10-08","10737.000",804278,555027,330065,"0.0771","6597943824","3.3550","2.04900","8.889","198756995533",65765,"515.3710",42037,"33.420","9.249",901444,"14.267"
"2020-10-09","10986.000",893664,561853,339201,"0.0801","7401990414","3.5880","2.24200","10.141","203375732948",89326,"543.1920",41653,"36.195","11.102",835611,"14.299"
"2020-10-10","11335.000",889449,486748,298343,"0.0795","5917124140","2.8820","1.63500","10.070","209854876189",70858,"453.4100",37385,"37.762","7.826",786581,"14.173"
"2020-10-11","11364.000",726736,415569,255956,"0.0759","4583836591","2.2750","1.05700","10.286","210405613490",94699,"344.5840",33070,"35.067","5.534",657480,"14.178"
"2020-10-12","11448.000",798676,511996,314025,"0.0827","6691586372","2.7290","1.55100","9.664","211970673065",79163,"511.1310",32811,"37.089","7.443",812638,"14.173"
"2020-10-13","11455.000",902632,558219,333049,"0.0855","6685258233","2.5480","1.43000","8.675","212112610518",78546,"516.7280",33789,"36.862","6.667",924999,"14.154"
"2020-10-14","11409.000",809980,528363,314392,"0.0731","5778563530","2.6510","1.59000","9.664","211259134456",87013,"539.6260",87570,"35.706","7.277",840657,"14.119"
"2020-10-15","11417.000",866696,573962,340842,"0.0837","6489377159","2.6220","1.38000","9.536","211424314881",88087,"532.8950",63222,"36.334","7.662",906967,"14.066"
"2020-10-16","11370.000",824367,550388,324492,"0.0791","6194040510","2.2480","1.22100","9.290","210561362783",82623,"540.1040",36596,"34.709","6.213",856994,"14.067"
"2020-10-17","11348.000",689813,444410,274912,"0.0732","3568242635","1.4630","0.59500","9.172","210174719284",99993,"405.3390",29771,"32.387","3.487",732478,"14.067"
"2020-10-18","11433.000",727313,387590,231437,"0.0637","3197952267","1.8010","0.93800","12.000","211757005706",105062,"417.8900",26901,"33.402","4.637",631855,"14.066"
"2020-10-19","11582.000",877971,516754,303804,"0.0830","7390778839","1.9280","1.05100","11.520","214523401323",130036,"588.0160",31375,"36.902","6.082",771862,"13.920"
"2020-10-20","11847.000",841756,540829,330419,"0.0815","6798592538","2.7510","1.57700","10.000","219427649022",150525,"588.3500",37581,"43.229","7.860",858805,"13.919"
"2020-10-21","12446.000",899159,515044,311162,"0.0884","8630623548","4.6660","2.61600","11.077","230547056912",152467,"695.0150",64870,"64.120","12.558",896346,"13.923"
"2020-10-22","12929.000",903450,564620,338950,"0.0985","9779640956","6.3690","3.59400","10.511","239498874386",154037,"713.3300",43790,"67.841","16.324",917803,"13.915"
"2020-10-23","12936.000",903493,528238,323738,"0.0987","8646038586","5.7550","3.36500","10.992","239639732083",109503,"612.0600",35777,"54.551","14.964",814030,"13.900"
"2020-10-24","13026.000",885590,468216,306622,"0.0914","5923420663","3.9870","1.63700","9.474","241312530924",78987,"401.6250",32175,"47.847","8.994",948245,"13.873"
"2020-10-25","13058.000",873666,379058,242156,"0.0792","5110145132","3.5190","1.74900","12.308","241929836157",88340,"465.3490",28445,"46.368","8.197",713541,"13.868"
"2020-10-26","13072.000",884770,394932,252384,"0.0895","7712799912","5.7640","3.60900","13.091","242188433433",146791,"731.1930",36554,"50.059","13.938",684411,"13.796"
"2020-10-27","13360.000",898418,407095,251839,"0.1110","7936846168","10.1980","5.66900","14.545","247531343929",132785,"947.8590",44889,"58.982","23.711",670055,"13.745"
"2020-10-28","13454.000",888910,422999,261240,"0.1130","9470942671","11.6730","6.88000","14.400","249277420651",137062,"905.6040",36385,"62.010","26.622",702641,"13.726"
"2020-10-29","13319.000",898690,466395,275962,"0.1160","7923941008","12.5120","7.40500","13.333","246799335823",117601,"781.7100",36808,"51.983","27.756",748561,"13.729"
"2020-10-30","13435.000",900122,469886,268253,"0.1160","7649947178","13.1390","7.71300","12.973","248942586301",117693,"728.9440",32806,"49.075","27.448",776502,"13.726"
"2020-10-31","13738.000",904920,444462,275683,"0.1290","6402113604","13.1570","7.47300","12.743","254568907163",84301,"609.7050",49308,"51.763","27.220",708615,"13.737"
"2020-11-01","13771.000",905359,431067,276155,"0.1070","5403808271","8.8680","3.62400","11.520","255190960574",106453,"468.1860",40439,"49.153","18.550",773189,"13.739"
"2020-11-02","13600.000",889497,414128,224514,"0.0957","8607186228","12.6890","7.34000","15.158","252042613279",155426,"858.6210",32602,"50.443","26.087",676186,"13.667"
"2020-11-03","13611.000",894631,568258,331533,"0.1570","13553195441","11.8770","6.98800","10.286","252248202046",131755,"623.2630",36459,"46.903","24.856",899431,"13.338"
"2020-11-04","13898.000",867418,553186,320538,"0.1300","8406253200","8.8900","3.55200","9.057","257580343743",88597,"537.2310",47315,"45.064","17.110",1004914,"13.286"
"2020-11-05","14706.000",886166,562857,318521,"0.1370","12288570660","12.0250","6.40400","9.796","272571557318",144276,"839.7290",60368,"71.034","22.095",886135,"13.274"
"2020-11-06","15578.000",890138,580499,340198,"0.1500","11539413325","10.9870","6.15300","9.412","288753610239",141425,"723.0790",47823,"78.601","20.066",900624,"13.306"
"2020-11-07","15354.000",878499,464754,270755,"0.1250","6855705714","7.6690","2.67000","9.863","284614900751",91389,"539.1540",33705,"63.441","12.913",940399,"13.311"
"2020-11-08","15193.000",874278,421584,242909,"0.1200","6383336693","5.9850","1.33700","10.435","281639994889",93716,"458.3970",30699,"58.847","9.992",795155,"13.279"
"2020-11-09","15382.000",867467,549101,326198,"0.1510","9488496136","6.7040","1.92400","7.784","285166335387",101043,"534.2070",35977,"64.083","10.954",1008916,"13.303"
"2020-11-10","15323.000",825819,534439,303123,"0.1190","9414597967","7.8270","3.46300","9.796","284091148987",109159,"643.7910",35104,"54.904","14.428",861118,"13.327"
"2020-11-11","15585.000",876342,554762,322130,"0.1330","8967999115","5.2780","2.67100","9.796","288949076795",100195,"596.2360",39657,"56.897","10.617",859137,"13.294"
"2020-11-12","15919.000",833967,556501,324695,"0.1380","9930069844","5.0420","2.38300","9.000","295157751958",96106,"606.2680",44220,"64.538","9.330",879364,"13.261"
"2020-11-13","16289.000",849962,528875,299901,"0.1210","9069822066","5.4620","2.45800","10.360","302039249786",85700,"663.7270",48337,"66.687","10.379",834547,"13.261"
"2020-11-14","16045.000",821040,475660,273369,"0.1250","5647692359","3.4720","1.30000","10.141","297523177768",111617,"484.1220",37293,"57.319","6.252",825901,"13.268"
"2020-11-15","16000.000",782377,431625,252565,"0.1320","5459464416","2.6880","0.71800","9.600","296705717687",101233,"394.1370",33836,"52.889","4.333",730343,"13.304"
"2020-11-16","16364.000",818483,533818,311317,"0.1310","8226066162","4.3870","2.03300","9.000","303468418075",190135,"624.8860",47177,"66.773","7.707",899318,"13.319"
"2020-11-17","17072.000",879107,596183,347615,"0.1330","10392720740","4.4470","2.60200","9.172","316616467403",148798,"678.8380",74813,"91.029","8.451",980026,"13.302"
"2020-11-18","17879.000",871947,619800,361838,"0.1440","12948023005","4.8250","2.50500","8.521","331614473155",144735,"680.6330",70679,"107.170","8.465",1028416,"13.298"
"2020-11-19","17839.000",888206,551137,310924,"0.1360","9215651017","5.4230","2.68200","10.511","330884140853",136414,"693.0310",43267,"84.864","9.945",888614,"13.284"
"2020-11-20","18323.000",873616,575731,347858,"0.1460","12577029912","4.0220","2.04300","8.571","339882390673",129524,"642.6360",47903,"90.373","6.782",996757,"13.258"
"2020-11-21","18706.000",763686,487394,311020,"0.1410","7633641191","2.8210","1.13300","8.521","346998182461",114639,"476.7910",45874,"91.099","4.254",849118,"13.270"
"2020-11-22","18429.000",620154,442309,270951,"0.1330","6327345356","2.1780","0.84000","8.276","341881934424",129720,"405.0640",43581,"80.737","2.862",759506,"13.243"
"2020-11-23","18442.000",803438,516673,297693,"0.1290","9191218601","3.5030","1.59200","9.796","342148676943",139125,"632.2510",47594,"83.140","5.801",867913,"13.250"
"2020-11-24","18848.000",898093,577976,333157,"0.1470","12088771430","4.8810","2.53800","10.588","349688000445",132706,"776.8380",78971,"111.375","9.219",902567,"13.199"
"2020-11-25","19064.000",895210,619471,361835,"0.1590","11340560324","5.1960","2.73400","9.290","353717448412",116536,"661.1040",46379,"103.341","9.243",972205,"13.214"
"2020-11-26","17408.000",890431,547517,323825,"0.1350","12892276106","5.5820","2.91900","9.600","323007637522",122744,"769.4520",53237,"119.680","9.975",986947,"13.225"
"2020-11-27","16995.000",894662,542931,322291,"0.1330","11370646114","4.4410","2.31700","9.351","315359554410",97912,"600.8440",44777,"85.364","8.049",965615,"13.342"
"2020-11-28","17316.000",882890,476906,293795,"0.1270","5974034884","3.3490","1.55800","9.351","321340963899",76433,"478.5230",37071,"73.524","5.577",919013,"13.341"
"2020-11-29","17994.000",731012,424950,263423,"0.1280","7491720717","2.7230","1.19500","9.600","333932519943",87098,"476.5600",33292,"70.163","4.081",717058,"13.365"
"2020-11-30","18902.000",891995,468440,256438,"0.1190","12185203005","5.3310","2.83600","12.743","350797019411",166109,"862.7220",66042,"99.248","9.292",749325,"13.351"
"2020-12-01","19276.000",906017,643210,377916,"0.1600","15106382639","7.4120","4.25900","9.474","357750178426",107053,"845.3040",60008,"99.988","13.271",1031232,"13.409"
"2020-12-02","18951.000",902713,581786,326888,"0.1470","9838858258","7.6210","4.37500","10.992","351731862259",97121,"691.8580",48309,"80.281","13.839",870866,"13.401"
"2020-12-03","19280.000",886299,590303,346764,"0.1520","9270887982","8.1060","4.54500","9.172","357870822837",84605,"622.3430",44375,"75.845","12.941",995706,"13.405"
"2020-12-04","19133.000",881962,556075,318750,"0.1360","11372176004","6.5290","3.56900","10.000","355156931781",114268,"628.4180",46085,"73.136","10.787",933071,"13.395"
"2020-12-05","19000.000",884096,481834,282455,"0.1290","6152729636","4.6850","2.15900","10.000","352692437107",102529,"494.9400",39802,"67.984","7.186",931274,"13.387"
"2020-12-06","19151.000",852724,426830,258488,"0.1370","5949622087","3.5860","1.50000","10.588","355521861692",98649,"480.6430",39953,"62.416","5.391",753794,"13.386"
"2020-12-07","19207.000",789558,513146,300756,"0.1320","8955966221","4.3720","2.30900","9.600","356578562352",99194,"638.8380",45372,"64.432","6.809",840417,"13.394"
"2020-12-08","18955.000",871672,561188,330826,"0.1340","9796034440","4.1360","2.16200","10.000","351920446456",92713,"591.1740",46222,"66.361","7.429",918517,"13.435"
"2020-12-09","18273.000",887075,566301,320940,"0.1330","9513894981","4.1250","2.11300","10.360","339266066947",111953,"635.3760",42250,"67.438","7.701",934549,"13.415"
"2020-12-10","18314.000",896062,549439,313519,"0.1310","12285573570","4.2540","2.19400","11.077","340043357954",114790,"599.0090",37279,"62.079","8.230",828419,"13.304"
"2020-12-11","17948.000",889584,544153,304597,"0.1230","8979084112","4.1540","1.97200","10.435","333258733065",83724,"623.8510",35891,"62.399","7.559",921991,"13.325"
"2020-12-12","18472.000",889491,487982,295278,"0.1280","7763168500","3.1650","1.57300","10.909","343009970491",88778,"502.7120",38898,"55.615","5.780",829507,"13.347"
"2020-12-13","19117.000",773797,447135,276004,"0.1400","8925961352","2.7180","1.19400","9.231","355014926629",114782,"494.1220",39491,"61.014","3.871",836088,"13.353"
"2020-12-14","19167.000",803565,527666,314205,"0.1310","10048459011","3.6130","1.91600","9.931","355952101851",126586,"606.2740",38737,"58.859","6.138",855678,"13.378"
"2020-12-15","19353.000",884225,543410,320300,"0.1380","11559439205","4.2330","2.16100","10.286","359418233760",130474,"662.4070",43739,"61.774","7.415",884337,"13.410"
"2020-12-16","20057.000",885813,551964,315074,"0.1450","15795410015","5.0860","2.71300","10.070","372509946621",172428,"751.1230",127155,"117.232","8.210",927577,"13.342"
"2020-12-17","22598.000",887968,553541,309352,"0.1820","19003195284","11.9070","6.40000","11.163","419735684885",182795,"1112.0000",120169,"192.788","16.822",908298,"13.317"
"2020-12-18","22874.000",899310,634230,375392,"0.1980","19646389426","11.9110","6.62000","9.172","424886318895",148373,"819.1130",67616,"130.392","16.617",1034114,"13.324"
"2020-12-19","23341.000",901252,531590,343378,"0.1770","10417708175","8.1550","4.22000","9.114","433566744499",113117,"577.8240",56872,"110.526","10.837",997317,"13.332"
"2020-12-20","23594.000",874789,446664,281892,"0.1600","8458459195","6.1530","2.40000","9.536","438289646038",110656,"504.6810",62679,"106.984","7.230",904131,"13.320"
"2020-12-21","23257.000",873350,480688,269698,"0.1740","13503724973","11.9490","5.84600","10.588","432055084132",150281,"918.7240",61296,"118.205","14.023",1002870,"13.331"
"2020-12-22","23084.000",897709,560460,324020,"0.1800","17047842782","9.4770","5.12500","10.070","428868192102",145329,"772.8340",45927,"99.304","12.961",991004,"13.344"
"2020-12-23","23562.000",898959,578372,338309,"0.1930","16942030061","9.9630","5.16500","9.351","437771380938",139646,"803.5420",43942,"94.045","12.944",943947,"13.314"
"2020-12-24","23307.000",908161,472583,269433,"0.1530","12593707842","9.2070","5.10900","11.429","433049203585",182903,"760.4050",42618,"82.386","11.911",822984,"13.311"
"2020-12-25","24013.000",893671,483033,303757,"0.1930","8972824867","7.3110","4.17900","10.000","446181741789",161471,"623.6680",49739,"99.072","9.323",886517,"13.319"
"2020-12-26","25252.000",870103,458612,273817,"0.1860","11060680731","6.4230","2.67700","10.511","469229850924",185614,"767.4620",72172,"139.954","7.525",802963,"13.323"
"2020-12-27","27061.000",896948,514047,308857,"0.2020","14853295006","8.0600","4.32700","9.730","502876483824",220244,"783.9550",88788,"183.153","9.050",941880,"13.375"
"2020-12-28","26978.000",891069,538901,308823,"0.2050","18788416695","8.6960","4.39000","9.000","501355786563",172956,"811.9770",59779,"146.046","9.057",1013140,"13.262"
"2020-12-29","26678.000",906078,581012,336159,"0.2090","18964680930","8.4010","4.38700","9.474","495803535895",146421,"789.2860",56236,"128.499","10.029",966765,"13.261"
"2020-12-30","28128.000",881822,601557,338086,"0.2060","20423990747","8.7480","4.69300","8.372","522787230190",144967,"836.2430",80886,"142.465","8.914",1077900,"13.237"
"2020-12-31","28876.000",897794,610371,344752,"0.2220","19012516943","9.5130","5.04000","8.675","536723362544",162863,"751.4240",68822,"144.616","9.871",1038604,"13.220"
"2021-01-01","29260.000",862928,447404,257931,"0.1910","14730352267","5.5520","1.91800","9.664","543882805825",181787,"598.9570",55480,"139.530","4.996",859815,"13.200"
"2021-01-02","30703.000",866347,513880,296960,"0.2300","20788944466","8.2400","4.32200","9.536","570728700500",223687,"933.6220",145059,"243.368","7.791",961594,"13.144"
"2021-01-03","33457.000",885239,576513,358958,"0.2530","18878146248","8.0550","4.16300","9.114","621947957425",206058,"737.0300",141596,"285.763","8.050",1015297,"13.295"
"2021-01-04","31858.000",891879,607660,373561,"0.2410","24056848569","9.2710","4.95100","8.324","592273631890",163866,"893.1830",82412,"235.192","9.139",1086071,"13.253"
"2021-01-05","32246.000",892167,603641,353934,"0.2350","21742333420","10.3280","5.56600","9.172","599505796101",201248,"831.2620",68133,"195.552","10.361",1031762,"13.329"
"2021-01-06","34854.000",900392,646393,397207,"0.2740","25977572456","11.2770","6.09000","8.136","648034978121",186932,"807.4170",86631,"222.708","10.412",1159867,"13.315"
"2021-01-07","38029.000",884662,634789,401576,"0.2810","33644558472","11.6390","6.61800","8.571","707107228048",261365,"1059.0000",125036,"320.982","10.483",1085501,"13.341"
"2021-01-08","39789.000",900016,598784,358378,"0.2930","33439833803","15.0410","8.36300","9.730","739869506200",279559,"1193.0000",113560,"326.105","12.779",1028435,"13.424"
"2021-01-09","40392.000",873049,527876,321250,"0.2800","20525212677","13.9010","7.24100","10.360","751119043944",241819,"795.9480",84725,"247.748","11.294",939856,"13.454"
"2021-01-10","39729.000",904148,530495,331706,"0.2810","20454697047","11.0130","5.64600","9.057","738824316064",215775,"754.5660",74964,"243.614","8.473",1004594,"13.470"
"2021-01-11","34315.000",885838,564813,333804,"0.2340","25502235431","13.8190","7.40000","9.351","638184159208",250597,"1182.0000",109316,"365.735","12.260",1016794,"13.435"
"2021-01-12","34860.000",881057,563323,336479,"0.2390","23249270039","17.0860","8.78500","9.730","648350935446",228942,"952.4630",83880,"273.205","15.137",1012517,"13.497"
"2021-01-13","34653.000",909883,549888,319015,"0.2480","20852571143","14.8360","7.56800","9.474","644524509047",193450,"855.4100",91811,"236.667","12.575",1022092,"13.513"
"2021-01-14","38495.000",881406,561369,338662,"0.2600","27632840556","16.0740","8.97000","9.796","716031682705",219840,"942.9190",106170,"240.816","13.344",990896,"13.588"
"2021-01-15","37496.000",884600,574484,343847,"0.2800","26292418050","16.0490","8.24900","9.290","697478706094",189178,"815.4800",70388,"212.533","13.194",1031438,"13.577"
"2021-01-16","36863.000",891606,505198,308314,"0.2290","15752925068","10.5800","5.32700","9.796","685739873854",203033,"641.3980",62189,"175.920","8.789",987275,"13.562"
"2021-01-17","35675.000",879911,433973,271741,"0.2430","13337911168","8.7060","4.14500","10.827","663671258596",187109,"630.3440",59161,"165.076","7.391",827141,"13.560"
"2021-01-18","36046.000",884254,512890,313671,"0.2340","17849641308","9.7290","5.48000","9.931","670595370544",205468,"838.2940",69189,"155.218","8.548",907480,"13.574"
"2021-01-19","36868.000",878644,554376,324934,"0.2540","25379289187","11.0670","6.13000","9.664","685922856163",239498,"863.6540",70173,"150.260","9.485",960625,"13.491"
"2021-01-20","35175.000",896405,560621,314668,"0.2300","24578795885","10.4750","5.72700","10.213","654460457834",227649,"791.4120",61204,"149.039","9.615",942868,"13.505"
"2021-01-21","32969.000",883624,544473,290625,"0.2350","20737066031","13.6340","6.82500","11.163","613453358456",250620,"980.9260",79347,"180.044","12.978",901497,"13.534"
"2021-01-22","31849.000",894616,570547,323727,"0.2110","17562720817","11.2770","6.17800","10.213","592637150824",196790,"785.0290",79570,"196.040","11.514",991335,"13.565"
"2021-01-23","32346.000",884614,531390,308120,"0.2400","11480671801","8.0580","4.13300","9.231","601912465768",171672,"550.6970",52802,"141.251","7.302",925527,"13.545"
"2021-01-24","32240.000",895871,451301,253832,"0.1840","8595271481","7.3100","3.22400","10.360","599973416594",192405,"550.7330",50983,"130.118","6.217",860994,"13.572"
"2021-01-25","33356.000",871356,551396,308962,"0.2270","15671387458","10.8700","5.39400","10.286","620759574654",249678,"833.9240",63766,"132.698","10.324",903873,"13.617"
"2021-01-26","32051.000",878139,562005,336774,"0.2160","16064540125","7.7810","4.14700","8.944","596513850313",162065,"646.6720",55828,"128.351","7.518",1021172,"13.659"
"2021-01-27","31173.000",902598,569752,323411,"0.2060","20577713225","8.0090","4.36000","10.141","580192445847",192242,"731.5710",60652,"138.327","8.565",895064,"13.602"
"2021-01-28","31756.000",892949,552561,325001,"0.2050","19448788528","8.3930","4.52100","9.931","591077512946",213082,"723.5030",84933,"141.191","8.662",963465,"13.563"
"2021-01-29","35032.000",885182,645925,340884,"0.2530","31502730286","17.2060","8.20600","9.474","652078893983",256129,"1017.0000",200783,"226.037","14.989",1070393,"13.544"
"2021-01-30","34058.000",897668,528180,312177,"0.2150","15771521578","15.1060","7.69700","10.588","633986608265",213434,"690.0140",93578,"159.379","14.013",907122,"13.590"
"2021-01-31","33452.000",885259,474151,290609,"0.2390","14459034441","11.5730","5.93800","10.000","622728732915",229107,"551.7780",68163,"137.955","10.053",906917,"13.559"
"2021-02-01","33701.000",883019,515443,277460,"0.2100","18988744231","15.5120","8.33000","12.101","627398526505",227453,"940.7050",91439,"136.247","14.660",865084,"13.570"
"2021-02-02","34689.000",888860,629499,367682,"0.2750","18554069093","14.0200","7.58700","9.412","645814900638",186519,"817.7770",80624,"125.947","13.455",1039618,"13.578"
"2021-02-03","36550.000",897618,596058,344275,"0.2380","18490772355","14.2520","8.23200","9.600","680502447749",219147,"895.0860",87809,"133.670","12.530",1037138,"13.556"
"2021-02-04","37530.000",894317,653539,367628,"0.2820","24720193595","17.0370","8.98200","9.000","698791262788",222573,"847.9830",76348,"141.373","14.307",1037257,"13.585"
"2021-02-05","37607.000",889176,612783,360372,"0.2610","24110806493","15.0110","8.01900","8.521","700268158149",204417,"745.7040",97415,"124.247","11.991",1108800,"13.535"
"2021-02-06","39803.000",894488,548661,333727,"0.2600","18457318530","14.1100","7.16700","9.057","741190194318",257125,"782.1270",107331,"155.419","10.643",960824,"13.603"
"2021-02-07","38705.000",849970,482676,286208,"0.2420","16301716630","11.4530","5.43000","9.231","720772640216",276875,"644.3070",77886,"135.048","7.996",987989,"13.608"
"2021-02-08","40920.000",852911,567828,335061,"0.2690","31259263497","16.3860","8.88500","8.889","762064165159",276328,"1021.0000",212923,"299.080","11.706",1034730,"13.602"
"2021-02-09","46682.000",905196,622948,359994,"0.3210","39944679612","25.4670","13.75200","10.070","869423848093",440838,"1231.0000",159207,"346.188","18.021",0,"13.641"
"2021-02-10","45766.000",901470,597506,340615,"0.3040","28974203615","22.5950","12.10100","10.070","852406280857",290471,"1020.0000",124292,"235.809","15.841",1097361,"13.810"
"2021-02-11","46240.000",897509,545208,304610,"0.3300","26557293013","28.1360","14.94400","11.163","861270074548",361426,"1115.0000",115390,"219.731","18.698",895827,"13.835"
"2021-02-12","47590.000",897930,594556,343164,"0.3500","27085894527","28.0690","14.38500","10.141","886455370101",297144,"1006.0000",122503,"208.997","18.577",1003015,"13.817"
"2021-02-13","47268.000",891829,530863,336467,"0.3380","15577045957","20.2820","9.57000","9.172","880503283984",214028,"702.7380",93740,"174.751","12.831",1030851,"13.704"
"2021-02-14","48570.000",890478,445522,295280,"0.2930","15572294315","17.1400","6.69100","9.730","904811193938",310113,"744.4460",99797,"191.921","10.129",984234,"13.722"
"2021-02-15","47853.000",873226,507154,311170,"0.3340","21479953401","18.9760","9.57100","9.474","891498476741",365059,"938.4660",101777,"193.373","11.500",1012403,"13.689"
"2021-02-16","48845.000",899261,498335,296267,"0.3120","24884132144","19.7880","10.65600","11.901","910000727743",414566,"1122.0000",147792,"217.722","13.702",548331,"13.714"
"2021-02-17","50897.000",901205,546245,317528,"0.3630","29619088434","22.7010","12.02400","10.435","948281220297",332898,"1217.0000",147890,"247.785","14.109",314475,"13.736"
"2021-02-18","51901.000",886938,543082,316815,"0.3320","29726617496","24.2050","12.60600","10.511","967025141247",360742,"1148.0000",116096,"220.579","14.722",951004,"13.777"
"2021-02-19","53058.000",888791,594241,341433,"0.3910","35518331149","24.9890","12.95000","9.412","988641891602",367522,"1181.0000",150898,"242.065","14.401",1049796,"13.827"
"2021-02-20","56272.000",882088,543952,320329,"0.3660","28636615639","25.9680","12.97500","9.863","1048588622980",385518,"1147.0000",118093,"276.350","13.947",999752,"13.783"
"2021-02-21","57022.000",849622,445972,271504,"0.3630","29842416283","24.1740","10.69600","10.213","1062609545976",374617,"1085.0000",111638,"242.073","11.558",923185,"13.926"
"2021-02-22","54729.000",876642,502736,285250,"0.3500","33115033455","25.2850","13.60100","10.827","1019916949654",381885,"1411.0000",110348,"277.215","13.690",936716,"13.943"
"2021-02-23","48981.000",888244,534135,287757,"0.3570","40592103789","31.4770","15.38700","11.339","912835521161",375111,"1626.0000",131691,"351.403","18.902",893364,"13.970"
"2021-02-24","49790.000",886572,583808,357933,"0.3710","33197678290","26.3640","12.99500","9.057","927959656539",294958,"1006.0000",103733,"260.819","16.023",1035468,"13.986"
"2021-02-25","49992.000",880952,558794,325960,"0.3230","45680184010","23.3930","11.97600","9.231","931775926737",354656,"1008.0000",82520,"207.330","13.533",1029740,"13.987"
"2021-02-26","46648.000",890723,548907,306277,"0.3120","30923804102","22.6750","10.81000","10.360","869486176791",315004,"1015.0000",81742,"216.981","14.636",943525,"13.987"
"2021-02-27","47126.000",892535,497487,320627,"0.3010","17142819150","15.3320","7.02700","9.172","878454013478",246427,"668.5600",66315,"174.644","9.613",1067713,"13.980"
"2021-02-28","44822.000",876713,396315,254185,"0.2740","15384925519","14.6350","6.73600","10.992","835531312690",305361,"775.2000",73439,"192.524","9.208",890425,"13.984"
"2021-03-01","47582.000",882333,517568,280355,"0.3190","23676243023","20.6780","10.88000","11.077","887034718068",302693,"1068.0000",89756,"188.287","13.045",844795,"13.974"
"2021-03-02","48631.000",895085,576054,338007,"0.3290","26661090088","19.1020","10.01200","10.070","906623163709",271594,"929.4950",103342,"168.774","12.938",1012877,"13.988"
"2021-03-03","50406.000",898009,594177,333250,"0.3280","26822591540","20.0710","10.26100","9.474","939771853985",283547,"984.4870",94227,"160.235","12.261",1074771,"14.054"
"2021-03-04","49417.000",892023,533768,289503,"0.3040","24341165061","19.2820","9.75900","11.250","921372451483",259089,"994.8040",81460,"152.537","12.377",922105,"14.066"
"2021-03-05","47709.000",881397,566258,317631,"0.3320","26415045684","17.1780","8.47600","9.664","889568146765",267180,"831.0720",70950,"146.861","10.942",1008576,"14.141"
"2021-03-06","48591.000",880871,460127,287811,"0.3110","14460254085","13.1520","6.25400","9.474","906061024150",258644,"697.7700",40281,"128.115","7.583",1002900,"14.133"
"2021-03-07","50194.000",875061,442729,260593,"0.3240","16737731974","13.7200","6.31200","9.863","935995718269",410320,"846.9650",68935,"137.583","7.245",880049,"14.110"
"2021-03-08","50778.000",852833,505381,291800,"0.3250","27037379011","15.7570","7.34400","9.290","946934964205",340933,"925.5500",81828,"146.514","8.552",991359,"14.080"
"2021-03-09","53969.000",875432,536341,299542,"0.3320","29962413984","18.9430","8.88500","10.286","1006482027303",351313,"1135.0000",85849,"171.991","10.731",908177,"14.097"
"2021-03-10","55356.000",898425,580651,344539,"0.3750","28894685618","17.7160","9.38300","9.664","1032397602941",274143,"1014.0000",81908,"170.420","10.591",1027662,"14.107"
"2021-03-11","56264.000",893181,537115,291113,"0.3580","30327009188","21.4680","11.06300","10.909","1049378371684",325750,"1105.0000",95858,"157.426","11.871",939125,"14.117"
"2021-03-12","56840.000",884413,563869,320594,"0.3830","30382121950","20.7830","10.24500","9.600","1060175530645",248755,"984.9370",104787,"154.201","11.119",1038846,"14.135"
"2021-03-13","58772.000",853246,494888,276929,"0.3840","26945740122","24.8080","11.45600","10.070","1096262387096",254221,"1119.0000",154790,"207.626","11.572",925503,"14.158"
"2021-03-14","60475.000",892850,482852,307893,"0.3970","23602464257","17.3680","8.21200","9.172","1128089409418",257249,"772.3750",102059,"196.531","8.270",1015723,"14.201"
"2021-03-15","57111.000",870500,543887,292083,"0.3700","33369754964","22.2630","11.51100","9.730","1073660438971",256907,"1118.0000",116563,"176.729","10.890",987942,"14.297"
"2021-03-16","55340.000",881428,569487,319344,"0.3610","31435863105","19.1280","9.26900","9.664","1032545698462",253280,"981.3680",99951,"162.274","10.600",1033367,"14.277"
"2021-03-17","56137.000",900627,568062,295983,"0.3490","25799457635","20.0730","11.22500","10.588","1047147207069",276690,"1011.0000",106258,"157.531","11.079",971402,"14.277"
"2021-03-18","58477.000",884838,612756,331566,"0.4250","26842688639","24.2060","11.99600","9.474","1091192728090",230138,"998.3450",106755,"155.945","12.627",1021309,"14.299"
"2021-03-19","58278.000",890748,585917,316032,"0.3770","25479542219","21.4530","10.28300","9.730","1087357958333",226492,"949.9440",106380,"139.823","11.177",997809,"14.314"
"2021-03-20","58776.000",869455,492985,286794,"0.3690","19001728770","17.2890","7.30700","9.351","1096737466139",237133,"786.3080",92396,"128.959","8.062",974431,"14.318"
"2021-03-21","57303.000",846739,410038,234780,"0.3580","17533683606","14.8660","5.51200","9.231","1069364387885",271008,"835.4520",80437,"131.404","5.883",936115,"14.369"
"2021-03-22","56801.000",870478,547061,297259,"0.3410","28248075312","16.2460","7.38100","9.536","1059977262366",248804,"972.2410",103950,"138.508","8.268",965418,"14.379"
"2021-03-23","54699.000",872661,562786,314073,"0.3450","37921490830","14.1650","6.61600","8.944","1020809090311",316802,"922.3180",94277,"141.034","7.482",1083569,"14.338"
"2021-03-24","55143.000",880506,552105,304941,"0.3310","33574543475","14.9100","7.53300","9.474","1029146872689",296800,"980.6270",130216,"158.532","7.990",990377,"14.364"
"2021-03-25","52127.000",892913,601208,318408,"0.3320","42386358281","13.7890","6.17800","9.351","972919538753",280559,"919.1620",137938,"171.704","8.050",1083562,"14.329"
"2021-03-26","53208.000",872522,556632,293474,"0.3250","31902997837","14.7290","7.41300","10.588","993128213373",263813,"1028.0000",137602,"142.016","8.728",891746,"14.282"
"2021-03-27","55175.000",899006,492042,288100,"0.3500","20326318231","12.7610","5.40600","9.057","1029912080094",236188,"775.3810",106231,"128.065","6.287",1001179,"14.286"
"2021-03-28","55835.000",876628,418298,248446,"0.3390","18020695813","13.0350","5.24700","9.057","1042283088650",206956,"755.7220",86361,"124.396","5.518",925338,"14.281"
"2021-03-29","56910.000",877636,533464,303154,"0.3520","30355000226","15.1590","7.92800","9.536","1062404950140",301762,"1042.0000",104638,"137.011","7.886",911249,"14.327"
"2021-03-30","58349.000",885075,575416,320944,"0.3650","27082239353","17.5630","9.00100","9.863","1089310411874",272247,"1008.0000",111290,"145.353","9.577",1000015,"14.332"
"2021-03-31","58700.000",883290,607613,332592,"0.3890","30294388402","18.0840","8.78700","9.172","1095926423805",240534,"980.6460",108145,"144.583","9.459",1050294,"14.331"
"2021-04-01","58868.000",886005,561167,311794,"0.3380","32626194402","16.9920","8.57900","9.931","1099121102988",257955,"998.4330",69301,"154.820","9.037",1002317,"14.330"
"2021-04-02","59266.000",884061,558303,305648,"0.3530","30385803529","17.3370","8.71900","10.286","1106599286693",268420,"1003.0000",30540,"143.921","9.275",937863,"14.340"
"2021-04-03","58933.000",884107,480392,281586,"0.3410","21242591514","17.5680","8.78700","10.992","1100431771995",280926,"866.5060",75450,"126.514","9.303",826749,"14.319"
"2021-04-04","57705.000",874973,413606,245861,"0.3410","15740704522","15.7710","7.21200","9.863","1077553114989",271675,"744.3800",87528,"122.156","6.863",893180,"14.321"
"2021-04-05","58085.000",862111,527581,288890,"0.3630","31203908995","18.9920","8.59100","9.231","1084708156667",352131,"988.3520",44761,"130.459","8.837",1040641,"14.278"
"2021-04-06","58460.000",884008,571802,309421,"0.3510","44551728737","20.1050","9.61300","10.000","1091752439532",399032,"1057.0000",32289,"129.655","10.578",1029256,"14.235"
"2021-04-07","56977.000",888534,591527,321162,"0.3590","33924614678","17.9270","8.52100","9.172","1064111441398",301682,"958.7000",86985,"129.445","9.341",1058938,"14.260"
"2021-04-08","57176.000",883754,533551,278400,"0.2960","34178632541","18.8080","9.43300","10.746","1067884294500",308327,"993.5440",104094,"121.452","9.861",976554,"14.277"
"2021-04-09","58209.000",888748,598986,324568,"0.4070","33237308602","20.8730","9.47200","9.474","1087236913470",285991,"932.1890",102638,"112.812","10.919",1045474,"14.323"
"2021-04-10","59866.000",881319,505202,298929,"0.3440","29236257341","18.0220","8.21200","9.172","1118247770164",308410,"799.1780",110849,"130.316","8.404",1032385,"14.359"
"2021-04-11","59794.000",863582,431628,253304,"0.3400","19458041566","14.8680","6.45700","9.931","1116950956402",323171,"779.7140",94714,"124.765","6.502",915759,"14.342"
"2021-04-12","60108.000",883178,510887,291225,"0.3500","37306131169","18.9420","8.55800","10.000","1122868810393",346001,"1126.0000",132176,"128.714","9.258",969344,"14.388"
"2021-04-13","62149.000",876351,513879,310071,"0.3680","45229571000","20.4100","9.97100","10.141","1161057410251",382819,"1167.0000",171108,"178.476","10.297",1003818,"14.410"
"2021-04-14","63438.000",902130,519415,297359,"0.4090","49629168041","29.0530","13.47700","10.667","1185186761045",389263,"1285.0000",161204,"193.005","13.903",949048,"14.464"
"2021-04-15","62899.000",892547,554823,359268,"0.4260","36809487178","27.1870","12.13600","8.372","1175194413781",323211,"974.1670",110223,"164.392","12.627",1196069,"14.513"
"2021-04-16","61731.000",879567,420883,219601,"0.2890","52037999764","39.4450","16.79900","13.981","1153396629141",516536,"1462.0000",113640,"177.284","17.903",830078,"14.580"
"2021-04-17","61305.000",879676,353899,194489,"0.3690","21792593371","51.5600","23.73800","15.824","1145470060160",359703,"1459.0000",100583,"147.984","22.344",773272,"14.574"
"2021-04-18","56083.000",900314,449307,274611,"0.4340","42645634219","43.8530","19.64800","11.613","1047943240943",337989,"1116.0000",178464,"267.181","21.703",954286,"14.568"
"2021-04-19","56387.000",855365,427361,208316,"0.4080","29892429385","58.4180","26.88900","14.845","1053668050201",346249,"1503.0000",122950,"207.574","26.262",751010,"14.505"
"2021-04-20","55518.000",877935,536926,279849,"0.4480","67407460741","59.8780","26.44200","11.250","1037471672885",370719,"1219.0000",112302,"185.894","27.402",965161,"14.523"
"2021-04-21","55452.000",895948,467300,225920,"0.3720","66373161965","62.7790","28.39200","14.257","1036277138448",473725,"1284.0000",96848,"153.903","28.844",787582,"14.522"
"2021-04-22","53812.000",887672,506784,274467,"0.4490","61007747833","58.7180","24.36900","10.070","1005674091202",429103,"1253.0000",108961,"174.930","25.108",981596,"14.533"
"2021-04-23","49891.000",893218,524077,295596,"0.3390","59597772214","45.5180","20.59700","10.667","932437773885",368625,"1123.0000",132963,"276.620","24.229",931624,"14.601"
"2021-04-24","50077.000",880543,451278,290545,"0.3310","31002971914","29.0250","12.56200","9.931","935961171265",275845,"654.8580",86049,"191.320","15.677",911731,"14.611"
"2021-04-25","49657.000",884132,385161,240900,"0.2890","28949335984","23.9710","9.01700","10.213","928155504766",337302,"649.9730",81258,"172.196","11.663",849115,"14.694"
"2021-04-26","53000.000",893442,477435,240573,"0.2950","50940323283","36.9570","17.26700","12.632","990675646766",474291,"1230.0000",110552,"179.781","19.065",791356,"14.685"
"2021-04-27","54583.000",883378,541232,297967,"0.3750","66849336208","29.7320","14.21900","10.141","1020303582970",419084,"971.6590",102971,"166.215","15.467",969613,"14.719"
"2021-04-28","54785.000",884986,519237,276984,"0.3340","46167808612","26.8880","13.14800","10.141","1024138212277",396534,"958.8060",97333,"149.503","13.288",1018397,"14.744"
"2021-04-29","53891.000",876992,511804,259343,"0.3310","36995112855","30.0960","14.30500","11.803","1007462600138",439029,"1160.0000",96503,"132.646","15.969",856639,"14.781"
"2021-04-30","55260.000",868778,536472,289244,"0.3610","30112861243","27.3570","12.64300","9.931","1033104517947",437538,"1087.0000",92350,"133.512","13.651",975112,"14.817"
"2021-05-01","57787.000",882992,482619,262852,"0.3570","16102325162","22.4500","9.55200","10.360","1080393811471",353558,"838.3940",99595,"136.871","10.523",885897,"14.805"
"2021-05-02","56860.000",826395,412840,235029,"0.4200","12275331888","20.5540","8.26500","7.784","1063135695455",360724,"840.1680",78756,"119.375","6.850",1071125,"14.832"
"2021-05-03","57912.000",836599,524379,286830,"0.3890","33410008177","22.3950","10.55600","8.136","1082875934006",435999,"1044.0000",89710,"133.043","9.118",1053210,"14.847"
"2021-05-04","55308.000",886171,563505,300643,"0.3620","34437152560","18.2860","8.29600","7.956","1034237381397",419513,"1020.0000",87287,"142.121","8.081",1076403,"14.880"
"2021-05-05","55872.000",873874,598865,309617,"0.3480","35491127512","18.0290","8.53300","9.172","1044835343355",329957,"995.3990",93866,"138.075","9.245",1063848,"14.893"
"2021-05-06","56974.000",870005,626069,311210,"0.4030","32123009753","20.0500","9.46700","8.471","1065501089567",331015,"1019.0000",84935,"137.223","9.349",1024306,"14.906"
"2021-05-07","56818.000",876361,598170,307816,"0.3790","42781516993","19.2650","8.64700","8.372","1062647482769",358005,"989.0700",103515,"126.983","8.854",995365,"14.925"
"2021-05-08","58527.000",894631,540728,274520,"0.3730","24933917376","18.5950","7.73900","8.421","1094685223798",293405,"950.9500",82542,"130.702","7.550",974819,"14.945"
"2021-05-09","57981.000",856554,482269,247680,"0.3830","23667105476","16.3940","6.87100","7.742","1084534831442",254195,"884.4500",62002,"136.554","5.686",1081356,"14.949"
"2021-05-10","57763.000",873492,585547,303117,"0.3730","35571721390","19.2500","8.25000","8.000","1080529816753",269256,"1092.0000",74446,"138.576","8.244",1144292,"14.995"
"2021-05-11","55852.000",866430,605733,311943,"0.3700","28925341353","14.6450","6.38500","8.372","1044828022212",215614,"988.4280",72974,"131.857","7.074",1032122,"15.035"
"2021-05-12","55961.000",866785,575074,300280,"0.3710","40783825308","14.3470","5.86600","8.372","1046928268168",290172,"1035.0000",104572,"141.278","6.686",1083920,"15.184"
"2021-05-13","49849.000",877885,571087,276311,"0.2720","68020393129","12.9660","5.02700","8.944","932636583479",451295,"1243.0000",249599,"338.270","6.670",1036314,"15.190"
"2021-05-14","50185.000",883117,539733,265921,"0.2580","56772901814","13.8230","5.78400","10.746","938962162235",432360,"1073.0000",120644,"207.421","8.046",883598,"15.238"
"2021-05-15","48875.000",882398,445070,231976,"0.2430","44905588095","13.1590","5.33500","11.707","914493995189",404818,"973.5300",95522,"169.969","7.518",824216,"15.275"
"2021-05-16","47738.000",874337,398506,219303,"0.2660","34764586378","11.3400","4.76700","10.909","893250154710",397725,"964.5060",148557,"182.100","5.943",810985,"15.287"
"2021-05-17","44336.000",887113,454256,250789,"0.2420","55293559731","13.4690","6.01200","11.901","829643681939",457314,"1201.0000",184558,"259.986","9.157",858089,"15.372"
"2021-05-18","44192.000",874189,417958,220918,"0.2080","34543986323","13.4360","6.49200","14.400","826971370305",373710,"1203.0000",120021,"197.256","9.708",733801,"15.326"
"2021-05-19","39146.000",880212,505047,263294,"0.2550","53956072578","18.2460","8.26400","11.520","732571675824",450143,"1829.0000",363566,"505.899","13.582",884253,"15.239"
"2021-05-20","39826.000",897022,488774,227927,"0.2260","58855007137","23.1480","10.08100","12.857","745332584769",498229,"1521.0000",173415,"379.363","15.920",835102,"15.316"
"2021-05-21","39137.000",901568,490983,226241,"0.2280","46344046178","22.6630","10.23000","13.091","732457598072",379726,"1272.0000",185009,"294.204","16.013",795684,"15.331"
"2021-05-22","37516.000",879055,415931,223684,"0.2270","33337657665","17.1710","7.78900","12.414","702150147951",396228,"849.3500",174133,"259.374","12.380",787813,"15.346"
"2021-05-23","35087.000",849326,370608,194201,"0.1870","36241334696","14.7080","6.21500","12.101","656715712869",402813,"998.5650",160368,"304.794","9.871",856651,"15.352"
"2021-05-24","37011.000",883088,454269,234629,"0.2200","47477048251","15.2700","6.97900","11.429","692759884445",411655,"1094.0000",151342,"284.611","10.952",839856,"15.273"
"2021-05-25","38084.000",878431,463612,233521,"0.2030","46177233761","13.9960","6.66800","11.707","712863169620",373314,"1010.0000",107640,"224.793","10.047",828021,"15.285"
"2021-05-26","39251.000",898395,467813,230631,"0.2260","50828242455","13.2490","6.03200","11.803","734734248513",378094,"1025.0000",114558,"195.924","9.268",834755,"15.331"
"2021-05-27","38812.000",899516,444499,213918,"0.1930","42353576022","11.9950","5.43800","12.308","726544689552",359587,"1074.0000",100263,"167.874","8.296",754805,"15.328"
"2021-05-28","36624.000",872404,463180,218192,"0.2050","73389096918","11.6720","5.08000","12.101","685619996554",486152,"1007.0000",104815,"182.334","8.554",844453,"15.304"
"2021-05-29","35265.000",867691,395271,198216,"0.1940","50144374631","8.4360","3.52200","12.414","660212648100",362660,"752.6030",98843,"174.881","6.142",759213,"15.341"
"2021-05-30","35480.000",822636,347329,179651,"0.2320","20802851482","7.2310","2.84000","10.000","664252195015",213617,"725.1230",109381,"166.520","3.912",872686,"15.330"
"2021-05-31","36154.000",851276,438660,226328,"0.2330","18327950776","7.2660","2.96500","10.213","676917079507",179821,"971.9470",101203,"159.077","4.911",854540,"15.320"
"2021-06-01","36599.000",876479,460996,234419,"0.2250","15832474023","7.3810","3.08000","10.141","685277218798",232637,"950.2840",105694,"154.136","5.060",765486,"15.381"
"2021-06-02","37295.000",822467,486717,250423,"0.2500","15231918123","7.6150","2.95400","8.675","698342547256",171600,"865.2390",92542,"151.860","4.700",987067,"15.390"
"2021-06-03","38539.000",840977,510989,255474,"0.2330","16302020460","7.5250","2.96500","9.796","721683500606",184357,"901.4670",88708,"151.003","5.152",897967,"15.361"
"2021-06-04","37117.000",816280,462360,236541,"0.2240","14145960603","6.6440","2.63500","10.992","695083303397",161320,"848.5130",184618,"164.596","4.920",783651,"15.394"
"2021-06-05","36607.000",678168,385858,194449,"0.2190","11924103613","5.5800","2.07100","10.992","685563096433",143921,"727.2130",174730,"146.617","3.496",673290,"15.394"
"2021-06-06","35953.000",555768,335962,185155,"0.2310","35879034159","4.3840","1.23800","9.600","673343594122",346058,"621.8830",211698,"157.120","2.354",601459,"15.410"
"2021-06-07","35888.000",797353,439958,235346,"0.2120","44824530505","5.2690","1.71700","10.827","672150431023",328847,"864.6550",172116,"148.630","3.993",779317,"15.438"
"2021-06-08","32877.000",829248,471786,246757,"0.2140","53003807246","4.6960","1.38900","9.664","615783449609",336602,"909.8270",187281,"208.864","3.649",868700,"15.421"
"2021-06-09","34833.000",660581,423177,210785,"0.1760","21102438297","5.5090","1.70100","11.429","652449565591",218923,"934.5950",297825,"188.982","4.064",662160,"15.404"
"2021-06-10","36990.000",894428,510219,252865,"0.2530","16990772897","6.7830","2.43400","12.203","692877224653",206447,"981.3970",192780,"165.833","5.918",818042,"15.463"
"2021-06-11","36990.000",851566,444572,216397,"0.2240","15568015426","6.9580","2.65400","13.714","692902481846",250106,"966.4580",145724,"135.713","5.843",775297,"15.466"
"2021-06-12","35728.000",814843,405772,222642,"0.2420","9713889061","5.6950","1.95500","10.909","669294022300",161942,"684.1350",133446,"121.405","4.127",871005,"15.482"
"2021-06-13","36366.000",652100,330944,186966,"0.2410","9346095980","4.5150","1.51800","10.909","681281589858",230003,"719.8220",149747,"126.118","2.738",639050,"15.476"
"2021-06-14","39660.000",747005,428199,242281,"0.2450","18206157982","6.1650","2.38900","10.667","743028377231",243277,"909.6890",173293,"160.737","4.275",815431,"15.469"
"2021-06-15","40204.000",772973,443257,241730,"0.2610","23952675828","6.4430","2.48300","10.992","753240222538",233337,"940.4620",139190,"132.192","4.520",861692,"15.498"
"2021-06-16","39423.000",833040,442342,252814,"0.2670","23588807629","6.0940","2.29600","11.707","738639151118",250695,"840.6390",116771,"120.196","4.840",828607,"15.523"
"2021-06-17","38607.000",727840,416213,237595,"0.2530","20214651724","5.0970","1.80400","11.077","723389388008",254760,"800.7480",122733,"110.871","3.719",745385,"15.525"
"2021-06-18","37005.000",741348,393441,222794,"0.2300","18973472658","5.1600","1.61600","11.613","693409961312",258339,"802.2830",125163,"113.670","3.856",734593,"15.538"
"2021-06-19","35757.000",793686,336784,186939,"0.2170","11482251400","4.7120","1.64800","13.981","670039025889",206369,"766.2070",98521,"99.747","3.687",586764,"15.540"
"2021-06-20","35080.000",910868,308785,167144,"0.2260","10990052410","4.7690","1.47300","13.714","657384614358",268040,"757.6300",100940,"114.277","3.348",536746,"15.566"
"2021-06-21","33176.000",880447,384401,204945,"0.2250","21036373250","6.5180","2.33600","13.714","621724070499",282976,"974.0270",153833,"165.516","5.784",708189,"15.560"
"2021-06-22","32011.000",867356,385925,196432,"0.1960","24660356338","7.7890","3.36000","15.824","599911100740",315555,"1159.0000",153834,"217.752","7.756",678287,"15.567"
"2021-06-23","33745.000",867412,419947,232603,"0.2410","21319509002","8.1310","3.63400","14.257","632425086864",264341,"979.4380",125027,"156.490","8.157",733559,"15.607"
"2021-06-24","33747.000",858685,411788,233173,"0.2390","21994140039","6.9490","3.21000","13.714","632484258208",268789,"832.1590",105656,"132.941","6.821",734265,"15.603"
"2021-06-25","33376.000",854211,391933,218135,"0.2290","32555007021","6.7540","3.02200","13.091","625547023191",363718,"839.5180",154086,"136.265","6.036",738824,"15.594"
"2021-06-26","31488.000",857993,324459,181539,"0.1830","25062597251","5.1020","2.13500","16.180","590174775638",307811,"690.7900",105096,"122.604","5.025",589898,"15.583"
"2021-06-27","33067.000",856535,255643,121480,"0.1700","13797785546","7.1210","3.07400","24.828","619794797592",347266,"1032.0000",122259,"120.708","6.734",473970,"15.598"
"2021-06-28","34472.000",874448,425476,220912,"0.3060","18763855073","8.3730","3.91700","16.364","646150411692",260018,"967.0450",128407,"122.940","8.891",633796,"15.599"
"2021-06-29","35544.000",864572,411674,205526,"0.2300","19715504596","9.1920","4.49600","16.000","666249595423",237973,"988.2990",120506,"120.518","8.637",695330,"15.607"
"2021-06-30","34930.000",878429,416484,215216,"0.2430","18186919492","9.9190","4.66500","16.364","654769452314",196531,"947.6200",110739,"109.874","10.004",699872,"15.615"
"2021-07-01","33731.000",867533,461838,233587,"0.2570","17750818544","10.6540","4.88600","15.000","632314327003",241264,"883.2260",110932,"100.573","10.954",681470,"15.592"
"2021-07-02","33285.000",848679,392516,188478,"0.2090","19384762039","10.9420","5.27300","16.000","623960578643",305908,"976.8010",101685,"95.593","9.927",725046,"15.508"
"2021-07-03","34298.000",847517,412124,237336,"0.3770","14008134344","8.5550","4.08700","11.339","642980671846",187228,"634.4220",92900,"93.865","6.944",843046,"15.374"
"2021-07-04","35271.000",851217,329197,171735,"0.2930","16911631191","8.9200","3.88600","12.522","661245376932",325788,"760.9770",85810,"93.621","5.702",741258,"15.389"
"2021-07-05","34100.000",802957,394868,223628,"0.3360","11573468700","7.2500","2.66100","10.909","639324786352",219568,"789.4050",88486,"96.809","5.452",764497,"15.389"
"2021-07-06","34153.000",729448,427151,228137,"0.3330","13142508309","7.0470","2.77900","10.141","640354620273",199415,"810.8780",95429,"93.197","5.040",741669,"15.398"
"2021-07-07","34557.000",720248,423969,221104,"0.2820","14520960137","5.9150","2.06800","11.707","647948224671",207074,"864.7410",111493,"87.590","4.695",695389,"15.347"
"2021-07-08","32896.000",629806,430843,230580,"0.3220","14185080053","4.1770","1.48000","10.360","616834593900",463739,"784.8640",108695,"95.419","3.262",721103,"15.341"
"2021-07-09","33163.000",697908,430067,227380,"0.2900","11977635901","3.9200","1.27400","10.992","621870272232",499498,"751.8820",98121,"88.519","3.180",692997,"15.339"
"2021-07-10","33705.000",473565,359242,187102,"0.3220","11207445474","3.4580","0.91400","8.944","632067403756",333989,"653.9540",85014,"78.841","1.873",622112,"15.352"
"2021-07-11","33795.000",614220,316578,166019,"0.2750","8296909419","3.7730","1.00400","11.520","633776724844",378164,"620.8160",70863,"77.156","2.319",617224,"15.350"
"2021-07-12","33701.000",707312,414366,220143,"0.3060","13988662044","4.3970","1.31800","11.429","632055289138",256595,"751.6440",98470,"88.491","3.521",724554,"15.332"
"2021-07-13","32855.000",690794,406438,229780,"0.3110","12192358830","4.5370","1.27000","10.588","616217393641",216536,"750.6240",141201,"88.205","3.601",690550,"15.332"
"2021-07-14","32489.000",525158,422466,236047,"0.3250","11986762432","3.4290","1.00400","8.471","609375766118",206898,"716.4360",98812,"92.291","2.293",711381,"15.327"
"2021-07-15","32109.000",739841,429187,226106,"0.2480","16363800845","3.2270","0.77000","11.250","602284376905",262533,"794.3610",92346,"91.168","2.763",714198,"15.332"
"2021-07-16","31750.000",562742,413909,223316,"0.2970","12231055118","2.4580","0.57400","9.600","595575743867",259940,"715.4680",86926,"91.803","1.812",661189,"15.355"
"2021-07-17","31556.000",475044,339875,181904,"0.2620","15303994562","2.1880","0.41500","10.070","591956104990",322240,"629.8520",73357,"83.576","1.393",548038,"15.233"
"2021-07-18","31763.000",480527,307130,160978,"0.2980","7945136415","2.3800","0.32500","10.000","595880906407",231237,"644.5510",75089,"81.711","1.324",535632,"15.220"
"2021-07-19","31188.000",557230,413339,226633,"0.3330","11001232041","2.6140","0.26700","8.471","585114953256",247413,"719.6690",83081,"100.791","1.758",738844,"15.227"
"2021-07-20","29837.000",817866,425501,230387,"0.2280","12601597123","2.3080","0.35300","11.803","559789752886",235672,"777.2630",102358,"124.496","2.285",710781,"15.181"
"2021-07-21","31172.000",711925,426461,235535,"0.3060","14264112899","1.9140","0.30100","9.931","584867227348",248098,"767.9570",150305,"117.319","1.572",712527,"15.158"
"2021-07-22","32128.000",561123,426408,230129,"0.3140","10648872815","1.9840","0.24700","9.412","602834558265",252322,"712.9370",106901,"104.271","1.465",665540,"15.183"
"2021-07-23","32475.000",638088,437264,230995,"0.2940","10287516807","2.7160","0.25800","10.667","609373513407",246200,"683.3850",87678,"90.420","2.240",689222,"15.180"
"2021-07-24","33847.000",506810,371912,197937,"0.3260","7584319588","2.1920","0.22900","9.351","635163309830",256729,"650.8390",97003,"91.042","1.315",644547,"15.170"
"2021-07-25","34348.000",463352,322024,174382,"0.3210","7835218282","1.9170","0.23100","9.412","644586044676",288217,"608.5370",83272,"93.078","1.009",562016,"15.151"
"2021-07-26","38286.000",697658,468668,261800,"0.3360","24605521087","2.6730","0.46200","9.600","718520390898",336028,"882.9460",184548,"169.303","1.914",813251,"15.110"
"2021-07-27","37661.000",594238,447660,255051,"0.3910","21887177113","2.3730","0.50500","8.471","706832144261",1092226,"771.4240",128220,"125.001","1.491",797193,"15.000"
"2021-07-28","39851.000",596190,448108,251066,"0.3440","45988099702","2.4680","0.46600","9.172","747980591042",645911,"833.3850",133752,"119.100","1.561",749531,"14.987"
"2021-07-29","39851.000",602587,459135,262452,"0.3950","22401730826","2.2770","0.31200","9.000","748021938925",396529,"712.2210",106512,"105.660","1.478",772990,"14.895"
"2021-07-30","39610.000",561745,470116,255251,"0.3590","20108147405","2.2610","0.34500","8.675","743541114237",280874,"694.1740",93955,"100.997","1.386",726731,"14.868"
"2021-07-31","41622.000",496825,385417,207190,"0.3620","12064269201","2.2550","0.27600","9.114","781349094171",410605,"691.7340",88543,"105.527","1.125",643203,"14.848"
"2021-08-01","41514.000",466881,339362,185003,"0.3460","69691989237","2.1570","0.27400","9.351","779359867404",737733,"683.1250",103030,"100.899","0.990",598204,"14.841"
"2021-08-02","39591.000",701183,428583,239134,"0.3540","38315782047","2.2320","0.30400","10.070","743284874676",447971,"770.7820",118549,"98.758","1.487",795364,"14.849"
"2021-08-03","38471.000",528978,440469,246029,"0.3520","26167556495","2.0010","0.27800","8.521","722313174585",388909,"774.9160",103494,"93.233","1.198",738401,"14.888"
"2021-08-04","38711.000",667680,434247,239460,"0.3120","28799684315","2.4360","0.51900","10.588","726838011932",383513,"786.6250",97689,"91.483","1.743",719948,"14.872"
"2021-08-05","39416.000",570476,448142,246015,"0.3720","19990546354","2.3860","0.48800","9.000","740113897459",294166,"789.2420",95549,"92.621","1.468",744311,"14.866"
"2021-08-06","41331.000",598875,468668,260651,"0.3550","29649779169","2.2560","0.41100","9.057","776120796444",317649,"733.1980",104769,"100.373","1.413",764598,"14.873"
"2021-08-07","43524.000",471340,380343,212062,"0.3970","11388119961","2.1320","0.29500","8.623","817356157942",387330,"715.5360",110473,"109.229","0.986",649344,"14.855"
"2021-08-08","44325.000",467550,345303,191465,"0.3740","13029681500","2.2770","0.29400","9.114","832429516552",406420,"695.9000",97178,"112.474","0.987",623887,"14.873"
"2021-08-09","44866.000",640799,448082,252508,"0.3770","28959854958","2.4050","0.38000","9.474","842628229952",341058,"792.8350",121767,"121.860","1.406",731312,"14.930"
"2021-08-10","45589.000",585645,460494,260803,"0.4160","17864382694","2.4400","0.37800","8.727","856262102425",321061,"782.7370",113397,"117.600","1.336",777299,"14.920"
"2021-08-11","46075.000",656858,466829,262290,"0.3700","18586507731","2.3300","0.41700","9.796","865432703393",396221,"813.4310",99731,"119.824","1.424",730122,"14.937"
"2021-08-12","44927.000",612602,453385,250810,"0.4140","15096873420","2.3010","0.45000","9.536","843915403742",338771,"750.8560",98097,"109.761","1.343",736917,"14.954"
"2021-08-13","46133.000",710269,477233,260482,"0.3700","16937459456","4.1760","0.93000","10.141","866611894376",294295,"786.8120",98133,"109.677","2.589",779165,"14.961"
"2021-08-14","47095.000",462826,381246,208910,"0.4090","11714262228","2.4560","0.45500","8.780","884731579270",393612,"707.3110",81771,"105.016","1.053",654208,"14.973"
"2021-08-15","46413.000",457248,339706,186057,"0.4050","18282906930","2.4270","0.33400","7.912","871968687669",442226,"694.8650",77118,"96.101","0.849",565199,"14.978"
"2021-08-16","46913.000",667347,459064,263368,"0.3520","15351397427","2.9090","0.41200","8.944","881412981081",417099,"762.0030",99378,"104.306","1.598",827154,"15.023"
"2021-08-17","45963.000",732619,457754,257594,"0.3920","11975769171","2.7930","0.39300","8.372","863609146048",430103,"818.1450",98097,"99.900","1.436",858443,"15.026"
"2021-08-18","45125.000",741909,448133,247198,"0.3200","17202829312","2.8130","0.51200","10.667","847906179819",498242,"797.5660",96506,"95.466","1.795",741448,"15.019"
"2021-08-19","45200.000",680574,454704,253293,"0.4040","13822705375","2.3040","0.38900","9.351","849347810034",460364,"759.6190",102697,"92.691","1.324",740851,"15.017"
"2021-08-20","47750.000",689030,497408,271677,"0.3790","24954340027","2.7680","0.54700","9.000","897321828386",404216,"810.3110",113364,"107.592","1.551",824065,"15.021"
"2021-08-21","49017.000",532999,393660,219237,"0.4170","23747076314","2.5530","0.46500","8.471","921171812292",541917,"717.2710",83918,"102.617","1.064",708347,"15.038"
"2021-08-22","48868.000",499923,336240,190467,"0.3940","11541042360","2.9830","0.68400","8.780","918424724757",463883,"635.2850",79512,"96.934","1.122",613683,"15.050"
"2021-08-23","49864.000",542784,466625,270539,"0.4640","53191547551","2.6420","0.46300","7.310","937213405776",584248,"836.9290",139656,"123.695","1.152",853732,"14.985"
"2021-08-24","48904.000",656441,463180,263830,"0.3350","52668878665","2.7810","0.60200","9.351","919215446844",1510898,"760.2320",119165,"113.625","1.536",801471,"15.039"
"2021-08-25","48247.000",574399,460923,262849,"0.3800","57502348789","2.3600","0.54500","9.000","906914602693",773888,"738.4620",98782,"99.196","1.270",759714,"15.081"
"2021-08-26","47348.000",603328,458555,258444,"0.3290","93194817121","2.1210","0.34100","9.863","890054174396",861119,"734.3100",87815,"97.548","1.253",737855,"15.106"
"2021-08-27","47710.000",608296,462342,256667,"0.3350","99323061969","2.2150","0.39600","9.863","896912530746",728542,"736.7690",97836,"92.068","1.290",700089,"15.090"
"2021-08-28","48876.000",559167,399010,218127,"0.3410","88194000258","2.3980","0.37200","10.213","918875961855",783619,"628.0600",79411,"82.745","1.201",662076,"15.091"
"2021-08-29","48633.000",476359,345253,191494,"0.3610","92452918146","2.2190","0.31800","9.231","914354637146",926621,"615.1840",83476,"84.591","0.889",577364,"15.075"
"2021-08-30","48075.000",691995,441399,250820,"0.3270","94315934373","2.4030","0.37600","10.667","903887854840",769684,"787.7870",100326,"85.879","1.465",773049,"15.053"
"2021-08-31","47296.000",669263,494792,271019,"0.3500","84037004561","2.3980","0.53300","10.000","889291389533",673219,"804.8120",85170,"87.466","1.505",757135,"15.064"
"2021-09-01","47671.000",762442,515887,280728,"0.3500","73339775137","3.0130","0.80100","10.511","896377620051",701408,"848.3470",103531,"86.028","2.031",775392,"15.078"
"2021-09-02","49644.000",744633,532036,289751,"0.3710","68472593809","3.4220","0.98000","9.664","933532540176",718338,"813.7210",124469,"95.036","2.101",878226,"15.119"
"2021-09-03","49885.000",747107,509448,283843,"0.3630","45522396608","3.2400","0.96300","9.730","938110276178",530485,"818.6870",113030,"92.314","1.955",866641,"15.169"
"2021-09-04","50052.000",522816,427167,227577,"0.3630","29366649872","2.6380","0.73100","9.290","941294573957",612182,"619.7400",94327,"84.169","1.224",703429,"15.173"
"2021-09-05","50328.000",469897,371194,204902,"0.3700","20520727741","2.5740","0.67900","8.780","946544254680",533486,"637.1170",91052,"86.581","1.013",606299,"15.173"
"2021-09-06","51762.000",612422,459079,268705,"0.3870","25801513390","3.3140","0.72700","8.372","973568359487",685982,"793.5290",137763,"100.070","1.576",826340,"15.164"
"2021-09-07","49996.000",669053,495844,276471,"0.3370","31197370917","3.3380","0.66000","9.412","940404718771",690193,"931.5700",240284,"172.619","1.895",788891,"15.146"
"2021-09-08","46294.000",666506,482585,270341,"0.3120","21799790371","2.5180","0.61500","10.141","870797297499",568353,"833.3840",154503,"158.081","1.631",793283,"15.189"
"2021-09-09","46406.000",690216,518122,274247,"0.3140","18905117937","2.3890","0.62900","10.511","872947727944",650359,"718.1160",104725,"113.683","1.623",789014,"15.356"
"2021-09-10","45928.000",701901,483533,261235,"0.3060","317114882209","2.4810","0.61400","10.588","864006404396",1756251,"688.9530",100785,"100.146","1.634",788144,"15.451"
"2021-09-11","45367.000",600486,407878,218297,"0.3310","117161100874","2.2520","0.52000","9.730","853481234302",1159417,"600.9440",78525,"87.076","1.159",764478,"15.440"
"2021-09-12","45624.000",491351,358380,192544,"0.3140","70037972763","2.0300","0.44900","9.796","858369902640",1062781,"575.5330",77722,"85.051","0.924",596399,"15.442"
"2021-09-13","44807.000",621500,459338,255811,"0.3230","317786398177","2.6740","0.70800","9.057","843037551901",1758300,"721.6290",103761,"93.527","1.514",754693,"15.400"
"2021-09-14","46027.000",599399,491643,267959,"0.3150","383329472546","2.5480","0.72000","8.571","866039154333",1932378,"717.1170",91267,"90.850","1.394",793939,"15.218"
"2021-09-15","47555.000",736726,500251,268815,"0.3230","48228727220","3.0180","0.86300","10.141","894828089877",702497,"773.6430",109407,"89.096","1.887",823392,"15.186"
"2021-09-16","47895.000",817607,507192,271087,"0.3190","42137524406","2.9660","0.80800","10.588","901274010208",766989,"719.7010",90855,"86.404","1.938",879832,"15.185"
"2021-09-17","47571.000",720056,499224,270893,"0.3490","29613757834","2.6310","0.71200","9.796","895225295126",612387,"714.9900",101046,"81.131","1.605",823793,"15.177"
"2021-09-18","48211.000",563189,424384,227506,"0.3310","19832657077","2.4570","0.57200","9.290","907300405576",638205,"593.0760",82649,"78.945","1.183",701986,"15.185"
"2021-09-19","47731.000",462254,371685,200356,"0.3240","13134873924","1.9650","0.47400","9.000","898326569046",597599,"549.2510",74123,"76.559","0.819",612716,"15.194"
"2021-09-20","44664.000",686336,481249,270069,"0.3180","54875525317","2.2970","0.57900","8.780","840649439193",926030,"760.4320",131996,"116.613","1.338",881190,"15.183"
"2021-09-21","42474.000",715346,450648,244445,"0.2430","50975222329","2.5680","0.64100","11.707","799460340716",1953020,"804.4300",101636,"115.326","1.887",720264,"15.173"
"2021-09-22","42525.000",722889,482634,275101,"0.3030","48034404061","2.1670","0.62600","10.746","800453972762",777182,"640.6270",98217,"101.940","1.647",783862,"15.179"
"2021-09-23","44068.000",586041,490755,268524,"0.3270","43363899218","2.2620","0.56800","8.727","829551421768",716472,"686.0280",117001,"93.862","1.320",761333,"15.186"
"2021-09-24","43142.000",690244,526646,277417,"0.2790","46515226552","2.5090","0.46700","9.730","812151414994",659977,"734.4730",161656,"131.823","1.715",831526,"15.158"
"2021-09-25","42569.000",506589,415020,212431,"0.2630","32338096218","1.7130","0.29800","10.000","801410480115",1044174,"561.5840",97401,"100.438","0.942",637156,"15.161"
"2021-09-26","42793.000",545119,379325,195421,"0.2950","51290055495","1.8540","0.27000","10.360","805650461363",660507,"546.7460",85595,"85.959","0.966",625469,"14.838"
"2021-09-27","43533.000",599170,469864,255718,"0.3070","55281858402","2.1560","0.30700","9.290","819630864727",725241,"749.6810",103126,"88.775","1.291",769933,"14.821"
"2021-09-28","41958.000",631518,486965,262140,"0.2740","52751939970","2.1860","0.35600","9.474","790012112539",568181,"624.8360",99868,"84.784","1.418",783442,"14.813"
"2021-09-29","41870.000",662838,461283,241861,"0.2540","52740494241","1.9560","0.42200","11.077","788393390307",689433,"732.1700",110555,"84.048","1.372",749276,"14.829"
"2021-09-30","43259.000",757753,546517,292903,"0.3390","58294415358","2.1820","0.46900","8.421","814604016380",647260,"702.5550",109580,"83.388","1.364",939577,"14.845"
"2021-10-01","45991.000",712037,546456,276902,"0.2690","57910957229","2.6990","0.66000","10.286","866081778216",739993,"814.9560",149724,"101.095","1.824",829881,"14.780"
"2021-10-02","47827.000",543104,481514,259773,"0.3600","33703839651","2.0110","0.49700","7.660","900707095180",590829,"576.7220",89506,"86.517","0.922",870431,"14.790"
"2021-10-03","48014.000",559353,421363,217962,"0.2860","32562883256","2.2020","0.48100","9.600","904276940166",786980,"592.1250",97975,"80.777","1.056",696221,"14.783"
"2021-10-04","48102.000",686559,502822,268799,"0.3480","40121196189","2.4550","0.51500","9.231","905976116209",664986,"780.1060",132624,"92.321","1.388",902667,"14.796"
"2021-10-05","49987.000",724372,564604,312374,"0.3180","46661223262","2.4470","0.54400","8.780","941539504353",784081,"743.9980",153503,"106.829","1.471",873880,"14.772"
"2021-10-06","52731.000",696073,509538,267618,"0.2860","69913145473","3.5500","1.07800","10.992","993265750684",971558,"929.3410",195155,"132.851","2.154",764948,"14.734"
"2021-10-07","54374.000",854943,605841,325734,"0.3930","56964946871","4.4980","1.54800","10.213","1024256239132",752801,"830.9580",129606,"117.954","2.968",997109,"14.687"
"2021-10-08","54422.000",844820,540264,279908,"0.3200","48716310647","4.0180","1.47500","12.000","1025214831409",778394,"791.9780",107673,"103.849","2.683",872102,"14.748"
"2021-10-09","54742.000",707791,474569,246039,"0.3890","25740876807","3.2680","1.06300","9.600","1031278942748",710929,"604.4290",92850,"95.598","1.543",853737,"14.743"
"2021-10-10","55138.000",518114,405953,211347,"0.3590","25148017848","3.3220","1.00100","9.057","1038800198918",731880,"642.0220",91018,"90.847","1.266",706038,"14.743"
"2021-10-11","56648.000",725740,517886,280038,"0.3520","61029879355","4.1890","1.43600","9.863","1067294236897",882761,"861.2890",142028,"116.075","2.220",840172,"14.753"
"2021-10-12","56645.000",738196,516478,274021,"0.3380","47064176288","3.9450","1.34800","10.746","1067284130294",725758,"848.7710",114161,"110.807","2.229",831512,"14.754"
"2021-10-13","56000.000",627340,519221,288747,"0.4180","34729840593","3.2640","1.09300","8.521","1055199371357",631362,"721.6210",113945,"101.051","1.569",863446,"14.710"
"2021-10-14","57661.000",751365,536993,282246,"0.3240","44916567805","3.3280","1.07700","10.511","1086552261260",559810,"817.6720",130212,"109.297","1.868",807308,"14.687"
"2021-10-15","59735.000",751697,575955,297605,"0.3830","60998131685","4.0720","1.37600","10.213","1125684928292",772432,"900.8120",232707,"156.091","2.251",890834,"14.718"
"2021-10-16","61309.000",735710,514921,269919,"0.3810","35224050514","3.5640","1.21700","10.827","1155393869674",667586,"672.0720",141705,"131.638","1.853",840446,"14.745"
"2021-10-17","60859.000",509725,428164,215723,"0.4280","24613296116","3.2000","1.02200","9.000","1146978623002",913733,"653.9300",111977,"109.054","1.122",709904,"14.732"
"2021-10-18","61801.000",672473,537634,285220,"0.3700","37832253744","3.4300","0.98900","9.730","1164790028245",872876,"866.4150",140381,"131.239","1.683",842693,"14.717"
"2021-10-19","62672.000",733630,569638,311863,"0.4430","43213382811","3.0160","0.75700","9.290","1181257161377",2236042,"846.6840",176844,"150.464","1.526",929421,"14.696"
"2021-10-20","64842.000",681986,544445,291664,"0.3770","49837645916","4.1670","1.24500","9.664","1222225858270",1090854,"977.6150",290630,"194.172","1.974",843972,"14.743"
"2021-10-21","64384.000",827285,575722,320595,"0.4190","52811558197","4.1020","1.29000","9.730","1213649218687",882843,"840.5520",186417,"170.529","2.161",1000445,"14.693"
"2021-10-22","62236.000",649333,534061,287392,"0.4110","43690100338","3.5010","1.07500","9.114","1173215957296",763353,"799.7090",147588,"146.252","1.612",858752,"14.674"
"2021-10-23","61072.000",592997,456090,223796,"0.3460","23279428057","3.0410","0.82800","9.931","1151332787489",732877,"679.9270",114275,"115.578","1.216",712630,"14.642"
"2021-10-24","60729.000",488516,421347,211067,"0.4200","25383491149","2.5840","0.65000","9.412","1144922353862",798221,"657.1910",106803,"103.186","0.931",651413,"14.651"
"2021-10-25","62611.000",604226,536374,284498,"0.4170","42547507862","3.0860","0.53400","7.912","1180468745450",714894,"795.4930",134501,"117.933","1.219",953115,"14.565"
"2021-10-26","62362.000",682014,548577,293879,"0.3580","55311928405","2.9130","0.70200","9.600","1175833646009",745406,"766.0640",125247,"126.788","1.444",862821,"14.578"
"2021-10-27","59558.000",635704,546046,291957,"0.4020","43990432728","2.5590","0.60000","9.172","1123035835863",595560,"778.7760",126449,"134.236","1.263",843818,"14.579"
"2021-10-28","60198.000",698921,575719,295405,"0.3570","43142224715","2.6450","0.54700","9.412","1135150480684",602662,"746.8050",125041,"125.469","1.340",896187,"14.589"
"2021-10-29","61532.000",609039,590250,305562,"0.4100","44485523031","3.1530","0.64300","8.421","1160369134511",624320,"737.4670",112918,"110.148","1.445",886184,"14.636"
"2021-10-30","61625.000",583959,518018,251906,"0.3710","25703984273","2.5490","0.51800","9.290","1162180646615",779302,"664.4130",91063,"96.272","1.065",750737,"14.648"
"2021-10-31","61102.000",623317,431519,217296,"0.3590","24045166744","2.5280","0.46800","10.360","1152369981816",746570,"723.1040",105589,"98.011","1.025",795305,"14.665"
"2021-11-01","61287.000",755586,555504,293134,"0.3770","41539945386","3.2010","0.63200","9.730","1155930643246",678449,"848.8790",112167,"100.875","1.629",897568,"14.685"
"2021-11-02","62481.000",762090,553003,297244,"0.3870","45216344245","3.6790","0.94900","9.114","1178498811230",741085,"874.1440",137644,"106.291","1.742",867950,"14.671"
"2021-11-03","62829.000",645429,556024,288585,"0.3650","45407406462","3.4690","0.81000","8.944","1185131694952",740620,"826.4080",127439,"103.612","1.560",890217,"14.718"
"2021-11-04","61830.000",732523,558818,288998,"0.3520","42555538384","3.5050","1.01500","10.070","1166348453891",900992,"781.3710",119426,"98.168","1.801",859755,"14.723"
"2021-11-05","61493.000",690394,559028,285791,"0.3770","39912984478","3.7690","1.11300","9.290","1160051161767",932179,"780.2220",115671,"95.561","1.777",887858,"14.734"
"2021-11-06","60938.000",525515,475651,236079,"0.3460","23128232613","2.7790","0.79500","9.351","1149638599103",1122003,"660.5360",97179,"86.722","1.107",725124,"14.711"
"2021-11-07","62105.000",552062,433740,225975,"0.3710","19335536476","2.6470","0.70200","9.412","1171717375969",950014,"685.4060",103642,"87.120","0.998",702425,"14.729"
"2021-11-08","65725.000",727985,531868,285671,"0.3380","69673974848","3.7040","1.07300","10.667","1240062042451",1346936,"974.9820",168461,"128.578","1.873",857935,"14.745"
"2021-11-09","67547.000",840374,592771,335259,"0.4500","52357347404","4.6880","1.56200","9.474","1274512840508",994924,"862.8280",189677,"140.727","2.392",1051093,"14.778"
"2021-11-10","66810.000",793099,557602,300876,"0.3890","42941419697","4.0890","1.34700","9.664","1260662962380",1023875,"901.9320",154746,"128.519","1.940",860428,"14.784"
"2021-11-11","64900.000",683536,546814,293507,"0.3810","41747080599","3.4400","0.99000","9.114","1224676876009",855885,"736.3610",131369,"113.538","1.552",904906,"14.818"
"2021-11-12","64162.000",695662,534789,281907,"0.3660","46481131975","3.3880","0.98600","10.141","1210814303973",917811,"745.2020",121364,"111.473","1.650",820267,"14.772"
"2021-11-13","64030.000",543408,475630,238481,"0.3930","23769823004","2.8710","0.81800","9.412","1208375903549",890365,"650.0900",120378,"101.194","1.107",740931,"14.779"
"2021-11-14","64468.000",483642,431571,223859,"0.3640","24526830315","2.4970","0.63700","9.172","1216713384642",872964,"633.5700",125767,"99.486","0.877",707496,"14.787"
"2021-11-15","65132.000",734774,530044,288284,"0.3560","50929879359","2.8600","0.62900","9.536","1229305949721",985657,"782.7310",137226,"107.735","1.324",929778,"14.784"
"2021-11-16","60894.000",691574,556177,300953,"0.3410","91151619473","2.6260","0.62200","9.600","1149379516424",2450460,"819.4480",141774,"135.201","1.366",891864,"14.821"
"2021-11-17","59850.000",732291,535018,290241,"0.3320","80681808603","2.7770","0.65700","9.664","1129732014407",1274281,"754.4040",128054,"122.803","1.426",886183,"14.811"
"2021-11-18","59049.000",689806,552554,293723,"0.3280","63638641827","2.3650","0.59500","10.000","1114653001133",1105959,"777.0060",134465,"127.125","1.291",817116,"14.674"
"2021-11-19","57169.000",705811,544917,284582,"0.3040","53544805999","2.6520","0.76600","10.511","1079225166530",924911,"785.3020",150357,"122.422","1.519",844070,"14.697"
"2021-11-20","58631.000",585914,480018,249507,"0.3420","31949323098","3.0470","0.74000","9.931","1106868016960",823777,"625.1830",128237,"101.813","1.411",750953,"14.717"
"2021-11-21","59111.000",618136,433492,222817,"0.3210","19316487199","2.4490","0.50600","10.909","1115980878378",950976,"628.5820",140192,"95.376","1.107",708518,"14.717"
"2021-11-22","57360.000",679292,477579,279024,"0.3250","45135932723","2.5300","0.57700","10.213","1082983697218",890870,"731.8250",132390,"107.290","1.378",800554,"14.677"
"2021-11-23","56882.000",640561,497766,283269,"0.3060","58759053100","2.4680","0.61900","10.909","1073997488080",879733,"739.6500",128649,"114.046","1.468",794645,"14.668"
"2021-11-24","56748.000",628281,519078,298752,"0.3390","88877369427","2.6630","0.67300","9.172","1071520450542",929537,"709.4480",116024,"116.541","1.409",929968,"14.631"
"2021-11-25","58177.000",685504,536543,287366,"0.2970","110487479066","3.0080","0.89600","11.077","1098557921820",1065622,"711.0290",114979,"103.439","1.797",851445,"14.644"
"2021-11-26","55921.000",720365,541991,292513,"0.3400","95852975754","2.7860","0.98800","10.909","1055999509142",960186,"773.3480",146605,"130.559","1.737",871237,"14.606"
"2021-11-27","54662.000",502435,450940,240616,"0.3030","32568865779","1.9180","0.56800","10.070","1032268954728",658998,"600.9060",120878,"106.646","0.937",673657,"14.593"
"2021-11-28","54581.000",508781,409089,213629,"0.3210","21426456561","1.8810","0.45300","10.360","1030788376124",821283,"641.5700",118553,"100.147","0.841",708189,"14.575"
"2021-11-29","57563.000",662325,539535,301154,"0.3240","53588226615","2.1280","0.53400","10.070","1087157920735",793897,"748.1830",142628,"106.753","1.231",857331,"14.539"
"2021-11-30","57338.000",663480,560218,293742,"0.3000","75230737020","2.4670","0.74800","10.746","1082962982467",831774,"797.5040",116550,"108.296","1.487",794425,"14.455"
"2021-12-01","57373.000",852915,538675,288285,"0.3460","69601863241","4.0920","1.42000","10.511","1083661246960",750398,"845.4070",138996,"98.289","2.346",936971,"14.599"
"2021-12-02","56692.000",822405,558192,313106,"0.3370","57555066246","3.4180","1.22200","9.290","1070850473733",691370,"684.6930",121726,"94.268","1.912",1044904,"14.737"
"2021-12-03","55868.000",581741,554089,289971,"0.3310","47501113911","2.5590","0.92100","8.571","1055350178920",674606,"732.6100",125774,"99.258","1.250",901449,"14.701"
"2021-12-04","49075.000",577291,513404,253519,"0.2660","81409741728","3.3790","0.74800","9.290","927076726602",846227,"808.8510",196868,"222.647","1.771",803225,"14.646"
"2021-12-05","49085.000",582849,418884,215047,"0.2950","45476087775","4.9860","1.43800","8.675","927312024861",665205,"639.2470",124214,"154.957","2.064",859137,"14.548"
"2021-12-06","48807.000",589435,516034,284295,"0.2940","70921283160","2.2300","0.61400","8.372","922115166515",935239,"746.4150",153780,"147.834","1.194",922591,"14.519"
"2021-12-07","50984.000",699900,534233,288189,"0.2750","52721786628","2.0140","0.44400","9.351","963293367821",924654,"758.5800",161163,"128.827","1.170",896511,"14.512"
"2021-12-08","50293.000",549495,483307,265942,"0.2790","39050953883","1.9570","0.45500","8.571","950342625189",818741,"754.0270",152439,"114.993","0.976",786822,"14.577"
"2021-12-09","49089.000",814262,498081,282612,"0.2870","33029726377","2.0910","0.47400","8.834","927593241659",543361,"762.5110",135187,"116.485","1.169",976924,"14.769"
"2021-12-10","48247.000",554255,507953,271219,"0.2670","34483010704","2.0610","0.54800","9.231","911740140587",535331,"712.4820",131883,"113.880","1.175",808932,"14.729"
"2021-12-11","48444.000",477420,430294,225582,"0.2550","19519493098","1.7030","0.46500","9.536","915504652033",551789,"581.9660",127315,"100.218","0.834",711117,"14.713"
"2021-12-12","49536.000",472455,405296,214668,"0.2470","11482872519","1.5090","0.28700","10.286","936174868789",520178,"560.4730",140184,"95.487","0.742",629088,"14.700"
"2021-12-13","48237.000",633354,497351,278070,"0.2500","29701422063","2.2440","0.68800","10.213","911681849547",528045,"773.8390",144296,"115.325","1.448",795484,"14.646"
"2021-12-14","47180.000",583481,497983,278127,"0.2550","30302120250","1.9870","0.55900","9.730","891743577830",1503280,"696.3990",141026,"128.051","1.251",792579,"14.620"
"2021-12-15","48126.000",703016,515343,280962,"0.2540","33106449329","1.9910","0.59600","10.213","909672725649",675214,"709.0220",146865,"117.410","1.302",904889,"14.614"
"2021-12-16","48590.000",696175,486497,256091,"0.2130","37580336813","1.9870","0.54300","12.522","918469184506",656060,"718.2790",123918,"103.867","1.437",756854,"14.529"
"2021-12-17","47079.000",741576,474919,263346,"0.2830","42790573178","2.3230","0.68900","9.664","889948351305",543050,"705.4460",116145,"104.980","1.377",878339,"14.647"
"2021-12-18","46612.000",675756,430895,239042,"0.2330","29360901792","1.7240","0.48000","11.250","881153539169",546386,"560.4210",116620,"98.576","1.093",767597,"14.767"
"2021-12-19","47192.000",431497,410728,206570,"0.2570","14523019319","1.5950","0.40800","9.664","892172572594",543457,"594.2660",113612,"87.429","0.745",626471,"14.754"
"2021-12-20","46424.000",634853,501698,266803,"0.2480","27268646354","1.9140","0.55800","10.000","877688365044",515763,"702.4580",124159,"105.581","1.208",883059,"14.721"
"2021-12-21","48396.000",616340,548133,304552,"0.2670","37878987983","1.8900","0.54900","8.944","915022492561",430447,"672.6240",137590,"104.275","1.169",885977,"14.707"
"2021-12-22","48978.000",643247,521764,288347,"0.2510","27561189502","1.8430","0.49600","9.730","926072161057",541074,"695.1360",120983,"98.103","1.160",861945,"14.650"
"2021-12-23","49064.000",601433,548787,291647,"0.2560","26381145067","1.8470","0.47300","9.474","927738094850",540632,"656.1550",133215,"100.489","1.143",830422,"14.683"
"2021-12-24","51034.000",775587,495489,260414,"0.2700","29775719784","2.3650","0.56600","9.536","965035390887",560185,"681.6820",122898,"103.044","1.263",846088,"14.752"
"2021-12-25","50830.000",758216,420645,207656,"0.2570","31884381059","2.0370","0.43600","9.796","961235430028",589944,"576.3290",110526,"95.131","0.898",762142,"14.959"
"2021-12-26","50143.000",589151,414081,198440,"0.2490","16909554635","1.9590","0.44900","10.746","948283121766",622169,"580.7980",91493,"91.851","0.918",631891,"14.958"
"2021-12-27","51062.000",739046,481096,249400,"0.2840","38330614710","2.6940","0.72600","9.730","965719249881",641079,"739.9510",105198,"97.230","1.403",805432,"14.963"
"2021-12-28","48887.000",841232,529337,265288,"0.2420","37426337805","3.2910","1.04100","10.746","924616971203",603487,"679.3250",118350,"101.378","2.089",892005,"14.997"
"2021-12-29","47594.000",790642,532278,275938,"0.2580","40706162986","2.8300","0.94000","9.931","900198942007",602901,"662.0010",111906,"99.935","1.779",968062,"15.010"
"2021-12-30","47092.000",846273,515166,244902,"0.2170","47199057073","3.3950","1.32500","12.101","890750095571",606245,"744.4360",126646,"98.683","2.320",834412,"15.002"
"2021-12-31","47298.000",791674,524841,269391,"0.2890","31476272732","3.1730","1.03000","9.664","894688253189",559359,"594.1460",116434,"91.295","1.905",968825,"15.032"
"2022-01-01","47103.000",391466,385845,186662,"0.2530","12823771233","2.3500","0.74700","8.372","891041272393",584123,"587.6940",93876,"89.435","0.860",611192,"15.028"
"2022-01-02","47238.000",437490,402407,196707,"0.2310","18390103127","2.2230","0.71600","9.114","893654685986",538878,"590.6300",114214,"89.718","0.930",639955,"15.030"
"2022-01-03","46829.000",634831,474622,234653,"0.2330","30187475443","2.3130","0.66000","10.286","885941857659",677913,"696.3530",157281,"95.765","1.308",791102,"15.029"
"2022-01-04","46438.000",661546,516546,274397,"0.2510","25673872256","2.2480","0.67300","9.796","878604152334",539991,"632.1390",152831,"93.839","1.426",826854,"15.074"
"2022-01-05","45916.000",669347,525136,272005,"0.2460","30186646270","2.6740","0.83500","9.600","868767873924",688635,"651.3790",149229,"105.720","1.662",854221,"15.084"
"2022-01-06","43100.000",672636,519090,264753,"0.2340","40639300311","2.4800","0.84200","9.863","815515486555",618548,"654.4350",174937,"144.394","1.643",836017,"15.116"
"2022-01-07","42023.000",703306,502311,255241,"0.2100","31766368094","2.3550","0.64000","10.286","795172105822",595550,"678.3590",179285,"149.039","1.609",777666,"15.131"
"2022-01-08","41706.000",560941,443256,223776,"0.2190","16915381054","1.8070","0.53300","10.000","789227148318",525305,"547.7860",146927,"128.978","1.066",709802,"15.144"
"2022-01-09","41902.000",524766,426424,210002,"0.2190","11289383287","1.5690","0.40900","10.213","792962759765",528972,"523.1380",139164,"123.650","0.885",627993,"15.142"
"2022-01-10","41605.000",691144,510077,266601,"0.2110","24333959852","1.7880","0.52400","10.141","787386425626",534448,"662.0640",163362,"133.502","1.275",817677,"15.110"
"2022-01-11","42189.000",611379,527215,277540,"0.2410","29092631259","1.7800","0.49300","9.114","798472738536",1119563,"605.8770",151517,"120.248","1.173",834578,"15.011"
"2022-01-12","43175.000",695508,518200,271794,"0.2130","32437968475","1.8520","0.49800","10.360","817165028686",738359,"632.1150",163623,"114.806","1.325",841692,"15.021"
"2022-01-13","43433.000",532216,523511,274336,"0.2440","31046028886","1.6520","0.39400","8.045","822097011285",676860,"606.6050",155209,"105.521","0.925",813708,"15.003"
"2022-01-14","42745.000",616822,527343,270723,"0.2120","27132444317","1.5270","0.33700","9.057","809121041168",610990,"593.8640",139135,"103.953","0.964",828799,"15.024"
"2022-01-15","43128.000",484655,471726,234207,"0.2170","16853674210","1.3680","0.30600","8.675","816416664153",726717,"507.3120",119554,"87.333","0.711",690000,"15.050"
"2022-01-16","43093.000",438151,435433,215976,"0.2350","14367396580","1.2700","0.24400","8.229","815797277834",753653,"499.6240",124308,"86.517","0.579",673606,"15.049"
"2022-01-17","42545.000",605397,483733,257980,"0.2100","27386510924","1.4990","0.28200","8.944","805471956685",613102,"574.6160",137749,"92.352","0.896",856145,"15.032"
"2022-01-18","41930.000",672610,494479,264921,"0.2000","23148558735","1.5000","0.32800","10.588","793866878171",688844,"581.8850",154438,"98.298","1.103",780138,"15.001"
"2022-01-19","41916.000",546606,501062,270161,"0.2430","23154068653","1.3440","0.28300","8.324","793638316873",584228,"573.2150",154193,"93.059","0.795",807106,"14.896"
"2022-01-20","42215.000",581890,516885,271096,"0.2070","23614285441","1.5480","0.37000","8.521","799347826056",549655,"605.4210",166562,"95.387","0.933",794020,"14.874"
"2022-01-21","38697.000",779072,539748,272214,"0.1760","66060968049","1.7270","0.44100","10.746","732778353114",734870,"726.3070",213699,"183.544","1.430",857528,"14.846"
"2022-01-22","35519.000",784415,486794,250160,"0.1710","48015918265","1.5820","0.40100","10.746","672613085833",906027,"619.1920",228883,"232.637","1.314",866750,"14.964"
"2022-01-23","35411.000",529247,406488,203845,"0.1680","20709069301","1.3350","0.30600","10.213","670600376171",992199,"478.8080",165450,"174.020","0.865",665015,"15.006"
"2022-01-24","35098.000",674936,495375,270562,"0.1720","46887556721","1.5100","0.39700","9.600","664718888414",875006,"652.2660",188870,"219.620","1.227",766032,"14.985"
"2022-01-25","36508.000",590732,486850,264976,"0.1760","37196746582","1.4950","0.38100","9.474","691447031508",781559,"610.5810",179311,"167.948","1.130",791504,"14.984"
"2022-01-26","37493.000",680825,488839,260940,"0.1670","40298679526","1.7230","0.50500","11.077","710142406876",596026,"614.8090",181781,"153.884","1.455",709850,"15.019"
"2022-01-27","36352.000",695740,489295,255794,"0.1730","40694761650","1.6560","0.50900","10.992","688558767246",566970,"575.8760",172294,"137.765","1.404",775016,"14.924"
"2022-01-28","37038.000",627205,508470,264455,"0.1860","40455601303","1.7550","0.51600","9.351","701582206031",594554,"565.8910",189813,"127.233","1.286",802527,"14.913"
"2022-01-29","37817.000",608911,446095,230889,"0.1850","32059900481","2.0200","0.52900","9.664","716378923992",640180,"480.4070",156568,"110.755","1.308",721783,"15.021"
"2022-01-30","37953.000",678835,415353,207027,"0.1690","24920843070","1.9340","0.53500","9.863","718984355057",691229,"475.7590",138478,"105.431","1.144",648389,"15.109"
"2022-01-31","37556.000",847035,507333,263267,"0.1860","30231682209","1.8580","0.50600","10.070","711497659165",560697,"628.5400",179778,"111.131","1.437",839865,"15.307"
"2022-02-01","38555.000",765648,517831,272830,"0.1880","40297295038","2.0780","0.57500","9.351","730461684186",550455,"647.6600",188410,"115.687","1.506",904862,"15.728"
"2022-02-02","38061.000",664814,515853,278832,"0.1830","25091441221","1.6760","0.51100","9.412","721137399205",455112,"588.9140",166251,"108.520","1.268",859462,"15.723"
"2022-02-03","36802.000",655938,504207,265197,"0.1700","28386628582","1.4730","0.43700","9.796","697320658903",500619,"579.7680",143784,"109.826","1.143",802654,"15.728"
"2022-02-04","38631.000",695131,498732,247816,"0.1670","81508171528","2.1760","0.66100","11.077","732008135723",698195,"643.9050",200217,"116.608","1.690",708499,"15.728"
"2022-02-05","41523.000",844044,499385,258527,"0.1970","35036390434","2.2690","0.78800","12.101","786842568294",566926,"530.9170",204640,"119.787","1.865",831724,"15.741"
"2022-02-06","41593.000",582209,426008,219040,"0.2180","21710890698","1.9500","0.67900","9.231","788204720181",578271,"508.0190",168851,"98.983","1.043",792439,"15.758"
"2022-02-07","43092.000",679807,500810,261898,"0.1930","65661088044","2.3930","0.78500","10.588","816649060153",776373,"698.3210",209960,"124.556","1.683",775299,"15.730"
"2022-02-08","43854.000",731727,513998,276696,"0.2200","40098121702","2.2990","0.73100","9.351","831137530851",1894972,"669.5540",197654,"117.807","1.485",906194,"15.712"
"2022-02-09","43922.000",811896,501728,265664,"0.2150","33659196476","2.4100","0.73800","10.286","832450164971",890720,"664.4480",235034,"115.655","1.640",865279,"15.716"
"2022-02-10","44331.000",868433,507110,260666,"0.2090","52850670418","3.3300","0.97400","9.796","840248672204",911096,"672.8430",188566,"110.420","2.088",875303,"15.614"
"2022-02-11","43185.000",822619,507448,258453,"0.2040","38553861155","2.7980","0.86000","10.141","818565205397",654711,"652.0900",160947,"100.295","1.853",829513,"15.599"
"2022-02-12","42333.000",777564,452812,228002,"0.2320","11005329104","2.2980","0.70500","7.701","802469829813",591429,"534.1220",139913,"89.075","1.049",946831,"15.602"
"2022-02-13","42336.000",485838,443707,208819,"0.1840","8851274853","1.7650","0.58000","9.114","802573585227",666525,"508.1610",146416,"81.791","0.875",701443,"15.605"
"2022-02-14","42232.000",582209,460997,247439,"0.1850","33309838745","1.9050","0.53000","9.412","800637108396",675359,"643.9060",327624,"95.235","1.154",791520,"15.611"
"2022-02-15","43867.000",583704,504487,273448,"0.2260","29629595369","2.0020","0.54300","8.229","831674771791",549359,"661.0660",194553,"97.288","1.129",895435,"15.625"
"2022-02-16","43998.000",588468,509246,266632,"0.1930","42935460144","1.6650","0.47300","9.231","834198993478",645552,"631.7080",176011,"90.003","1.025",790134,"15.619"
"2022-02-17","42666.000",584692,491481,255416,"0.1970","43870432783","1.6570","0.43200","9.172","808999764695",611947,"600.3910",200939,"95.235","1.001",813510,"15.644"
"2022-02-18","40411.000",723916,500528,260921,"0.1820","37701768008","1.4580","0.35400","10.746","766277165970",607314,"600.6320",167864,"97.288","1.112",810035,"15.657"
"2022-02-19","40065.000",551634,425693,220524,"0.1890","24890350346","1.2490","0.29800","9.664","759742035057",585420,"499.3570",143867,"84.991","0.733",740550,"15.676"
"2022-02-20","38767.000",489246,404707,200391,"0.1710","18414995904","1.1080","0.24800","10.000","735166255508",659821,"492.8710",152590,"95.433","0.633",647277,"15.677"
"2022-02-21","38507.000",718266,453023,237279,"0.1620","40909042607","1.5510","0.40200","11.707","730258444243",809254,"593.8760",170678,"104.305","1.228",723076,"15.677"
"2022-02-22","37400.000",591847,482074,260113,"0.1820","31282493208","1.3160","0.33300","9.474","709312556743",683825,"572.1830",177978,"115.889","0.955",792011,"15.687"
"2022-02-23","38221.000",573288,462873,251125,"0.1690","20570844086","1.2280","0.27700","9.600","724919859785",547327,"577.3560",172708,"96.913","0.854",737429,"15.675"
"2022-02-24","36117.000",740708,504016,254007,"0.1550","42761529880","1.4570","0.36700","10.909","685032857317",608906,"693.1260",178626,"186.977","1.228",818112,"15.732"
"2022-02-25","38813.000",706475,518958,260206,"0.1790","39252819699","1.7150","0.38300","10.746","736202667745",644755,"589.9920",193110,"128.214","1.355",796992,"15.677"
"2022-02-26","39217.000",625662,440043,220298,"0.1690","13407416096","1.1990","0.29200","11.520","743903093445",556576,"491.1620",161648,"79.059","0.855",708744,"15.682"
"2022-02-27","38714.000",562698,430686,211028,"0.1920","17641412217","1.2730","0.26000","10.588","734393738387",539980,"482.7940",131521,"95.996","0.810",683168,"15.665"
"2022-02-28","39337.000",651274,518142,270764,"0.1820","48134805235","1.3570","0.27700","9.351","746252850809",627775,"641.4940",185466,"118.282","0.962",804142,"15.660"
"2022-03-01","43632.000",679787,534404,280472,"0.2010","64897325099","3.0230","0.65100","8.889","827776176056",775749,"723.7490",211023,"131.096","1.884",878925,"15.583"
"2022-03-02","44055.000",823964,537178,288521,"0.1860","37092768206","4.4690","1.75200","10.588","835825341029",554069,"644.0740",158660,"113.345","3.330",941384,"15.586"
"2022-03-03","43130.000",691719,520480,268096,"0.2050","35736708912","3.2640","1.16300","9.730","818326966010",634550,"592.8210",150098,"100.726","2.148",861005,"15.624"
"2022-03-04","40909.000",704316,506476,261962,"0.1830","37006569380","2.3930","0.82000","10.360","776214277062",555063,"579.2580",149694,"98.730","1.734",798956,"15.551"
"2022-03-05","39056.000",661466,444375,225198,"0.1670","23877703451","1.9530","0.68200","11.707","741086452850",453674,"488.4970",121698,"69.683","1.444",688209,"15.581"
"2022-03-06","38897.000",590337,409509,206985,"0.1920","11405088865","1.7770","0.60300","10.992","738103853364",519343,"464.8870",122650,"81.609","1.143",655343,"15.581"
"2022-03-07","38233.000",638885,476456,255293,"0.1850","25422850380","1.6890","0.52700","9.730","725546160372",537389,"574.8340",147188,"96.810","1.206",789968,"15.581"
"2022-03-08","38584.000",651566,488001,255623,"0.1840","19205609620","1.5980","0.36500","9.730","732235032691",1339138,"577.8600",133210,"92.058","1.132",849271,"15.589"
"2022-03-09","41317.000",698857,517054,272667,"0.1790","43844998655","1.7060","0.51100","10.435","784132594275",1141463,"629.5450",189906,"103.416","1.289",800419,"15.520"
"2022-03-10","39547.000",686146,506975,261408,"0.1850","25641150256","1.7620","0.53100","9.931","750576929241",740019,"554.1390",158285,"94.375","1.270",893454,"15.528"
"2022-03-11","38901.000",652241,497448,252245,"0.1710","27350588576","1.7010","0.50400","10.435","738347804512",636417,"557.9340",148462,"84.704","1.264",742358,"15.485"
"2022-03-12","38996.000",511365,443531,224992,"0.1910","13432683928","1.3660","0.40400","9.231","740192403653",590731,"450.4520",132194,"60.605","0.803",707806,"15.489"
"2022-03-13","38776.000",492624,409747,207941,"0.1710","9973496154","1.2630","0.34500","9.536","736056193468",647187,"434.5880",121519,"70.896","0.713",640862,"15.477"
"2022-03-14","38654.000",622395,485797,259439,"0.1780","22548274537","1.5360","0.41700","9.412","733778089153",650059,"546.0410",159575,"80.838","1.067",765244,"15.512"
"2022-03-15","38933.000",700019,502677,263039,"0.1760","22021497359","1.4530","0.39700","10.360","739104016450",542578,"551.3100",187310,"75.876","1.118",791609,"15.534"
"2022-03-16","40098.000",658893,529974,276235,"0.1940","35297321534","1.4840","0.39900","9.290","761260401385",605834,"589.2620",189924,"74.192","1.045",861790,"15.515"
"2022-03-17","40722.000",643327,535994,278641,"0.1940","27427855596","1.5360","0.43200","9.057","773140733090",600086,"539.2420",135071,"73.122","1.047",909764,"15.525"
"2022-03-18","40678.000",688435,519433,261175,"0.1740","27948266998","1.6500","0.43400","10.070","772345932464",525739,"541.5690",134534,"71.346","1.172",849841,"15.492"
"2022-03-19","41493.000",571738,463699,242269,"0.2030","17807973176","1.3780","0.37300","9.290","787872025685",621742,"478.4580",168467,"55.890","0.824",781703,"15.503"
"2022-03-20","41413.000",493636,406251,210393,"0.1840","15914524806","1.2710","0.30000","9.351","786383129470",491395,"454.1500",172926,"63.259","0.667",692782,"15.498"
"2022-03-21","41100.000",612943,477545,259759,"0.1900","33574395199","1.5020","0.36700","9.412","780476528382",712075,"553.8680",211908,"68.466","0.983",778299,"15.476"
"2022-03-22","42431.000",639844,499333,264420,"0.1860","36749124609","1.7340","0.52200","9.664","805802924793",579983,"629.2730",338732,"74.255","1.148",802223,"15.458"
"2022-03-23","42247.000",702531,492109,264037,"0.2040","29348960581","1.7320","0.56200","9.931","802332752978",533217,"574.8190",193049,"72.460","1.181",810333,"15.453"
"2022-03-24","43324.000",661257,498050,262844,"0.1900","43944521804","1.8750","0.61100","10.070","822838145810",583411,"613.1590",238723,"77.812","1.257",838596,"15.459"
"2022-03-25","44274.000",679955,548095,290563,"0.2230","50643881978","1.9670","0.63300","9.231","840922756640",643383,"592.3730",255709,"77.489","1.307",933994,"15.546"
"2022-03-26","44390.000",499029,440067,230870,"0.2040","20006280315","1.5740","0.50400","8.944","843163680470",637538,"506.1110",193514,"55.628","0.807",727358,"15.557"
"2022-03-27","44930.000",595651,421737,218071,"0.1860","23248035187","1.5400","0.45300","10.992","853452614500",678394,"505.2310",202928,"69.528","0.905",696507,"15.548"
"2022-03-28","47302.000",683575,520476,293145,"0.2470","52008272044","1.7450","0.49000","9.057","898559122371",764524,"649.3520",239616,"92.645","1.077",916092,"15.531"
"2022-03-29","47546.000",656320,519299,286789,"0.2060","38155147968","1.6510","0.47500","9.536","903241368632",737579,"609.2590",234380,"81.265","1.045",828096,"15.464"
"2022-03-30","47240.000",727827,485753,272729,"0.2040","42881011444","1.9350","0.60900","10.667","897463979077",637283,"590.5180",200360,"75.506","1.308",769223,"15.466"
"2022-03-31","46673.000",718935,516129,279072,"0.2110","44728807404","2.7760","1.06300","10.435","886743905614",655276,"662.9790",164113,"73.171","1.889",806205,"15.459"
"2022-04-01","45524.000",767453,540178,283964,"0.2000","47239803230","3.1470","1.18000","10.213","864950114624",550428,"620.1420",179037,"73.969","2.180",953530,"15.411"
"2022-04-02","46450.000",703915,477737,254307,"0.2120","27391681653","2.3650","0.88800","10.667","882591792912",733943,"507.0650",153775,"52.679","1.512",833260,"15.405"
"2022-04-03","46321.000",586121,421599,225425,"0.2120","20439075571","2.1440","0.79900","10.360","880164294189",605300,"502.3060",157596,"62.165","1.188",697717,"15.400"
"2022-04-04","46041.000",635486,504316,274948,"0.2120","24274276449","2.1020","0.67200","9.114","874900040518",592880,"608.2200",171339,"66.577","1.256",855479,"15.484"
"2022-04-05","46345.000",642582,502015,273285,"0.1900","29353260236","1.8450","0.58900","9.931","880717799495",1300795,"576.2880",186859,"68.388","1.187",815438,"15.491"
"2022-04-06","44634.000",622486,490459,273490,"0.2080","49383551581","1.6790","0.52900","9.600","848235212918",1028749,"576.1320",170628,"70.894","1.086",804316,"15.473"
"2022-04-07","43453.000",704504,498290,269266,"0.1810","52894392016","1.6200","0.50300","10.435","825844959620",893251,"551.3550",229396,"65.216","1.151",784526,"15.475"
"2022-04-08","43305.000",675392,504813,266671,"0.1890","55543271543","1.8630","0.67600","10.746","823060782668",803142,"542.6770",224374,"62.504","1.352",807363,"15.470"
"2022-04-09","42453.000",530980,438342,232639,"0.2080","19545003653","1.4870","0.52800","9.412","806914076919",608851,"470.8880",184632,"46.691","0.846",711262,"15.500"
"2022-04-10","42755.000",526941,398067,216306,"0.1750","21937614424","1.3500","0.42800","10.286","812677387796",671089,"459.1930",155906,"54.248","0.775",645978,"15.496"
"2022-04-11","41238.000",706788,490951,276486,"0.1810","61942613856","1.5670","0.43700","10.511","783890320185",854687,"536.6620",163866,"73.972","1.213",823666,"15.478"
"2022-04-12","39931.000",662856,495067,278686,"0.1860","69614019395","1.5350","0.46800","9.412","759075015617",719720,"510.3280",172805,"69.035","1.109",863226,"15.463"
"2022-04-13","40459.000",693879,493063,276828,"0.1750","76365851611","1.7340","0.58700","10.286","769153050265",752580,"515.2150",156392,"65.473","1.338",801187,"15.424"
"2022-04-14","40705.000",671615,490453,265399,"0.1790","79559938994","1.6970","0.51700","10.435","773867413913",842523,"532.0590",160735,"60.887","1.267",763036,"15.442"
"2022-04-15","40226.000",561261,494926,254673,"0.1910","53232184033","1.4000","0.41200","9.114","764790750915",652422,"499.4750",151715,"58.966","0.890",786001,"15.454"
"2022-04-16","40399.000",574595,439083,225352,"0.1740","27294678975","1.1520","0.33200","10.746","768109403130",571615,"441.7360",108618,"41.280","0.762",692624,"15.423"
"2022-04-17","40318.000",456390,403925,207159,"0.1910","11680490579","1.0400","0.22700","8.727","766622393980",649930,"424.9110",120673,"49.156","0.516",645501,"15.422"
"2022-04-18","39660.000",695206,462143,246287,"0.1610","68679449012","1.3710","0.34500","10.746","754146332876",871035,"537.0410",157955,"61.611","1.007",775398,"15.401"
"2022-04-19","41050.000",754059,512936,273044,"0.1780","51146965637","1.4090","0.43500","11.613","780600912715",747457,"567.8540",166556,"56.895","1.195",828681,"15.411"
"2022-04-20","41462.000",621030,523228,285495,"0.2070","50251783168","1.2920","0.36400","9.000","788482381435",616960,"541.1990",196643,"54.621","0.882",874665,"15.474"
"2022-04-21","41706.000",598510,527590,282269,"0.1930","95234732482","1.6060","0.47100","8.521","793163519553",808139,"542.8340",244872,"57.395","1.019",861921,"15.460"
"2022-04-22","40149.000",681538,505477,260795,"0.1560","117167489442","1.6890","0.53100","10.667","763595044458",845880,"542.5090",206254,"55.880","1.284",789114,"15.450"
"2022-04-23","39684.000",527986,456027,234815,"0.1870","62152450864","1.3860","0.44800","8.834","754783091400",794353,"454.2100",138774,"39.680","0.799",783266,"15.455"
"2022-04-24","39645.000",465495,433552,221821,"0.1910","81216247354","1.2010","0.38900","8.421","754089174000",943944,"444.2180",129862,"45.453","0.625",712513,"15.458"
"2022-04-25","39226.000",686389,503467,277255,"0.1810","183384886047","1.8140","0.58600","8.889","746161688244",1143798,"560.3030",187800,"59.000","1.251",884389,"15.471"
"2022-04-26","39694.000",692736,513565,273157,"0.1580","147543280284","1.6430","0.61000","10.286","755094312380",1097822,"586.8810",157378,"61.102","1.276",792360,"15.447"
"2022-04-27","38810.000",575156,517414,286935,"0.1880","155718392313","1.5100","0.51700","8.471","738326303070",919364,"538.0750",167153,"56.754","1.040",856359,"15.471"
"2022-04-28","39615.000",743223,516188,275633,"0.1470","170922140083","1.6200","0.56100","10.909","753662141843",995895,"590.9640",161634,"54.773","1.349",881750,"15.488"
"2022-04-29","39101.000",714421,546817,286413,"0.1740","103738276507","1.8600","0.58300","9.600","743923761407",732969,"606.7470",146452,"52.014","1.433",901938,"15.489"
"2022-04-30","38509.000",646810,505278,261480,"0.1670","49377798815","1.5410","0.50400","9.600","732699913008",554341,"478.5540",119651,"39.580","1.104",840027,"15.486"
"2022-05-01","38058.000",462319,454325,232155,"0.1700","55968183321","1.2810","0.42600","8.623","724162204193",658314,"473.8050",140890,"51.365","0.744",709295,"15.466"
"2022-05-02","38684.000",589332,504178,272046,"0.1550","93287988316","1.5140","0.50100","9.000","736112364783",905913,"599.0520",140078,"52.919","1.054",810010,"15.393"
"2022-05-03","38264.000",596713,509281,277745,"0.1640","76985866929","1.3320","0.43400","9.600","728150265595",1213754,"557.6800",132370,"51.365","1.021",830218,"15.364"
"2022-05-04","38809.000",663673,452019,232899,"0.1590","113585028193","2.1020","0.59800","9.863","738545416895",1044679,"647.9150",151707,"51.005","1.365",743637,"15.418"
"2022-05-05","38452.000",858315,552517,315602,"0.1760","203730363490","2.7220","0.89600","9.172","731793183173",1214640,"567.9090",157763,"64.232","2.227",978934,"15.481"
"2022-05-06","36159.000",779808,520385,286745,"0.1480","185363468694","2.1390","0.82200","10.141","688194110460",1063788,"579.2250",163500,"65.899","1.876",955707,"15.472"
"2022-05-07","35876.000",635385,451190,231480,"0.1480","83020002808","2.1360","0.75800","10.070","682830309702",665790,"501.1570",153072,"43.003","1.519",749257,"15.542"
"2022-05-08","34566.000",558979,441448,233737,"0.1530","104249782454","1.8100","0.68700","9.290","657928867344",748451,"505.1550",172363,"63.091","1.248",749042,"15.559"
"2022-05-09","32700.000",688250,515135,279356,"0.1440","167121091259","2.3160","0.84500","9.290","622458037209",925405,"659.1890",238816,"111.317","2.003",859324,"15.551"
"2022-05-10","31334.000",629041,530233,279505,"0.1340","157776040967","1.9550","0.80100","9.412","596483005155",952109,"597.0090",205069,"113.573","1.792",866243,"15.601"
"2022-05-11","30593.000",738044,510675,262538,"0.1230","98924998898","2.5190","0.89900","9.931","582401328629",853360,"761.7150",184822,"119.008","2.331",826344,"15.587"
"2022-05-12","28537.000",868676,528824,274069,"0.1080","168578603357","3.0880","1.08500","10.667","543280435719",1043207,"897.8310",203239,"183.113","3.397",908074,"15.674"
"2022-05-13","30174.000",887395,543211,269728,"0.1340","130951313555","3.5280","1.15200","9.474","574483518277",756341,"737.7250",173856,"140.997","3.215",900628,"15.761"
"2022-05-14","29393.000",865939,547133,290084,"0.1180","81078881296","2.5940","0.91600","10.213","559628116918",466135,"457.2700",140872,"83.008","2.824",969833,"15.764"
"2022-05-15","30116.000",810517,442172,235311,"0.1160","31390505651","2.0840","0.81100","11.803","573423546406",358249,"469.0680",150626,"81.565","2.092",892319,"15.766"
"2022-05-16","29997.000",848164,491122,271970,"0.1390","48055736519","2.3180","0.87100","8.780","571195936196",500882,"576.5140",196060,"86.969","2.010",973200,"15.743"
"2022-05-17","30281.000",793036,510785,278349,"0.1180","44271531411","2.0570","0.78700","9.796","576629941030",437643,"579.9790",166609,"82.647","2.018",890565,"15.727"
"2022-05-18","29621.000",661731,489016,262773,"0.1160","42178665639","1.8640","0.75900","10.746","564082761050",331758,"582.9840",131845,"76.582","1.938",797154,"15.765"
"2022-05-19","29546.000",744359,504000,262357,"0.1170","31179874208","1.9250","0.78000","11.803","562682854943",309987,"589.5890",142912,"75.716","2.193",757574,"15.740"
"2022-05-20","29822.000",776259,510364,266906,"0.1220","35049433691","1.9110","0.76700","11.250","567945892525",271835,"550.6850",147520,"70.371","2.094",815293,"15.738"
"2022-05-21","29343.000",592801,440518,225090,"0.1260","12756135187","1.5680","0.63400","10.667","558849465517",198848,"495.0320",105572,"48.689","1.407",680745,"15.732"
"2022-05-22","29797.000",618324,406903,208925,"0.1060","14187822291","1.6610","0.68200","11.803","567517044606",169528,"496.4190",158680,"56.308","1.505",621004,"15.731"
"2022-05-23","30108.000",613115,479190,264946,"0.1430","23408415450","1.7990","0.69400","9.000","573479179707",239934,"589.3750",142432,"65.055","1.559",823650,"15.730"
"2022-05-24","29312.000",664430,461229,235746,"0.1010","39204590444","2.0110","0.78700","12.000","558331947288",318775,"597.1640",126751,"66.805","2.112",753819,"15.756"
"2022-05-25","29758.000",726142,536971,288698,"0.1390","26486473959","2.0070","0.80600","10.000","566865775310",199072,"558.2150",121921,"57.408","2.118",900212,"15.779"
"2022-05-26","29457.000",650557,497151,262226,"0.1230","30257640990","1.9800","0.75300","10.213","561148292918",260645,"575.6040",111074,"61.154","1.962",769395,"15.776"
"2022-05-27","28904.000",711281,535878,270315,"0.1230","35134271193","1.8660","0.71200","10.435","550651696243",300367,"581.3190",103966,"63.171","1.985",827883,"15.762"
"2022-05-28","28888.000",536211,455136,226646,"0.1240","14857617632","1.5070","0.62100","9.730","550363484294",200604,"507.5240",88240,"43.864","1.263",707111,"15.743"
"2022-05-29","29144.000",513424,411266,207710,"0.1230","10455068949","1.3980","0.49700","9.664","555265568356",211510,"483.5990",91398,"49.911","1.059",666326,"15.712"
"2022-05-30","30589.000",670176,491646,271665,"0.1340","18159871429","1.5020","0.47100","9.351","582834510104",253844,"623.8190",132114,"58.087","1.368",811109,"15.715"
"2022-05-31","31711.000",688068,528798,276127,"0.1350","40482295546","1.5740","0.52600","9.863","604246754594",517073,"625.7490",125285,"60.105","1.480",832945,"15.620"
"2022-06-01","31096.000",700546,533129,272029,"0.1250","37907782557","2.1510","0.81900","10.588","592549114910",402761,"614.9130",117717,"55.350","2.166",835201,"15.640"
"2022-06-02","30043.000",766096,515625,264776,"0.1280","27239451512","2.2150","0.93200","11.520","572499059381",255642,"538.6070",110093,"50.965","2.439",786295,"15.618"
"2022-06-03","29998.000",661919,533104,267374,"0.1350","27342342206","2.0300","0.84700","10.070","571668301077",226356,"555.9390",109165,"51.250","1.985",814611,"15.550"
"2022-06-04","29703.000",552016,449713,218490,"0.1290","11707773480","1.7100","0.71700","10.360","566078190743",179438,"476.1770",94923,"36.486","1.428",706723,"15.426"
"2022-06-05","29819.000",485957,418269,201195,"0.1260","7629494612","1.4010","0.54100","9.863","568322779673",224329,"454.0930",99970,"44.125","1.026",653747,"15.482"
"2022-06-06","31237.000",675438,497765,268771,"0.1370","17606443857","1.4760","0.52500","9.600","595364271341",258582,"567.1320",129536,"52.362","1.337",839035,"15.408"
"2022-06-07","30021.000",595798,502994,263479,"0.1280","28645989069","1.3420","0.40300","8.889","572215408758",283657,"571.9630",141948,"55.315","1.151",820759,"15.471"
"2022-06-08","30479.000",509398,513884,261419,"0.1350","21151208150","1.2620","0.43000","8.090","580983710860",219873,"554.9360",132658,"49.068","0.964",805542,"15.470"
"2022-06-09","30258.000",624614,522870,261959,"0.1140","18134234548","1.1630","0.38400","9.863","576796850039",189097,"516.1820",111562,"46.812","1.092",773715,"15.483"
"2022-06-10","29674.000",616790,522898,261709,"0.1220","31770161410","1.5390","0.53700","9.796","565694968036",273740,"556.8880",120200,"48.185","1.456",794081,"15.471"
"2022-06-11","28886.000",559240,457731,229848,"0.1250","14859783783","1.4180","0.52500","9.351","550712169858",278289,"509.9520",116548,"41.245","1.159",741559,"15.445"
"2022-06-12","27638.000",601309,430104,215346,"0.1050","20794155427","1.2460","0.46000","11.339","526925227954",303432,"479.4750",120204,"61.358","1.209",655076,"15.407"
"2022-06-13","24248.000",800232,517128,272370,"0.1090","105139301698","2.5060","0.96400","10.827","462326514900",707762,"823.7870",226032,"159.942","3.277",852762,"15.344"
"2022-06-14","22160.000",801904,527741,283085,"0.0936","193792892863","2.0420","0.77600","9.863","422525933255",1072297,"603.6310",177975,"153.843","2.781",965950,"15.648"
"2022-06-15","21325.000",705312,541079,296147,"0.1000","189497769959","1.8550","0.72400","8.727","406622855752",1273427,"550.2990",168679,"146.816","2.439",936711,"15.778"
"2022-06-16","21436.000",745796,509914,251134,"0.0791","162221596638","1.9940","0.82200","12.101","408764994693",1147059,"543.0730",152572,"123.895","3.047",765935,"15.811"
"2022-06-17","20678.000",799859,512895,251466,"0.0817","137591035319","1.7930","0.75600","13.333","394327852515",962940,"537.9120",132098,"109.121","3.131",718002,"15.756"
"2022-06-18","19340.000",623960,487769,247734,"0.0975","123738187273","1.6340","0.65400","9.231","368832378877",824387,"555.5640",209849,"129.825","2.103",805809,"15.643"
"2022-06-19","19264.000",561829,415515,199644,"0.0715","65086410500","1.2420","0.47200","10.827","367396252949",486533,"463.4980",177172,"152.435","1.525",640147,"15.700"
"2022-06-20","20292.000",619921,454971,236504,"0.0837","65267033334","1.3010","0.46900","10.909","387014414189",379523,"517.9130",162743,"118.320","1.805",690505,"15.630"
"2022-06-21","21000.000",618388,490220,254288,"0.0930","57536877903","1.3470","0.50100","9.600","400547628136",344825,"532.8360",144041,"101.401","1.711",787004,"15.662"
"2022-06-22","20310.000",701097,496440,255343,"0.0821","41517880027","1.3490","0.54800","11.163","387400288696",258131,"506.1680",132512,"89.639","2.061",733774,"15.594"
"2022-06-23","20512.000",591882,491723,255061,"0.0972","36722430147","1.1910","0.46600","9.474","391257136835",235879,"487.4100",128157,"78.796","1.536",756757,"15.616"
"2022-06-24","21085.000",712905,507031,254219,"0.0834","53714472731","1.3400","0.50500","11.163","402208970323",303093,"512.8440",124250,"73.377","1.966",738168,"15.603"
"2022-06-25","21256.000",681650,439890,217866,"0.0942","22333178410","1.3060","0.48600","9.536","405500208624",172527,"424.9240",128224,"51.425","1.399",649763,"15.601"
"2022-06-26","21362.000",907667,413581,206617,"0.0904","15258631349","1.3170","0.48100","10.435","407540992427",141816,"390.0230",118914,"60.440","1.457",612396,"15.595"
"2022-06-27","21046.000",851535,480046,258747,"0.0922","42602435650","1.1700","0.39000","10.588","401519661417",242356,"458.0660",154658,"68.650","1.666",786746,"15.582"
"2022-06-28","20700.000",641773,481957,247934,"0.0862","43320734317","1.1770","0.42900","9.863","394938568412",332624,"539.4810",139768,"64.388","1.522",800818,"15.595"
"2022-06-29","20134.000",652005,510364,264928,"0.0905","55431076062","1.0240","0.36500","9.536","384162410373",351546,"540.9120",133115,"67.855","1.408",804545,"15.583"
"2022-06-30","19344.000",580536,546816,271042,"0.0919","65314421647","1.1820","0.42100","8.421","369117871628",337044,"551.8240",147364,"78.277","1.527",839548,"15.534"
"2022-07-01","19522.000",693628,562937,271740,"0.0707","73603768162","1.3000","0.47700","10.746","372522702108",358551,"555.7630",143053,"75.799","2.116",806843,"15.493"
"2022-07-02","19221.000",612836,481938,234958,"0.0868","45463411982","1.0880","0.40600","10.435","366788235461",271541,"445.6410",122785,"52.410","1.519",749831,"15.482"
"2022-07-03","19154.000",463076,429024,206178,"0.0887","44988872977","0.9290","0.32600","9.290","365529004615",309978,"437.8450",108361,"60.715","1.022",635234,"15.475"
"2022-07-04","19496.000",601165,470284,240242,"0.0759","49989909257","1.1000","0.40400","10.070","372082177326",296314,"519.9210",111257,"63.512","1.495",731034,"15.466"
"2022-07-05","19996.000",712699,481105,245711,"0.0808","51882340919","1.6060","0.64900","12.203","381630554526",297440,"561.9920",130932,"64.843","2.607",758557,"15.446"
"2022-07-06","20169.000",758574,540741,266991,"0.0910","47156850603","1.8500","0.80600","11.339","384954811754",254190,"513.0430",125527,"61.258","2.994",857816,"15.402"
"2022-07-07","20767.000",665007,541021,281278,"0.0993","33909303864","1.8000","0.77100","9.172","396388318574",194924,"504.1410",145646,"60.537","2.426",874968,"15.396"
"2022-07-08","21753.000",666354,532102,268183,"0.0922","62562843806","1.8540","0.77300","9.730","415222247108",303550,"520.1700",120842,"60.540","2.413",828816,"15.400"
"2022-07-09","21615.000",576937,457900,220574,"0.0942","35687883671","1.5510","0.70600","10.746","412618065553",235438,"464.5100",107656,"38.747","1.856",687097,"15.463"
"2022-07-10","21134.000",461006,409305,199216,"0.0930","22804803756","1.3510","0.59500","9.412","403459452885",191061,"437.2900",104166,"48.095","1.315",613635,"15.452"
"2022-07-11","20470.000",659935,462903,229359,"0.0813","78591532630","1.3700","0.50400","11.707","390800617660",413229,"550.9310",119029,"56.547","1.958",719333,"15.408"
"2022-07-12","19759.000",645852,514406,275227,"0.0953","73086561524","1.2460","0.47100","9.536","377228305595",330627,"478.2230",107710,"56.966","1.807",834279,"15.488"
"2022-07-13","19603.000",700720,474871,222547,"0.0747","89178695182","2.0280","0.86300","13.091","374281502544",469047,"545.0100",114287,"55.909","3.242",688087,"15.444"
"2022-07-14","20173.000",814337,539928,286770,"0.0953","48045789395","2.2170","1.01600","11.613","385168126009",223547,"493.8910",116890,"55.263","3.909",859784,"15.435"
"2022-07-15","20781.000",693547,525361,269127,"0.0982","59883467534","2.0130","0.92100","10.141","396804328330",278735,"519.5340",103145,"50.595","2.854",837059,"15.460"
"2022-07-16","20866.000",542490,461140,226490,"0.0922","43617051275","1.6840","0.81900","9.730","398447667319",251344,"454.8580",105801,"37.481","1.939",661512,"15.479"
"2022-07-17","21223.000",607090,406862,202033,"0.0859","23397955422","1.6600","0.70400","11.613","405265846058",179484,"431.5890",110126,"44.570","1.999",614943,"15.559"
"2022-07-18","21806.000",662786,470715,247764,"0.0959","50827175156","1.9640","0.76300","10.992","416429970602",291174,"559.5330",162147,"57.986","2.654",753821,"15.539"
"2022-07-19","22514.000",746068,521233,279812,"0.1060","54158175038","2.1470","0.83900","10.435","429955573856",267583,"544.3640",166338,"55.337","3.002",880113,"15.520"
"2022-07-20","23568.000",717017,500290,260069,"0.0996","43099652584","2.3240","1.02700","11.429","450105349864",233186,"592.9040",164476,"61.340","3.155",764943,"15.476"
"2022-07-21","22936.000",719470,536651,273837,"0.1070","55694552143","2.0260","0.93600","10.360","438065972212",314853,"498.4890",161933,"64.891","2.711",826508,"15.641"
"2022-07-22","23145.000",661528,516241,263144,"0.1040","58396613839","1.9130","0.84800","10.909","442078348677",284696,"519.8320",129257,"52.280","2.570",711027,"15.624"
"2022-07-23","22512.000",516219,455915,223590,"0.1190","48523910004","1.3540","0.57900","9.351","430003833547",267149,"449.8880",121141,"44.379","1.379",673523,"15.628"
"2022-07-24","22645.000",467714,404918,199762,"0.1030","26634062283","1.2100","0.44300","9.172","432567983234",192584,"446.1160",96410,"41.401","1.077",629918,"15.628"
"2022-07-25","21960.000",652878,492223,253275,"0.0930","68722835939","1.0980","0.32700","10.141","419495134624",325345,"521.0400",111431,"49.589","1.407",763738,"15.629"
"2022-07-26","21031.000",611243,520021,264701,"0.1010","77515182233","1.1570","0.37600","9.000","401776630943",413883,"497.4290",116187,"50.169","1.436",839236,"15.640"
"2022-07-27","21639.000",548527,509688,255765,"0.0997","61163483505","1.0280","0.33300","8.727","413417816568",317164,"509.5020",113900,"46.897","1.165",789113,"15.608"
"2022-07-28","23310.000",726146,545454,287113,"0.1010","50058942567","1.3100","0.48700","10.213","445353335079",257944,"513.4960",127418,"50.171","1.800",869493,"15.617"
"2022-07-29","23887.000",684817,559884,281462,"0.1120","56491194582","1.2870","0.47600","9.863","456401802523",290624,"510.0190",116986,"48.685","1.636",787721,"15.609"
"2022-07-30","24035.000",620890,476684,232567,"0.1010","29479967590","1.2900","0.50200","11.163","459250288248",186495,"449.5720",114699,"41.984","1.525",673691,"15.645"
"2022-07-31","23734.000",495196,439935,208890,"0.1210","19805808712","1.2440","0.44800","9.474","453514155706",177914,"432.2090",130837,"41.109","1.140",675623,"15.637"
"2022-08-01","23227.000",697226,493481,249474,"0.1040","59911838221","1.3450","0.45700","10.588","443852152964",321295,"557.4470",122241,"37.380","1.673",770268,"15.611"
"2022-08-02","22973.000",605054,515866,266813,"0.1040","64370648505","1.3070","0.44900","9.290","439027981115",331270,"530.6990",113295,"36.649","1.543",830493,"15.624"
"2022-08-03","23177.000",693816,540331,281892,"0.1040","81824320360","1.2810","0.49000","9.931","442943386357",357279,"506.0120",115306,"35.278","1.691",852536,"15.606"
"2022-08-04","22850.000",748202,549086,279575,"0.1040","63362645124","1.4360","0.58300","10.909","436707594173",302794,"467.3420",106506,"33.533","2.086",823473,"15.619"
"2022-08-05","23064.000",623229,543822,268313,"0.1070","84130618744","1.6840","0.67500","9.600","440818339547",380641,"509.4440",113397,"33.265","2.048",817742,"15.579"
"2022-08-06","23192.000",535456,485526,237516,"0.1120","40182747686","1.3230","0.53400","8.944","443300651898",232001,"447.0390",97751,"27.905","1.330",767076,"15.581"
"2022-08-07","23078.000",452568,411112,196002,"0.1000","16546430856","1.3070","0.52400","9.057","441142040763",146547,"414.9950",100038,"30.008","1.106",638375,"15.576"
"2022-08-08","23788.000",633712,514429,256438,"0.1000","105556244202","1.4400","0.55900","10.000","454729874741",513421,"527.5990",130487,"33.413","1.696",771593,"15.577"
"2022-08-09","23444.000",656614,506553,256090,"0.1080","68880762450","2.1000","0.89200","10.070","448181747475",364510,"536.5570",116106,"31.132","2.504",819768,"15.592"
"2022-08-10","23401.000",664006,519430,264418,"0.1060","84517064878","1.6870","0.68200","9.730","447373145765",416545,"512.9630",126500,"32.894","2.021",932183,"15.607"
"2022-08-11","24376.000",706929,573545,287216,"0.1090","65172881643","1.5830","0.65600","10.286","466039906233",324329,"504.8230",150601,"33.165","2.088",863085,"15.605"
"2022-08-12","23979.000",638365,565080,273507,"0.1140","37880688062","1.5160","0.60900","9.351","458460471553",224003,"494.8020",152281,"29.413","1.765",823951,"15.565"
"2022-08-13","24491.000",580425,495953,233169,"0.1040","23090920110","1.2150","0.47700","10.360","468283321132",185411,"461.1260",97319,"26.250","1.315",738655,"15.570"
"2022-08-14","24509.000",610705,438453,205217,"0.1160","15056704109","0.9480","0.22000","10.827","468650993391",147063,"451.6250",105992,"27.778","0.947",725996,"15.551"
"2022-08-15","24266.000",623621,491629,241789,"0.1070","60797495719","1.0550","0.22100","9.931","464021806042",345913,"531.0900",123834,"28.930","1.148",787557,"15.513"
"2022-08-16","23972.000",662398,534442,273748,"0.1090","58684877801","1.0330","0.31400","9.730","458421867710",288027,"500.1550",128725,"26.622","1.260",906269,"15.587"
"2022-08-17","23706.000",714954,516411,255998,"0.0964","62729084972","1.4060","0.46800","11.163","453348702130",322760,"528.4240",134282,"29.566","1.849",777875,"15.606"
"2022-08-18","23416.000",756463,543484,291777,"0.1170","37947518049","1.1990","0.42500","10.000","447821820748",198336,"400.2600",101200,"25.449","1.634",883486,"15.571"
"2022-08-19","21851.000",572958,586777,279732,"0.1070","78497486790","1.0800","0.37200","8.090","417916827906",354580,"473.9380",132626,"31.469","1.229",860776,"15.544"
"2022-08-20","21170.000",536035,481942,222573,"0.0827","72465295933","0.8600","0.29600","9.664","404921158275",404306,"422.4980",108997,"25.924","0.962",717662,"15.547"
"2022-08-21","21368.000",503826,439333,205289,"0.0974","34351948058","0.8250","0.25500","9.863","408728004212",232644,"406.8100",99167,"24.283","0.861",683023,"15.547"
"2022-08-22","21263.000",614410,497169,250389,"0.0937","89904602054","0.8960","0.30900","9.931","406741725285",436452,"499.6960",122386,"26.480","1.151",760219,"15.557"
"2022-08-23","21389.000",549978,509548,256756,"0.1060","76065157130","0.9570","0.33400","8.372","409174401775",431286,"498.1950",116940,"24.551","1.058",800389,"15.565"
"2022-08-24","21472.000",631481,520013,256460,"0.0846","53374514390","0.8190","0.26800","9.863","410779569122",301578,"491.7860",118005,"22.442","1.061",808626,"15.536"
"2022-08-25","21598.000",585934,528951,260301,"0.1040","42386106317","0.9040","0.29000","9.057","413201114984",269781,"494.3890",108145,"22.636","1.085",795590,"15.508"
"2022-08-26","21173.000",546176,557123,262546,"0.0955","37387548973","0.9130","0.30800","8.182","405089548996",234248,"485.9450",108883,"22.059","1.019",809482,"15.523"
"2022-08-27","20119.000",582243,491961,225275,"0.0872","43545819097","0.7850","0.25800","9.931","384953915604",267655,"419.3360",100340,"22.101","0.961",754278,"15.543"
"2022-08-28","19994.000",472987,442376,201948,"0.0878","25514298699","0.7420","0.22800","8.944","382580639226",178303,"404.4170",99479,"21.243","0.740",650579,"15.536"
"2022-08-29","19971.000",618180,510308,252078,"0.0928","58894316395","0.8720","0.29000","9.172","382163730162",293303,"490.2590",115810,"24.568","1.110",795415,"15.509"
"2022-08-30","20141.000",601832,525554,262283,"0.0910","50476607774","0.9290","0.30500","8.889","385429812884",264785,"500.2140",102764,"22.599","1.182",811303,"15.485"
"2022-08-31","20199.000",664089,521153,260279,"0.0797","64754465365","1.0130","0.32700","9.863","386563961229",329143,"512.9220",111395,"17.726","1.411",786078,"15.514"
"2022-09-01","19969.000",691961,550033,267884,"0.0801","64546094424","1.0970","0.37200","10.435","382172240499",312817,"512.7930",103669,"21.378","1.679",812630,"15.535"
"2022-09-02","20088.000",758572,579716,270459,"0.0799","58229671487","1.3580","0.50500","11.163","384473613636",290513,"483.0260",104870,"16.933","2.218",847453,"15.561"
"2022-09-03","19840.000",644226,522197,242450,"0.0954","22465591129","1.1880","0.49200","9.796","379740676842",161289,"394.8300",87621,"14.750","1.557",850479,"15.565"
"2022-09-04","19799.000",480553,436664,204370,"0.0793","32612635107","1.0140","0.39400","8.571","378982409320",244069,"398.4830",83846,"14.979","0.988",684203,"15.555"
"2022-09-05","19790.000",630401,497664,250026,"0.0794","64191394922","1.1120","0.41200","9.412","378823892896",345023,"461.2020",99478,"16.467","1.449",797175,"15.575"
"2022-09-06","19605.000",669806,528478,267983,"0.0764","100335348131","1.1190","0.41800","10.141","375290017124",470580,"485.4120",111495,"18.559","1.695",787912,"15.546"
"2022-09-07","18900.000",673514,545082,265093,"0.0782","88448687883","1.0540","0.39900","9.863","361814230661",412931,"495.4370",120149,"21.339","1.595",823091,"15.553"
"2022-09-08","19254.000",750800,563611,262736,"0.0761","64637958318","1.1280","0.43100","11.339","368618090657",361630,"489.7440",115472,"17.713","1.903",780850,"15.583"
"2022-09-09","20722.000",748033,619521,290702,"0.0895","50636855303","1.2490","0.46100","9.796","396729976997",294453,"475.1280",122983,"24.093","1.872",886859,"15.609"
"2022-09-10","21389.000",566328,532269,241779,"0.0868","27501241879","1.0980","0.40700","9.172","409524903389",206265,"427.3920",103559,"20.007","1.250",757405,"15.613"
"2022-09-11","21610.000",466140,497381,220178,"0.0956","11175600821","1.0030","0.36600","7.869","413789683093",128381,"402.0140",98651,"19.552","0.886",763857,"15.606"
"2022-09-12","22126.000",657006,529198,268818,"0.0868","29948206324","1.0680","0.37200","9.412","423681139854",199474,"500.6520",123710,"22.582","1.339",876034,"15.621"
"2022-09-13","21546.000",674199,528925,259971,"0.0801","43545552881","1.2900","0.48700","10.511","412600504244",236486,"509.2690",132658,"23.861","1.786",854905,"15.567"
"2022-09-14","20222.000",758815,548851,270182,"0.0820","70857688398","1.2810","0.52300","11.339","387262424905",342373,"477.4700",104602,"23.274","2.112",843315,"15.606"
"2022-09-15","19990.000",668067,561034,276894,"0.0833","59017981543","1.2490","0.54700","9.796","382832409653",293771,"464.9630",97392,"22.551","1.850",841579,"15.630"
"2022-09-16","19705.000",716263,580490,261233,"0.0720","43688131138","1.4390","0.62500","11.250","377388249556",235192,"455.8820",94594,"21.010","2.330",762685,"15.639"
"2022-09-17","19946.000",546136,525648,247693,"0.0920","25402802923","1.3570","0.59800","8.471","382034097312",149876,"387.9110",89938,"18.401","1.562",818090,"15.659"
"2022-09-18","19865.000",502609,459241,212242,"0.0738","22220142869","1.1400","0.47100","9.351","380489373193",183312,"397.1070",93136,"18.143","1.250",673130,"15.674"
"2022-09-19","19002.000",673174,506755,253665,"0.0678","72695053460","0.9820","0.35200","11.077","363991661087",363115,"497.6660",117690,"25.417","1.589",779201,"15.714"
"2022-09-20","19183.000",636779,527506,269621,"0.0824","50435618927","1.0490","0.40300","9.474","367473578824",320194,"466.0880",128782,"22.507","1.529",840656,"15.587"
"2022-09-21","19014.000",631237,514263,260783,"0.0735","58779531521","1.0210","0.39900","10.213","364244533079",339193,"483.2300",151590,"23.893","1.565",774631,"15.622"
"2022-09-22","18974.000",661123,503153,245666,"0.0696","46106665140","0.9980","0.39700","11.250","363492925604",267825,"492.8290",124415,"22.812","1.590",769453,"15.647"
"2022-09-23","19062.000",739557,565412,281284,"0.0807","35425146206","1.0680","0.43200","10.667","365204952291",194580,"459.4800",107393,"21.647","1.834",831346,"15.763"
"2022-09-24","19078.000",549972,491731,227894,"0.0797","15918209131","0.9380","0.36700","9.863","365524715359",131658,"394.4300",100957,"18.943","1.214",699520,"15.774"
"2022-09-25","18985.000",522379,479475,211862,"0.0739","20819547344","0.9420","0.38400","9.796","363751520145",161751,"373.0500",99191,"17.955","1.132",675358,"15.768"
"2022-09-26","19013.000",636617,503764,259161,"0.0769","40297776852","1.0610","0.40800","9.600","364319037384",223102,"445.7810",124507,"21.153","1.520",792064,"15.776"
"2022-09-27","19740.000",767417,535899,270988,"0.0764","36265630386","1.2220","0.47300","11.163","378257982518",204061,"491.3780",129870,"21.259","2.040",790881,"15.773"
"2022-09-28","19119.000",599854,510582,263898,"0.0802","45114714471","1.0170","0.41000","9.600","366368479151",235062,"464.0010",121853,"20.293","1.476",749008,"15.781"
"2022-09-29","19398.000",669792,540513,267199,"0.0758","34050020897","1.0800","0.43100","10.070","371742249677",201446,"473.9650",125181,"20.240","1.638",738477,"15.787"
"2022-09-30","19527.000",610945,599659,286503,"0.0864","31175037313","1.1300","0.45700","8.521","374232026380",176271,"451.2330",122873,"18.732","1.547",851105,"15.730"
"2022-10-01","19328.000",496723,527799,241812,"0.0822","15728519610","0.9840","0.38200","7.956","370447248617",115819,"399.7180",90812,"16.022","1.077",774046,"15.691"
"2022-10-02","19231.000",517865,470481,213489,"0.0700","13670936042","0.8140","0.25100","9.172","368593249738",107793,"377.8090",91981,"15.505","0.913",731944,"15.654"
"2022-10-03","19310.000",646623,526799,273666,"0.0787","28498947649","0.8100","0.24600","9.351","370133121375",170825,"481.6540",110767,"18.756","1.179",871891,"15.671"
"2022-10-04","19938.000",592367,532410,278581,"0.0807","33677323584","0.7340","0.22600","8.834","382181703511",176710,"470.3280",126937,"18.944","0.997",821064,"15.624"
"2022-10-05","20127.000",516042,526048,266846,"0.0797","27366285303","0.6950","0.19900","8.229","385831049564",161694,"470.9370",110730,"17.643","0.836",766412,"15.567"
"2022-10-06","20154.000",611982,549114,278045,"0.0827","16325069581","0.7380","0.22500","9.057","386379557029",124513,"447.1810",107362,"17.020","1.014",813053,"15.539"
"2022-10-07","19771.000",643658,550749,270020,"0.0840","22074418948","0.7750","0.22300","8.421","379045055025",130221,"456.9050",102523,"17.914","0.982",815657,"15.567"
"2022-10-08","19490.000",464821,503092,235323,"0.0791","18676723342","0.5530","0.13800","8.229","373690621011",120222,"388.2850",92336,"15.371","0.608",720036,"15.559"
"2022-10-09","19445.000",480214,454465,211080,"0.0715","20038333513","0.5460","0.11800","9.114","372835078100",139276,"377.1610",96752,"14.853","0.598",668223,"15.560"
"2022-10-10","19328.000",548569,499452,258118,"0.0780","31363523007","0.6060","0.14100","8.571","370610348125",173372,"430.5460",118872,"17.686","0.765",776001,"15.568"
"2022-10-11","19070.000",580630,513485,266294,"0.0640","34321979469","0.6330","0.17300","9.172","365683611590",190090,"448.6130",111814,"18.174","0.894",769081,"15.582"
"2022-10-12","19117.000",649768,524528,261059,"0.0623","33001301864","0.6910","0.21700","10.511","366613742500",174176,"438.3030",112252,"17.063","1.090",795387,"15.582"
"2022-10-13","19029.000",786187,560076,280950,"0.0736","35784924168","1.0020","0.35700","10.070","364939176795",185447,"452.5100",128680,"19.678","1.629",811479,"15.595"
"2022-10-14","19519.000",809070,560045,284492,"0.0696","25617278041","1.0270","0.36200","9.231","374360068605",135742,"462.5310",110540,"18.394","1.513",833114,"15.631"
"2022-10-15","19143.000",579120,494052,241606,"0.0692","8455873616","0.7370","0.25300","9.474","367154660031",71038,"382.5860",105449,"15.099","0.970",756514,"15.642"
"2022-10-16","19164.000",530870,452274,212775,"0.0629","7304107476","0.7400","0.24800","10.000","367583091648",75272,"380.1480",105755,"14.647","0.905",652069,"15.634"
"2022-10-17","19397.000",609248,490835,260321,"0.0722","13800839120","0.9720","0.39500","9.600","372072419687",113763,"471.8290",116159,"16.660","1.373",746463,"15.617"
"2022-10-18","19476.000",810379,493940,257552,"0.0684","17169792452","1.2650","0.45800","10.141","373609221232",170000,"482.5240",111263,"17.035","1.850",765662,"15.614"
"2022-10-19","19216.000",864542,492845,263366,"0.0698","23037744427","1.2210","0.43000","9.536","368626822643",171025,"457.5460",108343,"16.400","1.743",792537,"15.623"
"2022-10-20","19122.000",637149,512094,263841,"0.0670","19108086573","0.9260","0.37200","9.931","366839561245",128788,"442.7340",105699,"16.705","1.392",774700,"15.610"
"2022-10-21","19063.000",640477,542202,270585,"0.0701","22183781194","0.8310","0.29900","9.231","365727195696",131159,"448.6710",104532,"17.073","1.196",777825,"15.605"
"2022-10-22","19176.000",604395,490488,232961,"0.0610","15014226715","0.7640","0.29700","10.588","367913284120",103735,"373.1890",98768,"14.146","1.080",695994,"15.612"
"2022-10-23","19264.000",507659,467452,217717,"0.0725","10073497000","0.6860","0.22500","9.290","369620460731",114748,"381.8780",105347,"14.464","0.795",659448,"15.597"
"2022-10-24","19356.000",694992,501008,264350,"0.0662","15556748428","0.8750","0.32200","10.588","371399898165",135014,"459.5650",101951,"16.632","1.387",760323,"15.596"
"2022-10-25","19592.000",662417,480962,248418,"0.0614","20072930284","1.3250","0.54900","11.803","375952438735",149113,"498.2250",156531,"18.080","2.157",679333,"15.559"
"2022-10-26","20542.000",738348,550058,305914,"0.0823","27465065765","1.5810","0.66900","9.290","394200039187",172537,"445.2330",445,"19.215","2.374",931532,"15.543"
"2022-10-27","20629.000",697009,526163,267860,"0.0656","23578536109","1.3370","0.59400","10.667","395890628237",204260,"459.9960",122551,"17.641","2.017",768925,"15.555"
"2022-10-28","20391.000",618956,557336,282876,"0.0782","15814431271","1.3500","0.58700","9.057","391334829616",131120,"439.3750",101452,"16.929","1.850",817439,"15.560"
"2022-10-29","20785.000",620090,553052,252518,"0.0657","14985881643","1.2070","0.52900","10.070","398917440072",151920,"381.4660",96943,"15.939","1.615",767361,"15.542"
"2022-10-30","20726.000",601885,489146,222003,"0.0718","8175707923","1.1890","0.49500","10.667","397805071937",123438,"393.4750",93623,"15.269","1.488",716084,"15.543"
"2022-10-31","20514.000",592939,538834,283952,"0.0795","19301283859","1.1130","0.46600","8.324","393748306956",151745,"463.2680",130807,"17.682","1.406",834300,"15.586"
"2022-11-01","20504.000",682807,535109,276048,"0.0659","23544714207","1.1110","0.43300","10.000","393581851627",156863,"480.4400",117865,"16.266","1.635",808891,"15.600"
"2022-11-02","20412.000",689706,510094,257345,"0.0605","31507540551","1.3260","0.58100","11.803","391836951903",195159,"481.9860",117496,"16.650","2.147",756951,"15.645"
"2022-11-03","20255.000",630867,585083,296875,"0.0808","45195051644","1.2910","0.57800","8.780","388842567992",233775,"427.0640",108848,"16.430","1.813",898568,"15.664"
"2022-11-04","20697.000",722422,569110,281386,"0.0648","55310727499","1.4460","0.61900","11.163","397336842705",270431,"483.7300",121704,"16.905","2.381",785545,"15.321"
"2022-11-05","21335.000",623564,531530,257047,"0.0803","22313770626","1.3300","0.59600","9.536","409606856170",158670,"407.0220",109155,"16.323","1.670",810278,"15.329"
"2022-11-06","21220.000",592105,467850,223267,"0.0670","67110572358","1.3080","0.51400","10.511","407427041766",370991,"405.9690",99840,"14.476","1.583",711468,"15.341"
"2022-11-07","20772.000",646060,507463,264725,"0.0710","56669360773","1.2470","0.51100","10.000","398831265506",307892,"497.9820",114921,"16.907","1.736",744995,"15.359"
"2022-11-08","19570.000",649889,555614,295615,"0.0769","14345414589","1.4480","0.58900","8.834","375768391076",140775,"500.8090",143108,"24.830","2.104",909729,"15.343"
"2022-11-09","17519.000",707950,553177,292116,"0.0593","21695131132","1.4970","0.57700","9.664","336404490284",222458,"584.3830",196136,"45.618","2.612",876366,"15.277"
"2022-11-10","16915.000",712819,573050,292684,"0.0567","28727350064","1.4070","0.60300","9.796","324822195191",226412,"504.0250",152541,"48.537","2.582",903069,"15.174"
"2022-11-11","16812.000",725918,558081,284333,"0.0614","24137799047","1.2970","0.53900","10.746","322862676237",241412,"461.0580",124161,"39.693","2.553",847155,"15.142"
"2022-11-12","16850.000",599293,502220,239087,"0.0597","10094731040","1.1400","0.45300","8.623","323604691883",176900,"397.8910",111941,"36.969","1.528",772594,"15.175"
"2022-11-13","16653.000",681895,463550,227515,"0.0538","7818085492","1.1980","0.41900","11.163","319844026160",246726,"412.8750",106990,"33.675","1.991",751329,"15.126"
"2022-11-14","16459.000",741080,469623,242293,"0.0525","11873708767","1.5520","0.55300","11.707","316132745822",216093,"531.6660",145064,"37.161","2.888",847020,"15.107"
"2022-11-15","16830.000",885462,528753,282935,"0.0682","11848997824","2.1600","0.77700","9.290","323277112685",160824,"508.0070",126661,"32.033","3.615",876493,"15.173"
"2022-11-16","16700.000",894676,505923,268223,"0.0597","10584624871","2.2120","0.80500","9.600","320795780792",136790,"520.2800",118527,"29.696","3.653",796388,"15.141"
"2022-11-17","16609.000",897199,488192,248327,"0.0548","8615166270","2.3100","0.83000","10.435","319062169989",107513,"517.4730",201128,"29.401","3.853",777739,"15.221"
"2022-11-18","16739.000",874620,541638,281952,"0.0618","12451346985","2.5960","1.07800","10.360","321562177872",106673,"483.4910",129206,"25.625","4.794",838704,"15.269"
"2022-11-19","16645.000",823229,503098,260547,"0.0601","6364521398","1.7280","0.82000","9.796","319768316060",75881,"350.9540",127777,"22.121","2.862",946016,"15.274"
"2022-11-20","16593.000",728648,463097,229774,"0.0566","6701945521","1.4040","0.59700","9.664","318790600943",117904,"390.6130",128270,"20.452","2.046",874147,"15.249"
"2022-11-21","16043.000",777506,503312,270650,"0.0540","8306238391","1.5040","0.64800","11.163","308245104022",103383,"486.0270",156187,"26.716","3.052",817433,"15.234"
"2022-11-22","15946.000",724629,483815,253109,"0.0532","8195513382","1.6870","0.73600","11.429","306380175472",96239,"494.4760",139292,"26.203","3.291",814444,"15.249"
"2022-11-23","16471.000",773006,550268,273856,"0.0602","10214292309","1.7350","0.77500","10.213","316481925830",76404,"454.4730",132170,"23.498","3.172",885018,"15.244"
"2022-11-24","16604.000",797080,518504,254510,"0.0577","6114577059","1.8240","0.81800","11.163","319065718381",60576,"429.4580",131430,"20.772","3.354",835205,"15.236"
"2022-11-25","16495.000",775544,516359,258218,"0.0541","7224811605","1.7280","0.81200","11.707","316979838697",96907,"475.3080",145579,"19.453","3.401",857486,"15.231"
"2022-11-26","16561.000",802707,487987,229626,"0.0571","4898448867","1.7060","0.80900","13.211","318257475890",57282,"388.5090",120721,"16.887","3.357",760447,"15.233"
"2022-11-27","16542.000",623461,452630,222536,"0.0618","4216170374","1.3220","0.61900","10.588","317908358271",51476,"367.4020",169345,"17.053","2.050",743581,"15.259"
"2022-11-28","16214.000",705801,494685,262497,"0.0592","7843656568","1.4170","0.62200","10.360","311620485353",60983,"471.1380",107897,"21.659","2.574",752278,"15.219"
"2022-11-29","16413.000",717977,519226,271381,"0.0549","7091171516","1.4060","0.63200","10.992","315462877165",57015,"479.8720",100130,"21.176","2.762",827469,"15.218"
"2022-11-30","16898.000",679051,519915,271278,"0.0575","6900002052","1.6890","0.83500","10.435","324782476412",53987,"499.5990",133079,"20.340","3.050",798718,"15.219"
"2022-12-01","17059.000",680427,559595,285314,"0.0625","7640487721","1.7530","0.85800","9.412","327903120990",53247,"491.3150",113755,"20.215","2.976",920622,"15.193"
"2022-12-02","16962.000",748371,556040,271600,"0.0543","6353254727","1.7970","0.86100","11.520","326053367339",50842,"471.0160",93412,"18.171","3.554",853202,"15.167"
"2022-12-03","16974.000",709923,526182,250820,"0.0629","3894948231","1.5620","0.76500","10.992","326294386560",46433,"377.8900",83177,"16.892","2.743",813165,"15.179"
"2022-12-04","17017.000",602446,455538,219670,"0.0614","3486304869","1.3090","0.63700","10.286","327128221068",43467,"377.1300",89870,"16.150","1.896",745027,"15.171"
"2022-12-05","17173.000",689312,521110,273918,"0.0628","6709482336","1.3370","0.63400","9.863","330142459079",57790,"495.3160",112551,"18.962","2.286",826359,"15.164"
"2022-12-06","16998.000",696357,515857,262303,"0.0573","6432184199","1.4580","0.62100","10.667","326801054322",52196,"480.3080",120551,"18.274","2.599",787847,"15.186"
"2022-12-07","16885.000",548032,528027,272156,"0.0723","5021404022","1.1370","0.49000","8.372","324650172886",55437,"434.2200",105786,"18.862","1.677",811657,"15.191"
"2022-12-08","16930.000",538376,526317,263671,"0.0615","5394075666","0.9550","0.37900","8.623","325527192230",60422,"415.8370",104067,"19.761","1.406",763358,"15.155"
"2022-12-09","17188.000",676547,539271,265516,"0.0599","6596563793","0.8910","0.31200","9.474","330514415450",56998,"448.2580",96787,"17.383","1.428",829250,"15.167"
"2022-12-10","17159.000",832457,505193,241514,"0.0663","4412027061","0.8710","0.29700","9.351","329972918377",47917,"399.1290",83624,"15.311","1.258",822143,"15.161"
"2022-12-11","17158.000",517261,458999,217641,"0.0622","3914984248","0.6460","0.18200","9.796","329959919210",49561,"364.4030",95331,"16.826","0.884",660245,"15.164"
"2022-12-12","17000.000",634041,501985,262503,"0.0608","6331206442","0.8170","0.24100","10.070","326935318337",56248,"447.9550",107250,"18.099","1.392",759629,"15.114"
"2022-12-13","17464.000",593414,546019,287059,"0.0727","9173977558","0.8040","0.27900","8.727","335887430088",76773,"473.2590",104973,"20.495","1.267",848732,"14.911"
"2022-12-14","17874.000",655189,528884,276293,"0.0599","6955363026","0.9770","0.35900","9.730","343776228722",88716,"478.2600",123880,"20.337","1.607",817036,"14.870"
"2022-12-15","17584.000",676220,555781,276574,"0.0659","7309695416","1.2940","0.45600","10.360","338217446714",65769,"460.5230",111475,"18.898","2.290",781001,"14.889"
"2022-12-16","17100.000",660280,542123,254046,"0.0562","6612437354","1.1150","0.46200","11.077","328931567036",75525,"500.9800",108929,"19.909","1.999",763567,"14.816"
"2022-12-17","16699.000",703268,536035,263062,"0.0679","4970511315","1.1070","0.47100","10.435","321216328776",49982,"361.0970",89303,"17.697","1.982",846989,"14.752"
"2022-12-18","16736.000",511467,439567,212528,"0.0650","3493453597","0.9120","0.37700","9.931","321956223728",55620,"400.5640",81518,"15.485","1.263",691511,"14.731"
"2022-12-19","16679.000",706111,484919,258960,"0.0569","6191115988","1.1640","0.45000","10.588","320876529094",67503,"447.0280",100038,"17.697","2.083",804421,"14.672"
"2022-12-20","16788.000",665567,510455,268753,"0.0630","6787238743","1.1280","0.47000","10.286","322974092809",61942,"449.5100",90756,"18.329","2.022",815486,"14.681"
"2022-12-21","16830.000",653348,515872,272348,"0.0620","6851054725","1.0210","0.41800","10.070","323809163721",53386,"434.2570",88992,"18.329","1.817",782726,"14.673"
"2022-12-22","16779.000",676142,526770,271046,"0.0596","5924481834","1.0610","0.44200","10.667","322835455577",50808,"453.4490",88226,"18.329","1.992",789264,"14.687"
